drug_name,gene_symbol,action
(+)-2-(4-biphenyl)propionic acid,PTGS1,inhibitor
(+)-Rutamarin alcohol,GAPDHS,unknown
(1R)-menthyl hexyl phosphonate group,BCHE,inhibitor
"(1R,2S)-2-Phenylcyclopropanaminium",PRSS1,unknown
(1S)-menthyl hexyl phosphonate group,BCHE,inhibitor
(2R)-2-benzyl-3-nitropropanoic acid,CPA1,unknown
(2S)-2-(1H-indol-3-yl)hexanoic acid,SKP1,unknown
(2S)-2-(1H-indol-3-yl)pentanoic acid,SKP1,unknown
(2s)-Pyrrolidin-2-Ylmethylamine,DPP4,inhibitor
(3-Chloro-4-Propoxy-Phenyl)-Acetic Acid,PTGS1,inhibitor
(3r)-1-Acetyl-3-Methylpiperidine,PPIA,inhibitor
(4-fluorophenyl)(pyridin-4-yl)methanone,LTA4H,inhibitor
"(4R)-limonene 1α,2α-epoxide",LCN9,unknown
"(4R,5R)-1,2-dithiane-4,5-diol",NFKB1,inhibitor
"(4R,5R)-1,2-dithiane-4,5-diol",NFKB2,inhibitor
"(4R,5R)-1,2-dithiane-4,5-diol",REL,inhibitor
"(4R,5R)-1,2-dithiane-4,5-diol",RELA,inhibitor
"(4R,5R)-1,2-dithiane-4,5-diol",RELB,inhibitor
(4e)-4-Aminohex-4-Enoic Acid,ABAT,inhibitor
(4s)-5-Fluoro-L-Leucine,UBB,unknown
(6R)-Folinic acid,FTCD,unknown
(Hydroxyethyloxy)Tri(Ethyloxy)Octane,CLPS,unknown
(Hydroxyethyloxy)Tri(Ethyloxy)Octane,PNLIP,inhibitor
(Hydroxyethyloxy)Tri(Ethyloxy)Octane,RHO,unknown
(R)-1-Para-Nitro-Phenyl-2-Azido-Ethanol,LGALS9,unknown
(R)-3-hydroxydecanoyl-CoA,HSD17B4,unknown
(R)-3-hydroxytetradecanoic acid,LY96,unknown
(R)-3-hydroxytetradecanoic acid,TLR4,inhibitor
(R)-Atenolol,LTF,unknown
(R)-Atenolol,PLA2G2E,unknown
(R)-Bicalutamide,AR,unknown
(R)-N-(1-Methyl-Hexyl)-Formamide,ADH1C,unknown
(R)-N-methyl-N-2-propynyl-1-indanamine,MAOB,inhibitor
(R)-Propylene glycol,LYZ,unknown
(R)-Rolipram,PDE4A,inhibitor
(R)-Rolipram,PDE4B,inhibitor
(R)-Rolipram,PDE4D,unknown
(R)-minalrestat,AKR1B1,unknown
(R)-tacrine(10)-hupyridone,ACHE,inhibitor
"(R,R)-2,3-Butanediol",UBE2D2,unknown
(Rp)-cAMPS,PRKAR1A,unknown
(S)-3-phenyllactic acid,CPA1,unknown
(S)-3-phenyllactic acid,RPL10L,unknown
(S)-3-phenyllactic acid,RPL11,unknown
(S)-3-phenyllactic acid,RPL13A,unknown
(S)-3-phenyllactic acid,RPL15,unknown
(S)-3-phenyllactic acid,RPL19,unknown
(S)-3-phenyllactic acid,RPL23,unknown
(S)-3-phenyllactic acid,RPL23A,unknown
(S)-3-phenyllactic acid,RPL26L1,unknown
(S)-3-phenyllactic acid,RPL3,unknown
(S)-3-phenyllactic acid,RPL37,unknown
(S)-3-phenyllactic acid,RPL8,unknown
(S)-3-phenyllactic acid,RSL24D1,unknown
(S)-3-phenyllactic acid,SNU13,unknown
(S)-4-hydroxymandelonitrile,LCTL,unknown
(S)-AMPA,GRIA1,inhibitor
(S)-AMPA,GRIA2,unknown
(S)-Aspartimide,LYZ,unknown
(S)-DES-ME-AMPA,GRIA2,unknown
(S)-Hmg-Coa,HMGCR,unknown
(S)-Indapamide,CA2,unknown
(S)-Rolipram,PDE4A,inhibitor
(S)-Rolipram,PDE4B,inhibitor
(S)-Rolipram,PDE4D,unknown
(S)-alpha-methyl-4-carboxyphenylglycine,GRM1,antagonist
(S)-alpha-methyl-4-carboxyphenylglycine,GRM2,antagonist
(S)-alpha-methyl-4-carboxyphenylglycine,GRM3,antagonist
(S)-alpha-methyl-4-carboxyphenylglycine,GRM5,antagonist
(S)-blebbistatin,MYH14,unknown
(S)-camphor,TRPA1,inhibitor
(S)-camphor,TRPM8,activator
(S)-camphor,TRPV1,agonist;activator
(S)-camphor,TRPV3,agonist;activator
(S)-carazolol,ADRB2,unknown
(S)-econazole,CYP51A1,unknown
(S)-famoxadone,CYC1,unknown
(S)-famoxadone,MT-CYB,unknown
(S)-famoxadone,UQCR10,unknown
(S)-famoxadone,UQCR11,unknown
(S)-famoxadone,UQCRB,unknown
(S)-famoxadone,UQCRC1,unknown
(S)-famoxadone,UQCRC2,unknown
(S)-famoxadone,UQCRFS1,unknown
(S)-famoxadone,UQCRH,unknown
(S)-famoxadone,UQCRQ,unknown
(S)-tacrine(10)-hupyridone,ACHE,inhibitor
(S)-wiskostatin,WAS,unknown
"(S,R)-fidarestat",AKR1B1,inhibitor
(South)-Methanocarba-Thymidine,TK1,inhibitor
"1,2,4-Triazole",CA2,inhibitor
"1,2,4-Triazole-Carboxamidine",NOS3,inhibitor
"1,2-Benzodiazepine",GABRG3,ligand
"1,2-Benzodiazepine",GABRQ,positive allosteric modulator
"1,2-Benzodiazepine",TSPO,agonist
"1,2-Dihydroxybenzene",CA12,inhibitor
"1,2-Dihydroxybenzene",CA2,inhibitor
"1,2-Dihydroxybenzene",CA4,inhibitor
"1,2-diacyl-sn-glycero-3-phosphoinositol",PITPNA,unknown
"1,3,2-Dioxaborolan-2-Ol",PRSS3,unknown
"1,3-Propanediol",ARF1,unknown
"1,3-diphenylurea",EPHX2,inhibitor
"1,4-Butanediol",MAN1B1,unknown
"1,4-Butanediol",PLA2G2A,inhibitor
"1,4-Butanediol",PLA2G2E,unknown
"1,4-Dideoxy-O2-Sulfo-Glucuronic Acid",ANXA5,unknown
"1,4-Dideoxy-O2-Sulfo-Glucuronic Acid",FGF2,unknown
"1,4-Dioxane",EPN1,unknown
"1,4-Dioxane",TGFB3,unknown
"1,4-Dioxane",TNFSF13B,inhibitor
"1,4-Dithiothreitol",ALDH1A1,unknown
"1,4-Dithiothreitol",AXIN1,unknown
"1,4-Dithiothreitol",CAMK2A,unknown
"1,4-Dithiothreitol",GSTZ1,unknown
"1,4-Dithiothreitol",HMGCR,unknown
"1,4-Dithiothreitol",LGALS1,unknown
"1,4-Dithiothreitol",MSRA,unknown
"1,4-Dithiothreitol",PPIB,unknown
"1,4-Dithiothreitol",TPI1,unknown
"1,4-Dithiothreitol",TRPM7,unknown
"1,4-dithio-alpha-D-glucopyranose",AMY2B,unknown
"1,6-Fructose Diphosphate (Linear Form)",ALDOA,unknown
"1,6-Fructose Diphosphate (Linear Form)",ALDOB,unknown
"1,8-Di-Hydroxy-4-Nitro-Anthraquinone",CSNK2A1,unknown
"1,8-Di-Hydroxy-4-Nitro-Xanthen-9-One",CSNK2A1,unknown
1-(1-phenylcyclopentyl)methylamine,DPP4,inhibitor
"1-(2,2'-bithiophen-5-yl)methanamine",LTA4H,inhibitor
1-(4-thiophen-2-ylphenyl)methanamine,LTA4H,inhibitor
1-(biphenyl-4-ylmethyl)-1H-imidazole,CYP2B6,unknown
"1-Beta-Ribofuranosyl-1,3-Diazepinone",CDA,unknown
1-Deaza-Adenosine,ADA,inhibitor
1-Deoxy-1-Thio-Heptaethylene Glycol,ACHE,inhibitor
1-Dodecanol,FAAH,unknown
"1-Ethyl-Pyrrolidine-2,5-Dione",ERO1B,unknown
"1-Ethyl-Pyrrolidine-2,5-Dione",NSF,unknown
1-Guanidinium-7-Aminoheptane,DHPS,inhibitor
1-Hydroxy-1-Thio-Glycerol,PREP,inhibitor
1-Hydroxy-2-Amino-3-Cyclohexylpropane,REN,inhibitor
1-Hydroxyamine-2-Isobutylmalonic Acid,MMP8,inhibitor
"1-Methyl-2-Oxy-5,5-Dimethyl Pyrrolidine",REN,inhibitor
1-Methylhistidine,ACTA1,unknown
1-Methylimidazole,MB,unknown
1-Testosterone,AR,agonist
1-[4-(hydroxymethyl)phenyl]guanidine,PRSS8,unknown
1-benzylimidazole,CYP11B1,inhibitor
1-benzylimidazole,QPCT,unknown
1-biphenyl-2-ylmethanamine,DPP4,inhibitor
1-deoxymannojirimycin,MAN2A1,unknown
1-hydroxy-2-isopropylguanidine,NOS1,inhibitor
1-naphthaleneacetic acid,SKP1,unknown
"10-Propargyl-5,8-Dideazafolic Acid",DHRS4L1,unknown
"10-Propargyl-5,8-Dideazafolic Acid",NQO2,inhibitor
"10-Propargyl-5,8-Dideazafolic Acid",TYMS,unknown
"10-formyl-5,8,10-trideazafolic acid",GART,inhibitor
10-hydroxycamptothecin,TOP1,inhibitor
12-Bromododecanoic Acid,PAEP,unknown
12-Hydroxydodecanoic Acid,ADH5,unknown
12-Phenylheme,HMOX1,unknown
13-Acetylphorbol,PRKCD,inhibitor
13-deoxydoxorubicin,TOP2A,unknown
"16,17-Androstene-3-Ol",NR1I3,antagonist
16-Bromoepiandrosterone,AR,inhibitor
16-Bromoepiandrosterone,G6PD,unknown
17alpha-Estriol,ESR2,unknown
17alpha-Estriol,NCOA5,unknown
18-methoxycoronaridine,CHRNA2,antagonist
18-methoxycoronaridine,CHRNA3,antagonist
"1D-myo-inositol 1,4,5-trisphosphate",CYTH2,unknown
"1D-myo-inositol 1,4,5-trisphosphate",EPN1,unknown
"1D-myo-inositol 1,4,5-trisphosphate",ITPKA,unknown
"1D-myo-inositol 1,4,5-trisphosphate",ITPR1,inhibitor
"1D-myo-inositol 1,4,5-trisphosphate",ITPR2,inhibitor
"1D-myo-inositol 1,4,5-trisphosphate",ITPR3,inhibitor
"1D-myo-inositol 1,4,5-trisphosphate",PLCD1,unknown
"1D-myo-inositol 1,4,5-trisphosphate",RDX,unknown
"1D-myo-inositol 1,4,5-trisphosphate",SPTBN1,unknown
1alpha-Hydroxyvitamin D5,REN,agonist
1h-Benoximidazole-2-Carboxylic Acid,CTSD,inhibitor
"2',3'-Dideoxyadenosine triphosphate",DNTT,unknown
"2',3'-Dideoxythymidine-5'-Monophosphate",DTYMK,unknown
2'-Deoxyguanosine-5'-Diphosphate,NME1,unknown
2'-Deoxyguanosine-5'-Triphosphate,NME1,unknown
2'-Deoxyuridine,TK1,inhibitor
2'-Deoxyuridine 3'-Monophosphate,RNASE1,unknown
2'-Deoxyuridine 3'-Monophosphate,RNASE4,unknown
2'-Monophosphoadenosine-5'-Diphosphate,PDF,inhibitor
2'-Monophosphoadenosine-5'-Diphosphate,RNASE1,unknown
2'-O-Acetyl Adenosine-5-Diphosphoribose,SIRT5,unknown
2'-cytidylic acid,RNASE1,unknown
2(S)-Amino-6-Boronohexanoic Acid,ARG1,unknown
"2,2-Dimethylbutyrate",HBA1,inducer
"2,3,-Dihydroxybenzoylserine",LCN2,unknown
"2,3,4,5,6-Pentafluorobenzyl Alcohol",ADH1C,unknown
"2,3,5,6-Tetrafluoro-4-Methoxy-Benzamide",LGALS3,inhibitor
"2,3-Difluorobenzyl Alcohol",ADH1C,unknown
"2,3-Dihydroxy-Benzoic Acid",LCN2,unknown
"2,4,6-Triaminoquinazoline",DHRS4L1,unknown
"2,4-Diamino-5-phenyl-6-ethylpyrimidine",TYMS,unknown
"2,4-Dihydroxy-Trans Cinnamic Acid",CTRB1,unknown
"2,4-thiazolidinedione",PPARG,agonist
"2,5-Anhydroglucitol-1,6-Biphosphate",FBP1,inhibitor
"2,5-Anhydroglucitol-1,6-Biphosphate",FBP2,inhibitor
"2,5-Dimethoxy-4-ethylamphetamine",HTR2A,inhibitor
"2,5-Dimethoxy-4-ethylthioamphetamine",HTR2A,agonist
"2,5-Dimethoxy-4-ethylthioamphetamine",HTR2C,agonist
"2,5-Dimethoxyamphetamine",HTR1A,inhibitor
"2,5-Dimethoxyamphetamine",HTR1D,inhibitor
"2,5-Dimethoxyamphetamine",HTR2A,inhibitor
"2,5-di-tert-butylhydroquinone",ATP2A1,unknown
"2,6-Diamino-Hexanoic Acid Amide",ADCYAP1,unknown
"2,6-Difluorobenzenesulfonamide",CA2,inhibitor
"2,6-dicarboxynaphthalene",HBA1,inhibitor
"2,6-dicarboxynaphthalene",HBB,unknown
2-(1H-pyrazol-3-yl)-1H-benzimidazole,AURKA,inhibitor
2-(N-morpholino)ethanesulfonic acid,ACHE,inhibitor
2-(N-morpholino)ethanesulfonic acid,ARL3,unknown
2-(N-morpholino)ethanesulfonic acid,ASL,unknown
2-(N-morpholino)ethanesulfonic acid,B4GALT1,unknown
2-(N-morpholino)ethanesulfonic acid,BCHE,inhibitor
2-(N-morpholino)ethanesulfonic acid,CMA1,inhibitor
2-(N-morpholino)ethanesulfonic acid,GSTP1,unknown
2-(N-morpholino)ethanesulfonic acid,HSD11B1,inhibitor
2-(N-morpholino)ethanesulfonic acid,IRGC,unknown
2-(N-morpholino)ethanesulfonic acid,L3MBTL1,unknown
2-(N-morpholino)ethanesulfonic acid,PDF,inhibitor
2-(N-morpholino)ethanesulfonic acid,PRDX6,unknown
2-(N-morpholino)ethanesulfonic acid,QDPR,unknown
2-(N-morpholino)ethanesulfonic acid,SFTPA1,unknown
2-(Oxalyl-Amino)-Benzoic Acid,PTPN1,inhibitor
2-(Sec-Butyl)Thiazole,LCN9,unknown
2-(cyclohexylamino)benzoic acid,CHEK1,inhibitor
2-Amino-1H-benzimidazol-5-ol,PLAU,inhibitor
2-Amino-3-Oxo-4-Sulfo-Butyric Acid,STS,unknown
2-Amino-6-Chloropyrazine,CDK2,inhibitor
"2-Amino-N,3,3-Trimethylbutanamide",MMP9,unknown
2-Aminobenzyl alcohol,CFD,unknown
2-Aminoethanimidic Acid,CTSB,unknown
2-Aminopropanedioic Acid,ATM,inhibitor
2-Aminothiazoline,NOS1,inhibitor
2-Aminothiazoline,NOS2,inhibitor
2-Aminothiazoline,NOS3,inhibitor
2-Benzyl-3-Iodopropanoic Acid,CPA1,unknown
2-Bromoacetyl Group,PTGS1,inhibitor
2-Carboxyethylphosphonic Acid,TPI1,unknown
2-Chlorodideoxyadenosine,HSP90B1,unknown
2-Chlorophenol,MAPK14,inhibitor
2-Cyclopropylmethylenepropanal,REN,inhibitor
2-Deoxy-2-Amino Glucitol-6-Phosphate,GNPDA1,unknown
2-Deoxy-Glucitol-6-Phosphate,ISYNA1,unknown
2-Deoxy-Glucose-6-Phosphate,PYGM,inhibitor
2-Ethoxyethanol,ADH1C,unknown
2-Hydroxyethyl Disulfide,GSTA1,unknown
"2-Hydroxymethyl-Pyrrolidine-3,4-Diol",PNP,inhibitor
2-Hydroxyquinoline,TOP2A,inhibitor
2-Hydroxyquinoline,TOP2B,inhibitor
2-Isobutyl-3-methoxypyrazine,LCN9,unknown
2-Methoxy-3-Isopropylpyrazine,LCN9,unknown
2-Methoxyestradiol,COMT,unknown
2-Methoxyestradiol,CYP19A1,unknown
2-Methoxyestradiol,CYP1A1,unknown
2-Methoxyestradiol,CYP1B1,unknown
2-Methoxyestradiol,HIF1A,modulator
2-Methyl-3-(2-Aminothiazolo)Propanal,REN,inhibitor
2-Morpholinoethylamine,CTSD,inhibitor
2-Naphthalenesulfonic acid,F2,inhibitor
2-Naphthalenesulfonic acid,PRSS1,unknown
2-Nonyl-4-quinolinol 1-oxide,CYC1,unknown
2-Nonyl-4-quinolinol 1-oxide,MT-CYB,unknown
2-Nonyl-4-quinolinol 1-oxide,UQCR10,unknown
2-Nonyl-4-quinolinol 1-oxide,UQCR11,unknown
2-Nonyl-4-quinolinol 1-oxide,UQCRB,unknown
2-Nonyl-4-quinolinol 1-oxide,UQCRC1,unknown
2-Nonyl-4-quinolinol 1-oxide,UQCRC2,unknown
2-Nonyl-4-quinolinol 1-oxide,UQCRFS1,unknown
2-Nonyl-4-quinolinol 1-oxide,UQCRH,unknown
2-Nonyl-4-quinolinol 1-oxide,UQCRQ,unknown
2-Phenylheme,HMOX1,inhibitor
2-Phosphoglycolic Acid,ENO2,unknown
2-Phosphoglycolic Acid,ENO3,unknown
2-Phosphoglycolic Acid,PKLR,unknown
2-Phosphoglycolic Acid,PKM,unknown
2-Phosphoglycolic Acid,TPI1,unknown
2-Pyridinethiol,CTSB,unknown
2-Thiomethyl-3-Phenylpropanoic Acid,MMP8,inhibitor
2-Undecanone,ACOT13,unknown
2-acetylamino-2-deoxy-b-D-allopyranose,CHIT1,unknown
2-aminoisobutyric acid,CRH,unknown
2-aminoisobutyric acid,NPY,unknown
2-butyl-1-hydroxyguanidine,NOS1,inhibitor
2-chloro-5-nitro-N-phenylbenzamide,NCOA2,unknown
2-chloro-5-nitro-N-phenylbenzamide,PPARG,inhibitor
2-chloro-5-nitro-N-phenylbenzamide,RXRA,inhibitor
2-deoxy-2-fluoro-α-D-glucose,LCT,unknown
2-mercaptobenzothiazole,TPO,inhibitor
2-phospho-D-glyceric acid,ENO3,unknown
25-Hydroxycholesterol,RORC,agonist
2H-Benzimidazol-2-amine,PRSS1,unknown
2X-121,PARP1,inhibitor
2X-121,PARP2,inhibitor
2X-121,TNKS,inhibitor
2X-121,TNKS2,inhibitor
"2s,4r-4-Methylglutamate",GRIK1,inhibitor
"2s,4r-4-Methylglutamate",GRIK2,unknown
3'-Oxo-Adenosine,AHCY,unknown
3'-Phosphate-Adenosine-5'-Diphosphate,RNASE1,unknown
3'-Uridinemonophosphate,RNASE1,unknown
3'-deoxyguanosine,PNP,inhibitor
3'-phospho-5'-adenylyl sulfate,SULT1E1,unknown
"3,20-Pregnanedione",AKR1D1,unknown
"3,20-Pregnanedione",NCOA1,unknown
"3,20-Pregnanedione",NR1I3,inhibitor
"3,20-Pregnanedione",RXRA,inhibitor
"3,3',5,5'-tetrachlorobiphenyl-4,4'-diol",SULT1E1,unknown
"3,4-Dichloroisocoumarin",CFD,unknown
"3,4-Dichloroisocoumarin",ELANE,inhibitor
"3,4-Dihydro-2h-Pyrrolium-5-Carboxylate",DAO,unknown
"3,4-Dihydro-5-Methyl-Isoquinolinone",PARP1,inhibitor
"3,4-Dihydroxycinnamic Acid",ALOX5,inhibitor
"3,4-Dihydroxycinnamic Acid",MIF,inhibitor
"3,5-Difluorobenzenesulfonamide",CA2,inhibitor
"3,5-Diiodotyrosine",IYD,unknown
"3,5-Diiodotyrosine",PKIA,unknown
"3,5-Diiodotyrosine",PRKACA,unknown
"3,5-Diiodotyrosine",PRSS1,unknown
"3,5-Dinitrocatechol",COMT,inhibitor
"3,6,9,12,15-Pentaoxaheptadecane",ACHE,inhibitor
"3,6-dihydroxy-xanthene-9-propionic acid",GSR,inhibitor
3-(10-methyl-9-anthryl)propanoic acid,IGHG1,unknown
3-(4-nitrophenyl)-1H-pyrazole,HPGDS,unknown
3-(Benzyloxy)Pyridin-2-Amine,LTA4H,inhibitor
3-(Benzyloxy)Pyridin-2-Amine,MAPK14,inhibitor
3-(INDOL-3-YL) LACTATE,HAO1,unknown
3-(N-morpholino)propanesulfonic acid,GNLY,unknown
3-Amino-4-Oxybenzyl-2-Butanone,CTSB,unknown
3-Bromo-7-Nitroindazole,NOS1,inhibitor
3-Bromo-7-Nitroindazole,NOS2,inhibitor
3-Bromo-7-Nitroindazole,NOS3,inhibitor
3-Butylthiolane 1-Oxide,ADH1C,unknown
"3-Carbamimidamido-1,1-diphenylurea",F2,unknown
3-Cyclohexyl-L-alanine,CACNA2D1,inhibitor
3-Cyclohexyl-L-alanine,ZFY,unknown
"3-Decyl-2,5-Dioxo-4-Hydroxy-3-Pyrroline",HAO1,unknown
3-Fluoro-L-tyrosine,SOD2,unknown
3-Hydroxybutyryl-Coenzyme A,HADH,unknown
3-Indolebutyric Acid,B2M,unknown
3-Indolebutyric Acid,TRAC,unknown
3-Indolebutyric Acid,TRBC1,unknown
3-Iodo-Tyrosine,TH,inhibitor
3-Mercuri-4-Aminobenzenesulfonamide,CA2,inhibitor
3-Methoxybenzamide,PARP1,inhibitor
3-Methylfentanyl,OPRD1,agonist
3-Methylfentanyl,OPRK1,agonist
3-Methylfentanyl,OPRM1,agonist
3-Methylphenylalanine,CTSB,unknown
3-Methylpyridine,MMP13,inhibitor
3-Methylpyridine,MMP3,inhibitor
3-Methylthiofentanyl,OPRD1,agonist
3-Methylthiofentanyl,OPRK1,agonist
3-Methylthiofentanyl,OPRM1,agonist
3-Oxiran-2ylalanine,MAT1A,unknown
"3-Phenyl-1,2-Propandiol",REN,inhibitor
3-Phenylpropylamine,PRSS1,unknown
3-Phenylpropylamine,PRSS2,unknown
3-Phosphono-D-alanine,PSPH,unknown
3-Tyrosine,TH,inhibitor
3-amino-5-phenylpentane,CTSK,unknown
3-amino-5-phenylpentane,CTSV,unknown
3-hydroxyglutaric acid,HMGCL,unknown
3-isobutyl-1-methyl-7H-xanthine,ADORA1,antagonist
3-isobutyl-1-methyl-7H-xanthine,ADORA2A,inhibitor
3-isobutyl-1-methyl-7H-xanthine,ADORA2B,inhibitor
3-isobutyl-1-methyl-7H-xanthine,ADORA3,inhibitor
3-isobutyl-1-methyl-7H-xanthine,PDE2A,inhibitor
3-isobutyl-1-methyl-7H-xanthine,PDE3A,inhibitor
3-isobutyl-1-methyl-7H-xanthine,PDE3B,unknown
3-isobutyl-1-methyl-7H-xanthine,PDE4A,inhibitor
3-isobutyl-1-methyl-7H-xanthine,PDE4B,inhibitor
3-isobutyl-1-methyl-7H-xanthine,PDE4D,inhibitor
3-isobutyl-1-methyl-7H-xanthine,PDE5A,inhibitor
3-isobutyl-1-methyl-7H-xanthine,PDE6G,unknown
3-isobutyl-1-methyl-7H-xanthine,PDE7A,unknown
3-isobutyl-1-methyl-7H-xanthine,PDE8A,unknown
3-isobutyl-1-methyl-7H-xanthine,PDE9A,unknown
3-nitro-L-tyrosine,GSR,inhibitor
3-phenyl-5-(1H-pyrazol-3-yl)isoxazole,HPGDS,unknown
3-phospho-D-glyceric acid,PGAM2,unknown
3-phospho-D-glyceric acid,PGK1,unknown
3-phospho-D-glyceric acid,TPI1,unknown
3-pyridin-4-yl-1H-indazole,PKIA,unknown
3-pyridin-4-yl-1H-indazole,PRKACA,unknown
3-sulfino-L-alanine,GSR,inhibitor
3-sulfino-L-alanine,PAPOLA,unknown
3-sulfino-L-alanine,PRDX2,unknown
3-thiaoctanoyl-CoA,ACADM,unknown
"3H-pyrazolo[4,3-d]pyrimidin-7-ol",HPRT1,unknown
"3h-Indole-5,6-Diol",LTF,inhibitor
4'-Hydroxyflavanone,SHBG,unknown
4'-Thio-fac,POLB,inhibitor
"4,6-Dideoxyglucose",GAA,inhibitor
"4,6-Dideoxyglucose",GANAB,inhibitor
"4,6-Dideoxyglucose",GANC,inhibitor
"4,6-dideoxy-4-amino-alpha-D-glucose",AMY2A,inhibitor
"4,7-Dioxosebacic Acid",ALAD,inhibitor
"4-(2,5-DIAMINO-5-HYDROXY-PENTYL)-PHENOL",F2,inhibitor
"4-(2-amino-1,3-thiazol-4-yl)phenol",FBP1,inhibitor
"4-(2-amino-1,3-thiazol-4-yl)phenol",FBP2,inhibitor
"4-(2-amino-1,3-thiazol-4-yl)phenol",LTA4H,inhibitor
4-(2-aminoethyl)-2-cyclohexylphenol,BACE1,unknown
4-(2-aminoethyl)-2-ethylphenol,BACE1,unknown
4-(4-Chlorophenyl)Imidazole,CYP2B6,unknown
4-(Hydroxymethyl)Benzamidine,PRSS3,unknown
"4-(N,N-Dimethylamino)cinnamoyl-CoA",ECHS1,unknown
4-Amino Hexanoic Acid,ABAT,unknown
"4-Bromo-2,5-dimethoxyphenethylamine",HTR2A,partial agonist
"4-Bromo-2,5-dimethoxyphenethylamine",HTR2C,partial agonist
4-Carboxycinnamic Acid,HBA1,inhibitor
4-Carboxycinnamic Acid,HBB,unknown
4-Deoxy-Alpha-D-Glucose,SMARCA5,unknown
4-Flourobenzenesulfonamide,CA2,inhibitor
4-Fluorobenzylamine,PRSS1,unknown
4-Hydroxy-Aconitate Ion,ACO2,unknown
4-Hydroxybutan-1-Aminium,PRSS3,unknown
4-Hydroxyphenylpyruvic acid,F2,inhibitor
4-Hydroxyphenylpyruvic acid,MIF,inhibitor
4-Iodo-L-phenylalanine,DPP4,inhibitor
4-Iodobenzo[B]Thiophene-2-Carboxamidine,F2,inhibitor
4-Iodobenzo[B]Thiophene-2-Carboxamidine,F9,inhibitor
4-Iodobenzo[B]Thiophene-2-Carboxamidine,PLAU,inhibitor
4-Iodobenzo[B]Thiophene-2-Carboxamidine,PRSS1,unknown
4-Iodopyrazole,ADH1A,unknown
4-Iodopyrazole,ADH1B,unknown
4-Iodopyrazole,ADH1C,unknown
4-Methoxyamphetamine,ADRA1A,agonist
4-Methoxyamphetamine,ADRA1D,agonist
4-Methoxyamphetamine,ADRA2A,agonist
4-Methoxyamphetamine,MAOA,inhibitor
4-Methoxyamphetamine,MAOB,inhibitor
4-Methoxyamphetamine,SLC18A2,inhibitor
4-Methoxyamphetamine,SLC6A3,inhibitor
4-Methoxyamphetamine,SLC6A4,inhibitor
"4-Methyl-2,5-dimethoxyamphetamine",HTR2A,inhibitor
4-Methylimidazole,CA2,inhibitor
4-Methylimidazole,CA5A,unknown
4-Methylimidazole,MB,unknown
4-Methylpiperazin-1-Yl Carbonyl Group,CTSV,unknown
4-Methylthio-Alpha-D-Mannose,AMY2B,unknown
4-Nitrocatechol sulfate,ARSA,unknown
4-Nitrophenyl Phosphate,ACP1,unknown
4-Nitrophenyl Phosphate,CA1,inhibitor
4-Nitrophenyl Phosphate,CA2,inhibitor
4-Nitrophenyl Phosphate,DUSP23,unknown
4-Oxosebacic Acid,ALAD,inhibitor
4-Phenyl-1h-Imidazole,IDO1,inhibitor
4-Phenylbutylamine,PRSS1,unknown
4-Piperidino-Piperidine,CES1,inhibitor
4-guanidinobenzoic acid,CFB,unknown
4-hydroxybenzoic acid,MAOB,inhibitor
4-hydroxybutan-2-one,FKBP1A,inhibitor
4-isothioureidobutyronitrile,TP53,stimulator
4-methoxybenzenesulfinate,MMP13,inhibitor
4-methoxybenzenesulfinate,MMP3,inhibitor
4-phospho-D-erythronic acid,PGD,inhibitor
4-phospho-L-threonic acid,RPIA,unknown
4R-Fluoro-N6-ethanimidoyl-L-lysine,NOS2,inhibitor
4SC-203,FLT3,modulator
5'-Deoxy-5'-(Methylthio)-Tubercidin,MTAP,unknown
5'-Guanylylmethylenebisphosphonate,PCK1,unknown
5'-O-(L-Cysteinylsulfamoyl)adenosine,EPRS1,unknown
5'-O-(L-Prolylsulfamoyl)adenosine,EPRS1,unknown
5'-O-(N-(Alanyl)sulfamoyl)adenosine,EPRS1,unknown
5'-O-(N-Ethyl-Sulfamoyl)Adenosine,HINT1,unknown
5'-S-methyl-5'-thioadenosine,ADORA1,inhibitor
5'-S-methyl-5'-thioadenosine,ADORA2A,inhibitor
5'-S-methyl-5'-thioadenosine,ADORA2B,inhibitor
5'-S-methyl-5'-thioadenosine,ADORA3,inhibitor
5'-S-methyl-5'-thioadenosine,MTAP,unknown
5'-deoxy-5'-piperidin-1-ylthymidine,RNASE1,unknown
"5,6-Cyclic-Tetrahydropteridine",NOS3,inhibitor
"5,6-Dihydro-Benzo[H]Cinnolin-3-Ylamine",DAPK1,unknown
"5,7,2′-trihydroxy-6,8-dimethoxyflavone",GABRG3,ligand
"5,7-Dichlorokynurenic acid",GRIN1,inhibitor
"5-(2-hydroxyethyl)nonane-1,9-diol",ECE1,unknown
"5-Alpha-Androstane-3-Beta,17beta-Diol",ESR2,agonist
5-Amidino-Benzimidazole,PRSS1,unknown
5-Aminouracil,RNASE1,unknown
5-Benzylacyclouridine,UPP1,unknown
5-Bromoindirubin,CDK2,unknown
5-Bromonicotinamide,ART1,unknown
5-Bromothienyldeoxyuridine,TK1,inhibitor
"5-Chloryl-2,4,6-quinazolinetriamine",DHFR2,unknown
"5-Chloryl-2,4,6-quinazolinetriamine",PDF,inhibitor
5-Fluorolevulinic Acid,ALAD,inhibitor
5-Hydroxy-N-Propargyl-1(R)-Aminoindan,MAOB,ligand
5-Hydroxymethyl-Chonduritol,AMY2A,inhibitor
5-Hydroxymethyl-Chonduritol,AMY2B,unknown
5-Hydroxymethylfurfural,HBA1,modulator
5-Iodo-2'-Deoxyuridine-5'-Monophosphate,TK1,inhibitor
5-Iodouracil,DPYD,inhibitor
5-Mercapto-2-Nitro-Benzoic Acid,IL12B,unknown
5-N-Allyl-arginine,NOS1,inhibitor
5-Nitroindazole,NOS2,inhibitor
5-Nitroindazole,NOS3,inhibitor
"5-Phenylsulfanyl-2,4-Quinazolinediamine",DHFR2,unknown
"5-Phenylsulfanyl-2,4-Quinazolinediamine",PDF,inhibitor
5-Phosphoarabinonic Acid,GPI,unknown
5-Thio-a/B-D-Mannopyranosylamine,MAN2A1,unknown
5-[2-(1H-pyrrol-1-yl)ethoxy]-1H-indole,LTA4H,inhibitor
"5-amino-1,3,4-thiadiazole-2-thiol",CA1,inhibitor
"5-amino-1,3,4-thiadiazole-2-thiol",CA2,inhibitor
"5-amino-1,3,4-thiadiazole-2-thiol",CA9,inhibitor
5-aminonaphthalene-2-sulfonic acid,FGF1,inhibitor
"5-benzyl-1,3-thiazol-2-amine",PKIA,unknown
"5-benzyl-1,3-thiazol-2-amine",PRKACA,unknown
5-deoxyflavanone,CYP19A1,inhibitor
5-deoxyflavanone,XDH,inhibitor
5-fluoro-beta-L-gulosyl fluoride,MAN2A1,unknown
5-fluorotryptophan,GSTM1,unknown
5-fluorotryptophan,TPI1,unknown
5-fluorouridine,SOD1,unknown
"5-hydroxymethyl-5,6-dihydrofolic acid",SHMT1,unknown
5-hydroxynaphthalene-1-sulfonamide,CDK2,inhibitor
5-hydroxyvaleric acid,ALAD,inhibitor
5-iodotubercidin,CSNK1G2,unknown
5-iodotubercidin,HASPIN,unknown
5-iodotubercidin,MAPK3,unknown
"5-methoxy-N,N-dimethyltryptamine",HTR1A,agonist
"5-methoxy-N,N-dimethyltryptamine",HTR2A,agonist
"5-methoxy-N,N-dimethyltryptamine",HTR2B,inhibitor
"5-methoxy-N,N-dimethyltryptamine",HTR2C,inhibitor
"5-methoxy-N,N-dimethyltryptamine",HTR6,inhibitor
5-methyltetrahydrofolic acid,AMT,unknown
5-methyltetrahydrofolic acid,SLC46A1,modulator
5-phenyl-1H-indazol-3-amine,JAK2,inhibitor
5-phospho-D-arabinohydroxamic acid,GPI,unknown
"5H-pyrrolo[3,2-d]pyrimidin-4-amine",APRT,unknown
5beta-dihydrotestosterone,AKR1D1,unknown
6-(Dihydroxy-Isobutyl)-Thymine,TK1,inhibitor
"6-Aminohexyl-uridine-C1,5'-diphosphate",B4GALT1,unknown
6-Carboxymethyluracil,DPYD,inhibitor
6-Hydroxy-6-Methyl-Heptan-3-One,LCN9,unknown
6-Hydroxypropylthymine,TK1,inhibitor
6-Nitroindazole,NOS2,inhibitor
6-Nitroindazole,NOS3,inhibitor
6-O-Cyclohexylmethyl Guanine,CCNA2,unknown
6-O-Cyclohexylmethyl Guanine,CDK2,inhibitor
6-O-Phosphoryl Inosine Monophosphate,ADSS1,unknown
6-O-benzylguanine,MGMT,inhibitor
6-bromoindirubin-3'-oxime,AURKA,inhibitor
6-bromoindirubin-3'-oxime,AURKB,inhibitor
6-bromoindirubin-3'-oxime,AURKC,inhibitor
6-bromoindirubin-3'-oxime,GSK3A,inhibitor
6-bromoindirubin-3'-oxime,GSK3B,unknown
"6-hydroxy-1,6-dihydro purine nucleoside",ADA,inhibitor
6-hydroxydopa quinone,AOC3,inhibitor
6-hydroxyuridine-5'-phosphate,UMPS,unknown
6-phospho-D-gluconic acid,GPI,unknown
6-phospho-D-gluconic acid,PGD,inhibitor
"6S-5,6,7,8-Tetrahydrobiopterin",NOS3,inhibitor
"7,8-dihydrobiopterin",NOS2,inhibitor
"7,8-dihydrobiopterin",PAH,unknown
"7,8-dihydrobiopterin",PCBD1,unknown
"7,8-dihydrobiopterin",TH,inhibitor
"7,8-dihydroinosine",ADA,unknown
"7,8-dihydroxy-4-phenyl-2H-chromen-2-one",COMT,inhibitor
7-Hydroxystaurosporine,CHEK1,inhibitor
7-Hydroxystaurosporine,PDPK1,unknown
"7-Iodo-1,2,3,4-Tetrahydro-Isoquinoline",PNMT,unknown
7-Nitroindazole,NOS1,inhibitor
7-Nitroindazole,NOS2,inhibitor
7-Nitroindazole,NOS3,inhibitor
7-Nitroindazole-2-Carboxamidine,NOS3,inhibitor
7-beta-Hydroxyepiandrosterone,HPGDS,stimulator
7-methyl-5'-guanylic acid,DCPS,unknown
7-methyl-GpppA,DCPS,unknown
7-methyl-GpppA,EIF4E,unknown
7-methyl-guanosine-5'-triphosphate,EIF4E,unknown
8-Bromo-Adenosine-5'-Monophosphate,HINT1,unknown
8-Bromo-Adenosine-5'-Monophosphate,PDE4B,inhibitor
8-anilinonaphthalene-1-sulfonic acid,FABP1,inhibitor
8-anilinonaphthalene-1-sulfonic acid,S100A7,unknown
8-azaguanine,PNP,inhibitor
8-chlorotheophylline,ADORA2A,antagonist
8-iodo-guanine,PNP,inhibitor
9(S)-HODE,PPARG,inhibitor
"9-(4-Hydroxyphenyl)-2,7-Phenanthroline",MAPK10,inhibitor
9-(4-hydroxybutyl)-N2-phenylguanine,TK1,inhibitor
9-Deazaguanine,HPRT1,unknown
9-Deazahypoxanthine,PNP,inhibitor
9-N-Phenylmethylamino-Tacrine,BCHE,inhibitor
9-aminocamptothecin,TOP1,inhibitor
9-deazainosine,PNP,inhibitor
A-620223,PARP1,inhibitor
A-674563,AKT1,inhibitor
A-674563,PKIA,unknown
A-674563,PRKACA,unknown
AB-22,S1PR2,inhibitor
ABBV-744,BRD2,inhibitor
ABBV-744,BRD3,inhibitor
ABBV-744,BRD4,inhibitor
ABSK-091,FGFR1,modulator
ABT-288,HRH3,modulator
ABT-341,DPP4,inhibitor
ABT-510,CXCL8,unknown
ABT-510,FGF2,unknown
ABT-510,HGF,unknown
ABT-510,THBS1,modulator
ABT-510,VEGFA,unknown
ABT-639,CACNA1H,modulator
ABT-737,BCL2,inhibitor
ABX-1431,MGLL,inhibitor
AC-(D)Phe-pro-borolys-OH,F2,inhibitor
AC-430,JAK2,modulator
ADL 10-0101,OPRK1,unknown
ADL-5859,OPRD1,agonist
ADL5859,OPRD1,unknown
ADP-597,GPR119,agonist
ADU-S100,STING1,activator
ADX-10061,CALY,unknown
AEE-788,FGFR2,inhibitor
AEE-788,FGFR3,inhibitor
AEG35156,XIAP,unknown
AEOL-10150,SOD1,modulator
AER001,IL13RA2,unknown
AER001,IL4R,unknown
AF-710B,CHRM1,agonist
AF-710B,SIGMAR1,agonist
AG-24322,CDK1,inhibitor
AG-24322,CDK2,inhibitor
AG-24322,CDK4,inhibitor
AGG-523,ADAMTS5,inhibitor
AICA ribonucleotide,ATIC,unknown
AKI-001,AURKA,unknown
AKN-028,FLT3,inhibitor
AL-4623,CA2,inhibitor
AL5300,CA2,inhibitor
AL5424,CA2,inhibitor
AL5927,CA2,inhibitor
AL6528,CA2,inhibitor
AL7089A,CA2,inhibitor
AL7099A,CA2,inhibitor
AL7182,CA2,inhibitor
ALKS 27,CHRM1,unknown
ALKS 27,CHRM2,unknown
ALKS 27,CHRM3,unknown
ALKS 27,CHRM4,unknown
ALKS 27,CHRM5,unknown
ALT-2074,NOS2,modulator
AM103,ALOX5AP,inhibitor
AMG-208,MET,inhibitor
AMG-222,DPP4,unknown
AMG-319,PIK3CD,inhibitor
AMG-337,MET,modulator
AMG-900,AURKA,modulator
AMG-900,AURKB,modulator
AMG-900,AURKC,modulator
AMY-101,C3,inhibitor
AN-9,BCL2,downregulator
AN-9,CASP8,regulator
AN-9,HDAC1,inhibitor
AN0128,TNF,inhibitor
AN2898,PDE4A,inhibitor
AN2898,PDE4B,inhibitor
AN2898,PDE4D,inhibitor
ANA971,TLR7,unknown
ANA975,TLR7,unknown
ANZ-100,KISS1R,unknown
AOD9604,GHR,agonist
AP-22408,LCK,unknown
AP-22408,SRC,inhibitor
AP1081,ESR1,unknown
APD-209,ADRB2,agonist
APD668,GPR119,unknown
APG-1387,BIRC2,inhibitor
APG-1387,BIRC3,inhibitor
APG-1387,BIRC5,inhibitor
APG-1387,BIRC7,inhibitor
APG-1387,NAIP,inhibitor
APG-1387,XIAP,inhibitor
APTO-253,KLF4,inhibitor
APX-3330,APEX1,inhibitor
AQ-13,ACKR1,modulator
AR-9281,EPHX2,inhibitor
AR-AO-14418,GSK3A,other/unknown
AR-AO-14418,GSK3B,inhibitor
ARRY-502,PTGDR2,modulator
AS-8112,DRD2,antagonist
AS-8112,DRD3,antagonist
ASP-3026,ALK,modulator
ASP-4058,S1PR1,modulator
ASP-4058,S1PR5,modulator
AT-7519,CDK1,unknown
AT-7519,CDK2,inhibitor
AT1391,INSR,unknown
AT2220,GAA,unknown
AT9283,AURKA,modulator
AT9283,AURKB,modulator
ATG003,CHRNA10,unknown
ATG003,CHRNA9,unknown
ATHX-105,HTR2C,unknown
ATL1101,IGF1R,unknown
ATL1102,ITGA4,unknown
ATP,ABCA1,unknown
ATP,ABCB1,unknown
ATP,ABCB11,unknown
ATP,ABCC1,unknown
ATP,ABCC2,unknown
ATP,ABCC4,unknown
ATP,ABCC6,unknown
ATP,ABCC8,unknown
ATP,ABCC9,unknown
ATP,ABCG1,unknown
ATP,ABL1,inhibitor
ATP,ABL2,inhibitor
ATP,ACSL1,unknown
ATP,ACSS1,unknown
ATP,ACSS2,unknown
ATP,ACVR1,unknown
ATP,ACVR1B,unknown
ATP,ACVRL1,unknown
ATP,ADCY1,unknown
ATP,AFG3L2,unknown
ATP,AKT1,unknown
ATP,ALK,unknown
ATP,AMHR2,unknown
ATP,APAF1,unknown
ATP,ARAF,unknown
ATP,ASNS,unknown
ATP,ASS1,unknown
ATP,CDK15,unknown
ATP,CFTR,cofactor
ATP,CSNK2A1,unknown
ATP,CSNK2B,unknown
ATP,GET3,unknown
ATP,GRK2,unknown
ATP,GRK3,unknown
ATP,NAE1,unknown
ATP,NT5C2,unknown
ATP,P2RY11,unknown
ATP,PIK3CA,unknown
ATP,PPP5C,unknown
ATP,PRKAA1,unknown
ATP,SLC25A4,unknown
ATP,TNK2,unknown
AV-412,EGFR,unknown
AV-412,ERBB2,unknown
AV608,TACR1,unknown
AVE-2865,PYGL,unknown
AVI-4557,HNF4A,unknown
AVL-3288,CHRNA7,modulator
AZD 3355,GABBR1,modulator
AZD 3355,GABBR2,modulator
AZD 3355,TP53,unknown
AZD-0328,CHRNA7,modulator
AZD-1236,MMP12,inhibitor
AZD-1386,TRPV1,blocker
AZD-1480,JAK2,modulator
AZD-1656,GCK,activator
AZD-1981,PTGDR2,antagonist
AZD-3043,GABRG3,modulator
AZD-4017,HSD11B1,inhibitor
AZD-4818,CCR1,antagonist
AZD-4877,KIF11,inhibitor
AZD-5069,CXCR2,inhibitor
AZD-5153,BRD4,inhibitor
AZD-5423,NR3C1,agonist
AZD-5672,CCR5,antagonist
AZD-5991,MCL1,inhibitor
AZD-6280,GABRA3,modulator
AZD-6482,PIK3CB,modulator
AZD-7325,GABRA2,positive allosteric modulator
AZD-7325,GABRA3,positive allosteric modulator
AZD-7648,PRKDC,inhibitor
AZD-7687,DGAT1,inhibitor
AZD-7762,CHEK1,inhibitor
AZD-8055,MTOR,inhibitor
AZD-8165,F2,inhibitor
AZD-8186,PIK3CB,inhibitor
AZD-8186,PIK3CG,inhibitor
AZD-8330,MAP3K1,unknown
AZD-8848,TLR7,agonist
AZD-9056,P2RX7,antagonist
AZD-9496,ESR1,antagonist
AZD-9684,CHRNA2,antagonist
AZD-9684,CHRNA3,antagonist
AZD-9684,CHRNA7,antagonist
AZD-9684,CHRNB2,antagonist
AZD-9684,CPB2,unknown
AZD2066,GRM5,antagonist
AZD2389,FAP,inhibitor
AZD3409,FNTA,unknown
AZD3409,FNTB,unknown
AZD8529,GRM1,agonist
Abanoquil,ADRA1A,inhibitor
Abanoquil,ADRA1B,inhibitor
Abanoquil,ADRA1D,inhibitor
Abaperidone,DRD2,modulator
Abaperidone,HTR2A,modulator
Abarelix,GNRHR,antagonist
Abediterol,ADRB2,agonist
Abemaciclib,CDK4,inhibitor
Abemaciclib,CDK6,inhibitor
Abexinostat,HDAC1,unknown
Abexinostat,HDAC6,inhibitor
Abiraterone,CYP17A1,inhibitor
Abivertinib,BTK,inhibitor
Abivertinib,EGFR,inhibitor
Abrocitinib,JAK1,inhibitor
Abrocitinib,JAK2,inhibitor
Abrocitinib,JAK3,inhibitor
Abrocitinib,TYK2,inhibitor
Acadesine,PRKAA1,modulator
Acadesine,PRKAB1,modulator
Acadesine,PRKAG1,modulator
Acalabrutinib,BTK,inhibitor
Acalisib,PIK3CD,inhibitor
Acamprosate,GABBR1,inhibitor
Acamprosate,GRIN3B,antagonist
Acamprosate,GRM5,antagonist
Acarbose,AMY2A,inhibitor
Acarbose,GAA,inhibitor
Acarbose,MGAM,inhibitor
Acarbose,SI,inhibitor
Acarbose Derived Hexasaccharide,AMY2A,ligand
Acebilustat,LTA4H,inhibitor
Acebutolol,ADRB1,partial agonist
Acebutolol,ADRB2,partial agonist
Acecainide,SCN5A,blocker
Aceclidine,CHRM1,inhibitor
Aceclidine,CHRM2,inhibitor
Aceclidine,CHRM3,inhibitor
Aceclidine,CHRM4,inhibitor
Aceclidine,CHRM5,inhibitor
Aceclofenac,PTGS1,inhibitor
Aceclofenac,PTGS2,inhibitor
Acemetacin,PTGS1,antagonist
Acemetacin,PTGS2,antagonist
Acenocoumarol,VKORC1,inhibitor
Acepromazine,ADRA1A,antagonist
Acepromazine,ADRA1B,antagonist
Acepromazine,DRD1,antagonist
Acepromazine,DRD2,antagonist
Acepromazine,HTR1A,antagonist
Acepromazine,HTR2A,antagonist
Aceprometazine,HRH1,antagonist
Acetaminophen,PTGES3,inhibitor
Acetaminophen,PTGS1,inhibitor
Acetaminophen,PTGS2,inhibitor
Acetaminophen,SLC6A2,inhibitor
Acetaminophen,SLC6A4,inhibitor
Acetaminophen,TRPV1,activator
Acetate,ABAT,inhibitor
Acetate,ACE,inhibitor
Acetate,AKR1C3,inhibitor
Acetate,CA2,inhibitor
Acetate,CALM1,inhibitor
Acetate,CALM2,inhibitor
Acetate,CALM3,inhibitor
Acetate,CELA1,inhibitor
Acetate,ESR2,inhibitor
Acetate,HPD,inhibitor
Acetate,LTA4H,inhibitor
Acetate,MMP12,inhibitor
Acetate,NOS1,inhibitor
Acetate,NOS3,inhibitor
Acetate,PLA2G1B,inhibitor
Acetate,PTPN1,inhibitor
Acetate,SOD1,inhibitor
Acetate,TXN,inhibitor
Acetazolamide,AQP1,inhibitor
Acetazolamide,CA1,inhibitor
Acetazolamide,CA12,inhibitor
Acetazolamide,CA14,inhibitor
Acetazolamide,CA2,inhibitor
Acetazolamide,CA3,inhibitor
Acetazolamide,CA4,inhibitor
Acetazolamide,CA7,inhibitor
Acetic Acid Salicyloyl-Amino-Ester,PTGS1,inhibitor
Acetoacetic acid,FAH,unknown
Acetoacetyl-CoA,ACADS,unknown
Acetoacetyl-CoA,ECHS1,unknown
Acetoacetyl-CoA,HADH,unknown
Acetohexamide,ABCC8,modulator
Acetohexamide,KCNJ1,inhibitor
Acetohydroxamic acid,MMP12,inhibitor
Acetophenazine,AR,unknown
Acetophenazine,DRD2,antagonist
Acetylcholine,CHRM1,unknown
Acetylcholine,CHRM2,unknown
Acetylcholine,CHRM3,unknown
Acetylcholine,CHRM4,unknown
Acetylcholine,CHRNA7,unknown
Acetylcysteine,ACY1,substrate
Acetylcysteine,CHUK,inhibitor
Acetylcysteine,GRIN1,activator
Acetylcysteine,GRIN2A,activator
Acetylcysteine,GRIN2B,activator
Acetylcysteine,GRIN2D,activator
Acetylcysteine,GRIN3A,activator
Acetylcysteine,GSS,stimulator
Acetylcysteine,IKBKB,inhibitor
Acetylcysteine,SLC7A11,activator
Acetyldigitoxin,ATP1A1,inhibitor
Acetylsalicylic acid,AKR1C1,inhibitor
Acetylsalicylic acid,CASP1,inhibitor;downregulator
Acetylsalicylic acid,CASP3,inhibitor;downregulator
Acetylsalicylic acid,CCND1,downregulator
Acetylsalicylic acid,EDNRA,inhibitor
Acetylsalicylic acid,HMGCR,inhibitor
Acetylsalicylic acid,HSPA5,inhibitor;binder
Acetylsalicylic acid,MYC,downregulator
Acetylsalicylic acid,NEU1,inhibitor
Acetylsalicylic acid,NFKBIA,inhibitor
Acetylsalicylic acid,PCNA,downregulator
Acetylsalicylic acid,PRKAG3,activator
Acetylsalicylic acid,PTGS1,inhibitor
Acetylsalicylic acid,PTGS2,inhibitor
Acetylsalicylic acid,RPS6KA3,inhibitor
Acetylsalicylic acid,TNFAIP6,inhibitor;downregulator
Acetylsalicylic acid,TP53,inducer
Acid yellow 54 free acid,ATIC,unknown
Acitretin,RARA,agonist
Acitretin,RARB,agonist
Acitretin,RARG,agonist
Acitretin,RBP1,agonist
Acitretin,RXRA,agonist
Acitretin,RXRB,agonist
Acitretin,RXRG,agonist
Acitretin,STAT3,inhibitor
Acivicin,CTPS1,inhibitor
Aclarubicin,TOP2A,inhibitor
Aclarubicin,TOP2B,inhibitor
Aclerastide,MAS1,agonist
Aclidinium,CHRM1,antagonist
Aclidinium,CHRM2,antagonist
Aclidinium,CHRM3,antagonist
Aclidinium,CHRM4,antagonist
Aclidinium,CHRM5,antagonist
Aclimostat,METAP2,inhibitor
Acolbifene,ESR1,modulator
Acoltremon,TRPM8,activator
Aconitate Ion,ACO2,unknown
Acoramidis,TTR,modulator
Acrivastine,HRH1,antagonist
Actelion-1,EDNRA,unknown
Acteoside,PRKCA,inhibitor
Actinium,CD33,inhibitor
Acyline,GNRHR,inhibitor
Adagrasib,KRAS,inhibitor
Adakitug,CXCL8,unknown
Adapalene,GOT1,inhibitor
Adapalene,JUN,antagonist
Adapalene,RARA,agonist
Adapalene,RARB,agonist
Adapalene,RARG,agonist
Adapalene,RXRA,agonist
Adapalene,RXRB,agonist
Adapalene,RXRG,agonist
Adapalene,TLR2,antagonist
Adavosertib,WEE1,inhibitor
Ademetionine,AMD1,cofactor
Ademetionine,AS3MT,unknown
Ademetionine,CBS,activator
Ademetionine,CMTR1,unknown
Ademetionine,COMT,cofactor
Ademetionine,GNMT,cofactor
Ademetionine,MAT1A,cofactor
Ademetionine,MAT2A,cofactor
Adenine,ACACB,unknown
Adenine,ACP1,unknown
Adenine,APRT,unknown
Adenine,MTAP,unknown
Adenine,PECR,unknown
Adenine,SRPK2,unknown
Adenosine,ADORA1,agonist
Adenosine,ADORA2A,agonist
Adenosine,ADORA2B,agonist
Adenosine,ADORA3,agonist
"Adenosine 3',5'-diphosphate",HS3ST1,unknown
"Adenosine 3',5'-diphosphate",HS3ST3A1,unknown
"Adenosine 3',5'-diphosphate",NDST1,unknown
"Adenosine 3',5'-diphosphate",RNASE1,unknown
"Adenosine 3',5'-diphosphate",RNASE2,unknown
"Adenosine 3',5'-diphosphate",SULT1A1,unknown
"Adenosine 3',5'-diphosphate",SULT1B1,unknown
"Adenosine 3',5'-diphosphate",SULT1E1,unknown
"Adenosine 3',5'-diphosphate",SULT2A1,unknown
"Adenosine 3',5'-diphosphate",SULT2B1,unknown
Adenosine 5'-[gamma-thio]triphosphate,BCKDK,unknown
Adenosine 5'-[gamma-thio]triphosphate,BST1,unknown
Adenosine 5'-[gamma-thio]triphosphate,PFKFB1,unknown
Adenosine 5'-[gamma-thio]triphosphate,PMS2,unknown
Adenosine 5'-[gamma-thio]triphosphate,SYN1,unknown
Adenosine 5'-methylenediphosphate,NT5E,inhibitor
Adenosine 5'-phosphosulfate,PAPSS1,unknown
Adenosine Phosphonoacetic Acid,NME1,unknown
Adenosine disphosphate,P2RY12,agonist
Adenosine disphosphate,P2RY6,agonist
Adenosine disphosphate,TRPM4,inhibitor
Adenosine monotungstate,FHIT,inhibitor
Adenosine phosphate,ACSL1,product of
Adenosine phosphate,ACSS2,product of
Adenosine phosphate,ADCY1,product of
Adenosine phosphate,ADK,product of
Adenosine phosphate,CREB1,activator
Adenosine phosphate,FBP1,antagonist
Adenosine phosphate,HINT1,product of
Adenosine phosphate,PDE4B,product of
Adenosine phosphate,PDE4D,product of
Adenosine phosphate,PRKAA1,activator
Adenosine phosphate,PRKAB1,activator
Adenosine phosphate,PRKAG3,activator
Adenosine phosphate,PYGL,activator
Adenosine-2'-5'-Diphosphate,RNASE1,unknown
Adenosine-2'-5'-Diphosphate,RNASE2,unknown
Adenosine-2'-5'-Diphosphate,RNASE3,unknown
"Adenosine-5'-diphosphate-2',3'-vanadate",PAPSS1,unknown
Adenosine-5'-ditungstate,HINT1,unknown
Adenosine-5-Diphosphoribose,EEF2,unknown
Adenosine-5-Diphosphoribose,GAPDH,unknown
Adenosine-5-Diphosphoribose,SIRT3,unknown
Adenosine-5-Diphosphoribose,SIRT5,unknown
Adenylosuccinic acid,ADSS1,unknown
Aderbasib,ADAM10,modulator
Aderbasib,ADAM17,modulator
Adinazolam,GABRG3,ligand
Adinazolam,GABRQ,positive allosteric modulator
Adinazolam,TSPO,agonist
Adipiplon,GABRA3,modulator
Adipiplon,GABRG3,partial agonist
Ado-P-Ch2-P-Ps-Ado,FHIT,inhibitor
Adomeglivant,GCGR,antagonist
Adomiparin,SERPINC1,inhibitor
Adoprazine,DRD2,modulator
Adoprazine,HTR1A,modulator
Adriforant,HRH4,antagonist
Aeruginosin 98-B,PRSS1,unknown
Aetiocholanolone,HSD17B11,unknown
Aetiocholanolone,IGHG2,unknown
Aetiocholanolone,SULT2A1,unknown
Afamelanotide,MC1R,agonist
Afamelanotide,MC4R,inhibitor
Afatinib,EGFR,inhibitor
Afatinib,ERBB2,inhibitor
Afatinib,ERBB4,inhibitor
Afegostat,GBA1,inhibitor
Aficamten,MYBPC3,inhibitor
Aficamten,MYH7,inhibitor
Afimetoran,TLR7,antagonist;inhibitor
Afimetoran,TLR8,antagonist;inhibitor
Afimoxifene,ESR1,modulator
Afimoxifene,ESR2,unknown
Afimoxifene,ESRRA,inhibitor
Afimoxifene,ESRRG,unknown
Afimoxifene,NR1I2,unknown
Afimoxifene,SHBG,unknown
Afimoxifene,TFF1,unknown
Afuresertib,AKT1,modulator
Agerafenib,BRAF,inhibitor
Agerafenib,RET,inhibitor
Agmatine,ADRA2C,agonist
Agmatine,ASIC3,agonist
Agmatine,CACNA1B,antagonist
Agmatine,CHRNA1,antagonist
Agmatine,GRIN1,antagonist
Agmatine,KCNJ1,antagonist
Agmatine,NISCH,agonist
Agomelatine,HTR2C,antagonist
Agomelatine,MTNR1A,agonist
Agomelatine,MTNR1B,agonist
Ajmaline,SCN5A,inhibitor
Alacepril,ACE,modulator
Aladorian,RYR1,modulator
Alanine,AARS1,unknown
Alanine,AARS2,unknown
Alanine,ABAT,inhibitor
Alanine,AGXT,unknown
Alanine,AGXT2,unknown
Alanine,GPT,unknown
Alanine,GPT2,unknown
Alanine,KYNU,unknown
Alanine,NFS1,unknown
Alanine,PHYKPL,unknown
Alanine,SLC1A4,unknown
Alanine,SLC36A1,unknown
Alanine,SLC7A8,unknown
Alanosine,ADSS1,unknown
Alanosine,ADSS2,unknown
Albendazole,TUBA1A,inhibitor
Albendazole,TUBB4B,inhibitor
Albuterol,ADRB1,agonist
Albuterol,ADRB2,agonist
Albuterol,ADRB3,unknown
Alcaftadine,HRH1,antagonist
Alclofenac,PTGS2,antagonist
Alclometasone,NR3C1,agonist
Alclometasone,SERPINA6,binder
Alcuronium,CHRNA7,inhibitor
Aldosterone,NR3C1,unknown
Aldosterone,NR3C2,agonist
Aldosterone,SLC12A1,blocker
Aldoxorubicin,TOP2A,inhibitor
Aldoxorubicin,TOP2B,modulator
Alectinib,ALK,inhibitor
Aleglitazar,NCOA1,unknown
Aleglitazar,PPARA,agonist
Aleglitazar,PPARG,agonist
Alendronic acid,ATP6V1A,inhibitor
Alendronic acid,FDPS,inhibitor
Alendronic acid,PTPN4,inhibitor
Alendronic acid,PTPRE,inhibitor
Alendronic acid,PTPRS,inhibitor
Aleplasinin,SERPINA5,inhibitor
Aleplasinin,SERPINB2,inhibitor
Aleplasinin,SERPINE1,inhibitor
Alfacalcidol,CYP27B1,unknown
Alfacalcidol,RXRA,unknown
Alfacalcidol,VDR,agonist
Alfentanil,OPRM1,agonist
Alfuzosin,ADRA1A,antagonist
Alfuzosin,ADRA1B,antagonist
Alfuzosin,ADRA1D,antagonist
Alicaforsen,ICAM1,other/unknown
Alimemazine,HRH1,antagonist
Alisertib,AURKA,inhibitor;regulator
Aliskiren,REN,inhibitor
Alisporivir,CAMLG,inhibitor
Alitretinoin,CYP26C1,unknown
Alitretinoin,IGFBP3,unknown
Alitretinoin,PSG5,unknown
Alitretinoin,RARA,agonist
Alitretinoin,RARB,agonist
Alitretinoin,RARG,agonist
Alitretinoin,RXRA,agonist
Alitretinoin,RXRB,agonist
Alitretinoin,RXRG,agonist
Alizapride,DRD2,antagonist
Allitinib,EGFR,modulator
Allopurinol,XDH,inhibitor
Allosamizoline,CHIT1,unknown
Allylestrenol,ESR1,agonist
Allylestrenol,PGR,agonist
Allylestrenol,SLC6A9,blocker
Almitrine,ATP1A1,binder
Almonertinib,EGFR,inhibitor
Almorexant,HCRTR1,antagonist
Almotriptan,HTR1B,agonist
Almotriptan,HTR1D,agonist
Alnespirone,HTR1A,agonist
Alniditan,HTR1B,agonist
Alniditan,HTR1D,agonist
Alofanib,FGFR2,inhibitor
Alogliptin,DPP4,inhibitor
Alosetron,HTR3A,antagonist
Alosetron,HTR3B,antagonist
Aloxistatin,CAPN2,inhibitor
Aloxistatin,CTSG,inhibitor
Alpelisib,ESR1,modulator
Alpelisib,PIK3CA,inhibitor
Alpelisib,PIK3CG,inhibitor
Alpha-Aminobutyric Acid,EGF,unknown
Alpha-Aminobutyric Acid,GATM,unknown
"Alpha-D-Glucose 1,6-Bisphosphate",PGM1,unknown
Alpha-D-Glucose-1-Phosphate-6-Vanadate,PGM1,unknown
Alpha-Methyl-N-Acetyl-D-Glucosamine,MBL2,unknown
Alpha-Methyl-N-Acetyl-D-Glucosamine,SELE,inhibitor
Alpha-Methyl-N-Acetyl-D-Glucosamine,SELP,inhibitor
Alpha-Methylisocitric Acid,ACO2,unknown
Alpidem,TSPO,inhibitor
Alprazolam,GABRG3,ligand
Alprazolam,GABRQ,positive allosteric modulator
Alprazolam,TSPO,agonist
Alprenolol,ADRB1,antagonist
Alprenolol,ADRB2,antagonist
Alprenolol,ADRB3,antagonist
Alprenolol,HTR1A,antagonist
Alprostadil,PTGDR2,agonist
Alprostadil,PTGER1,agonist
Alprostadil,PTGER2,agonist
Alprostadil,PTGER3,agonist
Alprostadil,PTGER4,agonist
Alprostadil,TBXA2R,modulator
Alrestatin,AKR1B1,inhibitor
Alrizomadlin,MDM2,inhibitor
Alrizomadlin,TP53,inhibitor
Alsterpaullone,CDK1,inhibitor
Alsterpaullone,CDK2,inhibitor
Alsterpaullone,CDK5,inhibitor
Alsterpaullone,GSK3B,unknown
Altanserin,HTR2A,inhibitor
Altinicline,CHRNA4,modulator
Altinicline,CHRNB2,modulator
Altiratinib,KDR,antagonist
Altiratinib,MET,inhibitor
Altiratinib,NTRK1,inhibitor
Altiratinib,NTRK3,inhibitor
Altiratinib,TEK,inhibitor
Altropane,SLC6A3,inhibitor
Aluminium,APP,unknown
Aluminium,ATP1A1,binder
Aluminium,KLK1,inhibitor
Aluminium,TF,unknown
Aluminium monostearate,TNNC1,stimulator
Aluminium monostearate,VDAC1,inhibitor
Aluminium monostearate,VDAC2,inhibitor
Aluminium monostearate,VDAC3,inhibitor
Aluminium phosphate,APP,unknown
Aluminium phosphate,ATP1A1,unknown
Aluminium phosphate,KLK1,unknown
Aluminium phosphate,TF,unknown
Aluminum acetate,APP,unknown
Aluminum acetate,ATP1A1,unknown
Aluminum acetate,KLK1,unknown
Aluminum acetate,TF,unknown
Aluminum chloride,GLUD1,inactivator
Alvameline,CHRM1,modulator
Alvameline,CHRM2,modulator
Alvameline,CHRM3,modulator
Alvelestat,ELANE,inhibitor
Alverine,HTR1A,antagonist
Alvespimycin,HSP90AA1,inhibitor
Alvimopan,OPRD1,antagonist
Alvimopan,OPRK1,antagonist
Alvimopan,OPRM1,antagonist
Alvocidib,CDK1,unknown
Alvocidib,CDK2,inhibitor
Alvocidib,CDK4,unknown
Alvocidib,CDK5,unknown
Alvocidib,CDK6,unknown
Alvocidib,CDK7,unknown
Alvocidib,CDK8,unknown
Alvocidib,CDK9,inhibitor
Alvocidib,EGFR,unknown
Alvocidib,PYGB,unknown
Alvocidib,PYGL,unknown
Alvocidib,PYGM,inhibitor
Amantadine,CHRNA3,antagonist
Amantadine,CHRNA4,antagonist
Amantadine,CHRNA7,antagonist
Amantadine,DRD2,agonist
Amantadine,GRIN3A,antagonist
Ambenonium,ACHE,inhibitor
Ambrisentan,EDNRA,antagonist
Ambrisentan,EDNRB,antagonist
Amcasertib,PDGFRA,inhibitor
Amcinonide,ANXA1,agonist
Amcinonide,ESRRA,modulator
Amcinonide,ESRRB,modulator
Amcinonide,ESRRG,modulator
Amcinonide,NR3C1,agonist
Amelenodor,NLRX1,agonist
Amelubant,LTB4R,antagonist
Amelubant,LTB4R2,unknown
Amesergide,HTR2A,antagonist
Ametantrone,TOP2A,intercalation
Ametantrone,TOP2B,intercalation
Amfenac,PTGS2,inhibitor
Amibegron,ADRB3,agonist
Amidephrine,ADRA2C,agonist
Amido Phenyl Pyruvic Acid,TPSB2,unknown
Amifampridine,KCNA1,blocker
Amiflamine,SLC6A2,inhibitor
Amifloxacin,TOP2A,inhibitor
Amifloxacin,TOP2B,inhibitor
Amifostine,ALPG,inducer
Amilomotide,APP,unknown
Amiloride,AOC1,inhibitor
Amiloride,ASIC1,inhibitor
Amiloride,ASIC2,inhibitor
Amiloride,PLAU,inhibitor
Amiloride,SCNN1A,inhibitor
Amiloride,SCNN1B,inhibitor
Amiloride,SCNN1D,inhibitor
Amiloride,SCNN1G,inhibitor
Amiloride,SLC9A1,inhibitor
Amineptine,SLC6A2,unknown
Amineptine,SLC6A3,inhibitor
Amineptine,SLC6A4,unknown
Aminocaproic acid,LPA,other
Aminocaproic acid,PLAT,antagonist
Aminocaproic acid,PLG,inhibitor
Aminoglutethimide,CYP11A1,inhibitor
Aminoglutethimide,CYP19A1,inhibitor
Aminohippuric acid,SLC22A8,inhibitor
Aminolevulinic acid,ALAD,inducer
Aminolevulinic acid,PPOX,modulator
Aminomethylcyclohexane,PRSS1,unknown
Aminooxyacetic acid,AGXT,unknown
Aminooxyacetic acid,CBS,inhibitor
Aminophosphonic acid-guanylate ester,CDC42,unknown
Aminophylline,ADORA1,antagonist
Aminophylline,ADORA3,antagonist
Aminophylline,HDAC2,activator
Aminophylline,PDE3A,inhibitor
Aminopterin,PDF,inhibitor
Aminosalicylic acid,ALOX5,inhibitor
Aminosalicylic acid,CHUK,inhibitor
Aminosalicylic acid,DHFR,modulator
Aminosalicylic acid,PLA2G2E,unknown
Aminosalicylic acid,PTGS1,modulator
Aminosalicylic acid,PTGS2,inhibitor
Aminothiazole,NOS2,inhibitor
Amiodarone,ADRB3,inhibitor;downregulator
Amiodarone,CACNA1I,inhibitor
Amiodarone,CACNB4,inhibitor
Amiodarone,KCNH7,inhibitor
Amiodarone,PPARA,agonist
Amiodarone,PPARG,agonist
Amiodarone,PPARGC1B,agonist
Amiselimod,S1PR2,modulator
Amisulpride,DRD2,antagonist
Amisulpride,DRD3,antagonist
Amisulpride,HTR2A,antagonist
Amisulpride,HTR7,antagonist
Amisulpride,OPRD1,agonist
Amisulpride,OPRK1,agonist
Amisulpride,OPRM1,agonist
Amitifadine,DRD2,unknown
Amitifadine,SLC6A2,inhibitor
Amitifadine,SLC6A3,inhibitor
Amitifadine,SLC6A4,inhibitor
Amitriptyline,ADRA1A,antagonist;inhibitor
Amitriptyline,ADRA1B,antagonist
Amitriptyline,ADRA1D,antagonist
Amitriptyline,ADRA2A,antagonist;agonist
Amitriptyline,CHRM5,ligand
Amitriptyline,HRH1,antagonist
Amitriptyline,HRH2,blocker
Amitriptyline,HRH4,binder
Amitriptyline,HTR1A,inhibitor;inducer
Amitriptyline,HTR1B,binder
Amitriptyline,HTR1D,binder
Amitriptyline,HTR2A,antagonist
Amitriptyline,HTR2C,antagonist
Amitriptyline,HTR6,antagonist
Amitriptyline,HTR7,antagonist
Amitriptyline,KCNA1,inhibitor
Amitriptyline,KCNH7,blocker
Amitriptyline,KCNQ2,inhibitor
Amitriptyline,KCNQ3,inhibitor
Amitriptyline,NTRK1,agonist;activator
Amitriptyline,NTRK2,agonist
Amitriptyline,OPRD1,agonist
Amitriptyline,OPRK1,agonist
Amitriptyline,OPRM1,binder
Amitriptyline,SIGMAR1,agonist
Amitriptyline,SLC6A2,inhibitor
Amitriptyline,SLC6A4,inhibitor
Amlexanox,FGF1,inhibitor
Amlexanox,HSP90AA1,inhibitor
Amlexanox,IL3,antagonist
Amlexanox,S100A12,antagonist
Amlexanox,S100A13,antagonist
Amlodipine,CA1,inhibitor
Amlodipine,CACNA1B,inhibitor
Amlodipine,CACNA1C,inhibitor
Amlodipine,CACNA1I,inhibitor
Amlodipine,CACNA2D1,blocker
Amlodipine,CACNA2D3,inhibitor
Amlodipine,CACNB1,inhibitor
Amlodipine,SMPD1,inhibitor
Ammonium tetrathiomolybdate,SOD1,inhibitor
Amobarbital,CHRNA4,antagonist
Amobarbital,CHRNA7,antagonist
Amobarbital,GABRA1,potentiator
Amobarbital,GABRA2,potentiator
Amobarbital,GABRA3,potentiator
Amobarbital,GABRA4,potentiator
Amobarbital,GABRA5,potentiator
Amobarbital,GABRA6,potentiator
Amobarbital,GRIA2,antagonist
Amobarbital,GRIK2,antagonist
Amocarzine,ACHE,inhibitor
Amodiaquine,HNMT,inhibitor
Amonafide,TOP2A,unknown
Amonafide,TOP2B,unknown
Amorolfine,SCN7A,blocker
Amoxapine,ADRA1A,antagonist
Amoxapine,ADRA1D,antagonist
Amoxapine,ADRA2A,antagonist
Amoxapine,ADRA2C,antagonist
Amoxapine,CHRM1,antagonist
Amoxapine,CHRM5,antagonist
Amoxapine,DRD1,antagonist
Amoxapine,DRD2,antagonist
Amoxapine,DRD3,antagonist
Amoxapine,DRD4,antagonist
Amoxapine,GABRA1,antagonist
Amoxapine,GABRQ,binder
Amoxapine,HRH1,antagonist
Amoxapine,HRH4,binder
Amoxapine,HTR1A,antagonist
Amoxapine,HTR1B,antagonist
Amoxapine,HTR2A,antagonist
Amoxapine,HTR2B,antagonist
Amoxapine,HTR2C,antagonist
Amoxapine,HTR3A,antagonist
Amoxapine,HTR6,antagonist
Amoxapine,HTR7,antagonist
Amoxapine,SLC6A2,inhibitor
Amoxapine,SLC6A3,binder
Amoxapine,SLC6A4,inhibitor
Amperozide,HTR2A,antagonist
Amphetamine,ADRA2C,agonist
Amphetamine,ADRB3,agonist
Amphetamine,CARTPT,agonist
Amphetamine,DRD2,binder
Amphetamine,MAOB,inhibitor
Amphetamine,SLC18A2,inhibitor
Amphetamine,SLC6A2,agonist;substrate
Amphetamine,SLC6A3,negative modulator
Amphetamine,SLC6A4,binder
Amphetamine,TAAR1,agonist
Ampicillin,SLC15A1,unknown
Ampicillin,SLC15A2,unknown
Ampiroxicam,PTGS1,modulator
Ampiroxicam,PTGS2,modulator
Ampreloxetine,SLC6A2,modulator
Ampreloxetine,SLC6A4,modulator
Amrinone,PDE3A,inhibitor
Amrinone,PDE3B,inhibitor
Amrinone,PDE4D,inhibitor
Amrinone,TNF,inhibitor
Amrubicin,TOP2A,unknown
Amsacrine,ALB,unknown
Amsacrine,KCNH2,inhibitor
Amsacrine,ORM1,unknown
Amsacrine,TOP2A,inhibitor
Amsacrine,TOP2B,inhibitor
Amtolmetin guacil,PTGS1,modulator
Amtolmetin guacil,PTGS2,modulator
Amuvatinib,FLT3,unknown
Amuvatinib,KIT,modulator
Amuvatinib,MET,unknown
Amuvatinib,PDGFRA,modulator
Amuvatinib,RAD51,unknown
Amuvatinib,RET,unknown
Amyl Nitrite,NPR1,agonist
Amylamine,PRSS1,unknown
Amylmetacresol,SCN2A,antagonist
Amylocaine,SCN9A,blocker
Anacetrapib,CETP,inhibitor
Anagliptin,DPP4,modulator
Anagrelide,PDE3A,inhibitor
Anamorelin,GAA,modulator
Anamorelin,GANAB,modulator
Anamorelin,GANC,modulator
Anamorelin,GHSR,stimulator
Anastrozole,CYP19A1,inhibitor
Anatibant,BDKRB2,antagonist
Ancriviroc,CCR5,antagonist
Andarine,AR,agonist
Andrographolide,IL1B,unknown
Andrographolide,IL6,unknown
Andrographolide,NFKB1,unknown
Andrographolide,NFKB2,unknown
Andrographolide,TNF,unknown
Androstanedione,HSD17B1,inhibitor
Androstenediol,ESR1,inhibitor
Androstenediol,ESR2,inhibitor
Androstenedione,AKR1C3,substrate;inducer
Androstenedione,CYP19A1,inhibitor
Androstenedione,HSD17B1,inducer
Androstenedione,HSD3B1,positive allosteric modulator
Anethole trithione,TGM2,inhibitor
Angiotensin 1-7,MAS1,agonist
Anileridine,OPRM1,agonist
Aniline,ALB,unknown
Aniline,KLK1,unknown
Aniracetam,DRD2,inhibitor
Aniracetam,GRIA2,unknown
Aniracetam,GRIA3,unknown
Aniracetam,HTR2A,inhibitor
Anisindione,F2,modulator
Anisindione,GGCX,inhibitor
Anisodamine,ADRB1,modulator
Anisomycin,RPL10L,unknown
Anisomycin,RPL11,unknown
Anisomycin,RPL13A,unknown
Anisomycin,RPL15,unknown
Anisomycin,RPL19,unknown
Anisomycin,RPL23,unknown
Anisomycin,RPL23A,unknown
Anisomycin,RPL26L1,unknown
Anisomycin,RPL3,unknown
Anisomycin,RPL37,unknown
Anisomycin,RPL8,unknown
Anisomycin,RSL24D1,unknown
Anisomycin,SNU13,unknown
Anisotropine methylbromide,CHRM1,antagonist
Anisotropine methylbromide,CHRM2,antagonist
Anisotropine methylbromide,CHRM3,antagonist
Anisotropine methylbromide,CHRM5,binder
Anizatrectinib,NTRK1,inhibitor
Anlotinib,SRC,inhibitor
Annamycin,TOP2A,other/unknown
Anpirtoline,HTR1A,modulator
Anpirtoline,HTR1B,modulator
Antazoline,HRH1,antagonist
Anthralin,KRT12,antagonist
Anthralin,KRT2,antagonist
Anthralin,MAPK8IP1,agonist
Anthranilic acid,DAO,unknown
Anthranilic acid,IL4I1,unknown
Antipyrine,PTGS1,inhibitor
Antipyrine,PTGS2,inhibitor
Antrafenine,PTGS1,inhibitor
Antrafenine,PTGS2,inhibitor
Antroquinonol,DNMT1,inhibitor
Apabetalone,BRD4,modulator
Apadenoson,ADORA2A,agonist
Apadoline,OPRK1,agonist
Apafant,PTAFR,modulator
Apalutamide,AR,antagonist
Apalutamide,GABRQ,antagonist
Apigenin,AKR1B1,inhibitor
Apigenin,AR,inhibitor
Apigenin,CDK6,inhibitor
Apigenin,CSNK2A1,inhibitor
Apigenin,CYP19A1,inhibitor
Apigenin,CYP1B1,inhibitor
Apigenin,HSD17B1,inhibitor
Apilimod,IL12A,inhibitor
Apilimod,PIKFYVE,inhibitor
Apitolisib,MTOR,modulator
Apitolisib,PIK3CG,modulator
Apixaban,F10,inhibitor
Aplaviroc,CCR5,antagonist
Aplindore,DRD2,agonist
Aplyronine A,ACTA1,unknown
Apomine,NR1H4,agonist
Apomorphine,ADRA2A,agonist
Apomorphine,ADRA2B,agonist
Apomorphine,ADRA2C,agonist
Apomorphine,DRD1,agonist
Apomorphine,DRD2,agonist
Apomorphine,DRD3,agonist
Apomorphine,DRD4,agonist
Apomorphine,DRD5,agonist
Apomorphine,HTR1A,agonist
Apomorphine,HTR1B,agonist
Apomorphine,HTR1D,agonist
Apomorphine,HTR2A,agonist
Apomorphine,HTR2B,agonist
Apomorphine,HTR2C,agonist
Apoptone,BCL2,unknown
Apraclonidine,ADRA1A,agonist
Apraclonidine,ADRA2A,agonist
Apraclonidine,ADRA2B,agonist
Apratastat,ADAM17,modulator
Apratastat,MMP1,inhibitor
Apratastat,MMP13,modulator
Apremilast,CDK4,inhibitor
Apremilast,CDK6,inhibitor
Apremilast,PDE4,inhibitor
Aprepitant,TACR1,antagonist
Apricoxib,PTGS2,inhibitor
Aprindine,CALM1,inhibitor
Aprindine,CALM2,inhibitor
Aprindine,CALM3,inhibitor
Aprindine,SCN5A,inhibitor
Aprobarbital,CHRNA4,antagonist
Aprobarbital,CHRNA7,antagonist
Aprobarbital,GABRA1,potentiator
Aprobarbital,GABRA2,potentiator
Aprobarbital,GABRA3,potentiator
Aprobarbital,GABRA4,potentiator
Aprobarbital,GABRA5,potentiator
Aprobarbital,GABRA6,potentiator
Aprobarbital,GRIA2,antagonist
Aprobarbital,GRIK2,antagonist
Aprocitentan,EDNRA,antagonist
Aprocitentan,EDNRB,antagonist
Arabinouridine 3'-phosphate,RNASE1,unknown
Arachidonic Acid,NR1H4,ligand
Arachidonic Acid,PPARA,unknown
Arachidonic Acid,PTGS1,inhibitor
Arachidonic Acid,RXRA,unknown
Arachidonyltrifluoromethane,PLA2G4A,inhibitor
Aranidipine,ADRA2C,agonist
Aranidipine,CACNA1C,antagonist
Aranidipine,CACNA1D,antagonist
Aranidipine,CACNA1F,antagonist
Aranidipine,CACNA1H,inhibitor
Aranidipine,CACNA1S,antagonist
Arbaclofen,GABBR1,agonist
Arbaclofen,GABBR2,agonist
Arbaclofen Placarbil,GABBR1,agonist
Arbaclofen Placarbil,GABBR2,agonist
Arbaclofen Placarbil,GABRG3,agonist
Arbutamine,ADRB1,agonist
Arbutamine,ADRB2,agonist
Arbutamine,ADRB3,agonist
Arbutin,TYR,inhibitor
Archexin,AKT1,unknown
Ardeparin,SERPINC1,potentiator
Ardeparin,SERPIND1,agonist
Arecoline,CHRM1,inhibitor
Arecoline,CHRM3,unknown
Arformoterol,ADCY9,activator
Arformoterol,ADRB2,agonist
Argadin,CHIT1,unknown
Argatroban,F2,inhibitor
Argifin,CHIT1,unknown
Arginine,ARG2,unknown
Arginine,ASL,unknown
Arginine,ASS1,unknown
Arginine,AZIN2,unknown
Arginine,NOS2,unknown
Arginine,NOS3,unknown
Arginine,SLC7A1,unknown
Arginine,SLC7A3,unknown
Arginine,SLC7A4,unknown
Arginine,TK1,modulator
Arginineamide,KCNA4,unknown
Argininosuccinate,ASL,unknown
Arhalofenate,PPARG,agonist
Aripiprazole,ADRA1A,antagonist
Aripiprazole,ADRA1B,antagonist
Aripiprazole,ADRA2A,antagonist
Aripiprazole,ADRA2B,antagonist;ligand
Aripiprazole,ADRA2C,antagonist;other/unknown
Aripiprazole,ADRB1,ligand
Aripiprazole,ADRB2,ligand
Aripiprazole,CHRM1,ligand
Aripiprazole,CHRM2,ligand
Aripiprazole,CHRM3,ligand
Aripiprazole,CHRM4,ligand
Aripiprazole,CHRM5,ligand
Aripiprazole,DRD1,antagonist;partial agonist;ligand
Aripiprazole,DRD2,antagonist;partial agonist
Aripiprazole,DRD3,antagonist;partial agonist
Aripiprazole,DRD4,antagonist;partial agonist
Aripiprazole,DRD5,antagonist;partial agonist;ligand
Aripiprazole,GRIN3B,ligand
Aripiprazole,HRH1,antagonist
Aripiprazole,HRH2,ligand
Aripiprazole,HRH3,ligand
Aripiprazole,HRH4,ligand
Aripiprazole,HTR1A,partial agonist
Aripiprazole,HTR1B,antagonist;ligand
Aripiprazole,HTR1D,antagonist;ligand
Aripiprazole,HTR1E,antagonist;ligand
Aripiprazole,HTR2A,antagonist
Aripiprazole,HTR2B,inverse agonist
Aripiprazole,HTR2C,antagonist;partial agonist
Aripiprazole,HTR3A,antagonist
Aripiprazole,HTR5A,ligand
Aripiprazole,HTR6,antagonist
Aripiprazole,HTR7,antagonist;partial agonist
Aripiprazole,OPRD1,ligand
Aripiprazole,OPRK1,ligand
Aripiprazole,OPRM1,ligand
Aripiprazole,SLC6A3,modulator
Aripiprazole,SLC6A4,modulator
Aripiprazole lauroxil,ADRA1A,antagonist
Aripiprazole lauroxil,ADRA1B,antagonist
Aripiprazole lauroxil,ADRA2A,unknown
Aripiprazole lauroxil,ADRA2B,unknown
Aripiprazole lauroxil,ADRA2C,unknown
Aripiprazole lauroxil,CHRM1,unknown
Aripiprazole lauroxil,CHRM2,unknown
Aripiprazole lauroxil,CHRM3,unknown
Aripiprazole lauroxil,CHRM4,unknown
Aripiprazole lauroxil,CHRM5,unknown
Aripiprazole lauroxil,DRD1,unknown
Aripiprazole lauroxil,DRD2,partial agonist
Aripiprazole lauroxil,DRD3,unknown
Aripiprazole lauroxil,DRD4,unknown
Aripiprazole lauroxil,DRD5,unknown
Aripiprazole lauroxil,HRH1,antagonist
Aripiprazole lauroxil,HTR1A,partial agonist
Aripiprazole lauroxil,HTR1B,unknown
Aripiprazole lauroxil,HTR1D,unknown
Aripiprazole lauroxil,HTR1E,unknown
Aripiprazole lauroxil,HTR2A,antagonist
Aripiprazole lauroxil,HTR2C,unknown
Aripiprazole lauroxil,HTR3A,unknown
Aripiprazole lauroxil,HTR6,unknown
Aripiprazole lauroxil,HTR7,unknown
Armodafinil,ADRA1D,agonist
Armodafinil,SLC6A3,antagonist
Arotinoid acid,RARB,inhibitor
Arotinolol,ADRA1D,antagonist
Arotinolol,ADRB1,antagonist
Arotinolol,ADRB2,antagonist
Arsanilic acid,LYZ,unknown
Arsenic trioxide,AKT1,inducer
Arsenic trioxide,CCND1,antagonist
Arsenic trioxide,CDKN1A,activator
Arsenic trioxide,IKBKB,inducer
Arsenic trioxide,JUN,inducer
Arsenic trioxide,MAPK1,inducer
Arsenic trioxide,MAPK3,inducer
Arsenic trioxide,PML,degradation
Arsenic trioxide,TXNRD1,inhibitor
Artemether,ATP1A1,binder
Artenimol,ACTG1,ligand
Artenimol,ALB,ligand
Artenimol,ALDH7A1,ligand
Artenimol,ALDOA,ligand
Artenimol,ANXA2,ligand
Artenimol,ATP5F1A,ligand
Artenimol,ATP5MG,ligand
Artenimol,ATP5PO,ligand
Artenimol,CAST,ligand
Artenimol,CCT3,ligand
Artenimol,CFL1,ligand
Artenimol,CLIC1,ligand
Artenimol,CSRP1,ligand
Artenimol,CYCS,ligand
Artenimol,DDX39B,ligand
Artenimol,DDX5,ligand
Artenimol,DPYSL2,ligand
Artenimol,DSP,ligand
Artenimol,EEF1A1,ligand
Artenimol,ENO1,ligand
Artenimol,FLNA,ligand
Artenimol,FTO,ligand
Artenimol,G6PD,ligand
Artenimol,GAPDH,ligand
Artenimol,GAPDHS,ligand
Artenimol,GPI,ligand
Artenimol,HNRNPA2B1,ligand
Artenimol,HNRNPD,ligand
Artenimol,HNRNPK,ligand
Artenimol,HP1BP3,ligand
Artenimol,HSPA8,ligand
Artenimol,HSPB1,ligand
Artenimol,IQGAP1,ligand
Artenimol,KHSRP,ligand
Artenimol,LDHA,ligand
Artenimol,LDHB,ligand
Artenimol,LGALS1,ligand
Artenimol,MAP4,ligand
Artenimol,MDH1,ligand
Artenimol,MYH9,ligand
Artenimol,NPEPPS,ligand
Artenimol,NPM1,ligand
Artenimol,P4HB,ligand
Artenimol,PFN1,ligand
Artenimol,PGAM1,ligand
Artenimol,PGK1,ligand
Artenimol,PKM,ligand
Artenimol,PPIA,ligand
Artenimol,PRDX1,ligand
Artenimol,RPL10,ligand
Artenimol,RPL14,ligand
Artenimol,RPL18,ligand
Artenimol,RPL23A,ligand
Artenimol,RPL35,ligand
Artenimol,RPL4,ligand
Artenimol,RPS13,ligand
Artenimol,RPS17,ligand
Artenimol,RPS18,ligand
Artenimol,RPS19,ligand
Artenimol,RPS28,ligand
Artenimol,RPS5,ligand
Artenimol,RPS6,ligand
Artenimol,RPS8,ligand
Artenimol,RPS9,ligand
Artenimol,SF1,ligand
Artenimol,SFPQ,ligand
Artenimol,SHMT2,ligand
Artenimol,SNRPD2,ligand
Artenimol,SRP14,ligand
Artenimol,SRSF4,ligand
Artenimol,TAGLN,ligand
Artenimol,TAGLN2,ligand
Artenimol,TPI1,ligand
Artenimol,TPM1,ligand
Artenimol,TUBA1A,ligand
Artenimol,TUBB,ligand
Artenimol,TUBB4A,ligand
Artenimol,TUBB6,ligand
Artenimol,VIM,ligand
Artenimol,ZYX,ligand
Articaine,SCN9A,inhibitor
Arundic acid,ADRB3,agonist
Arundic acid,S100B,modulator
Arylacenamide,EBP,modulator
Arylacenamide,SIGMAR1,unknown
Arzoxifene,ESR1,inhibitor
Arzoxifene,ESR2,inhibitor
Asapiprant,PTGDR,antagonist
Asciminib,ABL1,inhibitor;allosteric modulator
Ascorbic acid,ALKBH2,activator
Ascorbic acid,ALKBH3,activator
Ascorbic acid,BBOX1,cofactor
Ascorbic acid,DBH,cofactor
Ascorbic acid,EGLN1,cofactor
Ascorbic acid,EGLN2,cofactor
Ascorbic acid,EGLN3,cofactor
Ascorbic acid,KDM5D,cofactor
Ascorbic acid,OGFOD1,cofactor
Ascorbic acid,OGFOD2,cofactor
Ascorbic acid,P3H1,cofactor
Ascorbic acid,P3H2,cofactor
Ascorbic acid,P3H3,cofactor
Ascorbic acid,P4HA1,cofactor
Ascorbic acid,P4HTM,cofactor
Ascorbic acid,PAM,cofactor
Ascorbic acid,PHYH,cofactor
Ascorbic acid,PLOD1,cofactor
Ascorbic acid,PLOD2,cofactor
Ascorbic acid,PLOD3,cofactor
Ascorbic acid,SLC23A1,modulator
Ascorbic acid,SLC23A2,modulator
Ascorbic acid,TMLHE,cofactor
Asenapine,ADRA1A,antagonist
Asenapine,ADRA2A,antagonist
Asenapine,ADRA2B,antagonist
Asenapine,ADRA2C,antagonist
Asenapine,ADRB1,antagonist
Asenapine,ADRB2,antagonist
Asenapine,DRD1,antagonist
Asenapine,DRD2,antagonist
Asenapine,DRD3,antagonist
Asenapine,DRD4,antagonist
Asenapine,HRH1,antagonist
Asenapine,HRH2,antagonist
Asenapine,HTR1A,antagonist
Asenapine,HTR1B,antagonist
Asenapine,HTR2A,antagonist
Asenapine,HTR2B,antagonist
Asenapine,HTR2C,antagonist
Asenapine,HTR5A,antagonist
Asenapine,HTR6,antagonist
Asenapine,HTR7,antagonist
Asiatic acid,PYGM,inhibitor
Asimadoline,OPRK1,agonist
Asivatrep,TRPV1,antagonist
Asnuciclib,CDK1,inhibitor
Asnuciclib,CDK2,inhibitor
Asnuciclib,CDK5,inhibitor
Asnuciclib,CDK9,inhibitor
Asoprisnil,PGR,modulator
Asparagine,ASNS,unknown
Asparagine,ASRGL1,substrate
Asparagine,NARS1,unknown
Asparagine,NARS2,unknown
Asparagine,SLC1A5,unknown
Asparagine,SLC38A4,inhibitor
Aspartame,TAS1R2,agonist
Aspartame,TAS1R3,unknown
Aspartame,TRPV1,inducer
Aspartate beryllium trifluoride,CTDSP1,unknown
Aspartic acid,ACY1,unknown
Aspartic acid,ADSS2,substrate
Aspartic acid,ASNS,substrate
Aspartic acid,ASPA,unknown
Aspartic acid,ASPH,unknown
Aspartic acid,ASRGL1,unknown
Aspartic acid,ASS1,unknown
Aspartic acid,DARS1,unknown
Aspartic acid,DARS2,unknown
Aspartic acid,GOT1,unknown
Aspartic acid,GOT2,unknown
Aspartic acid,GRIN1,agonist
Aspartic acid,GRIN2A,agonist
Aspartic acid,GRIN2B,agonist
Aspartic acid,LYZ,unknown
Aspartic acid,PAICS,substrate
Aspartic acid,RNASE1,unknown
Aspartic acid,SLC1A1,unknown
Aspartic acid,SLC25A12,unknown
Aspartic acid,SLC25A13,unknown
Astaxanthin,NFKBIA,unknown
Astemizole,HRH1,antagonist
Astemizole,KCNH1,unknown
Astemizole,KCNH2,inhibitor
Astemizole,MAPT,unknown
Asundexian,F11,inhibitor
Ataciguat,NPR1,activator
Atagabalin,CACNA2D1,inhibitor
Ataluren,DMD,modulator
Atamparib,TIPARP,inhibitor
Ataprost,PTGIR,modulator
Atecegatran metoxil,F2,inhibitor
Atenolol,ADRB1,antagonist
Atenolol,ADRB2,antagonist
Atibeprone,MAOB,modulator
Aticaprant,OPRK1,antagonist
Atiprimod,IL6,unknown
Atiprimod,STAT3,inhibitor
Atiprimod,TNF,unknown
Atl146e,ADORA2A,unknown
Atocalcitol,VDR,agonist
Atogepant,CALCRL,antagonist
Atomoxetine,GRIN3B,blocker
Atomoxetine,KCNJ3,inhibitor
Atomoxetine,OPRK1,partial agonist
Atomoxetine,SLC6A2,inhibitor
Atomoxetine,SLC6A4,inhibitor
Atopaxar,F2R,antagonist
Atorvastatin,AHR,agonist
Atorvastatin,DPP4,inhibitor
Atorvastatin,HDAC2,inhibitor
Atorvastatin,HMGCR,inhibitor
Atorvastatin,NR1I3,ligand
Atosiban,AVPR1A,antagonist
Atosiban,AVPR1B,antagonist
Atosiban,AVPR2,antagonist
Atosiban,OXTR,antagonist
Atovaquone,DHODH,inhibitor
Atracurium besylate,CHRNA2,antagonist
Atrasentan,EDNRA,antagonist
Atrasentan,EDNRB,antagonist
Atreleuton,ALOX5,inhibitor
Atropine,CHRM1,antagonist
Atropine,CHRM2,antagonist
Atropine,CHRM3,antagonist
Atropine,CHRM4,antagonist
Atropine,CHRM5,antagonist
Atropine,CHRNA4,substrate
Atropine,CHRNB2,substrate
Atropine,GLRA1,antagonist
Auranofin,ESRRA,modulator
Auranofin,ESRRB,modulator
Auranofin,ESRRG,modulator
Auranofin,IKBKB,inhibitor
Auranofin,PRDX5,inhibitor
Aurothioglucose,ADCY1,unknown
Aurothioglucose,ADCY2,unknown
Aurothioglucose,ADCY5,unknown
Avacopan,C5AR1,antagonist
Avadomide,CRBN,modulator
Avagacestat,APH1A,modulator
Avagacestat,APH1B,modulator
Avagacestat,NCSTN,modulator
Avagacestat,PSEN1,modulator
Avagacestat,PSENEN,modulator
Avanafil,PDE5A,inhibitor
Avapritinib,KIT,inhibitor
Avapritinib,PDGFRA,inhibitor
Avasimibe,CES1,inhibitor
Avatrombopag,MPL,agonist
Avexitide,GLP1R,antagonist
Avitriptan,HTR1D,agonist
Avoralstat,KLK2,inhibitor
Avoralstat,KNG1,inhibitor
Avosentan,EDNRA,antagonist
Avotaciclib,CDK1,inhibitor
Avutometinib,ARAF,modulator
Avutometinib,BRAF,modulator
Avutometinib,MAP1A,modulator
Avutometinib,MAP1B,modulator
Avutometinib,MAP2K1,inhibitor
Avutometinib,RAF1,inhibitor;modulator
Axelopran,OPRM1,modulator
Axitinib,ABL1,inhibitor
Axitinib,FLT1,inhibitor
Axitinib,FLT4,inhibitor
Axitinib,KDR,inhibitor
Azacitidine,DNMT1,inhibitor
Azacitidine,PARP1,inhibitor
Azaperone,DRD2,inhibitor
Azaperone,DRD3,inhibitor
Azatadine,HRH1,antagonist
Azathioprine,PPAT,inhibitor
Azathioprine,RAC1,modulator
Azelaic acid,AKR1D1,inhibitor
Azelaic acid,SRD5A1,inhibitor
Azelaic acid,SRD5A2,inhibitor
Azelaic acid,SRD5A3,inhibitor
Azelaic acid,TYR,inhibitor
Azelaprag,APLNR,agonist
Azelastine,HRH1,antagonist
Azelastine,HRH2,inhibitor
Azelastine,LTC4S,inhibitor
Azelastine,PLA2G1B,inhibitor
Azeliragon,AGER,antagonist
Azelnidipine,CACNB1,agonist
Azemiglitazone,INSR,modulator
Azilsartan medoxomil,AGTR1,antagonist
Azimilide,KCNE1,unknown
Azimilide,KCNH2,unknown
Azimilide,KCNQ1,unknown
Azithromycin,PADI4,inhibitor
Azoxystrobin,CYC1,unknown
Azoxystrobin,MT-CYB,unknown
Azoxystrobin,UQCR10,unknown
Azoxystrobin,UQCR11,unknown
Azoxystrobin,UQCRB,unknown
Azoxystrobin,UQCRC1,unknown
Azoxystrobin,UQCRC2,unknown
Azoxystrobin,UQCRFS1,unknown
Azoxystrobin,UQCRH,unknown
Azoxystrobin,UQCRQ,unknown
Azvudine,ABCB1,activator;regulator
Azvudine,ABCC2,regulator
Azvudine,ABCG2,regulator
B-2-Octylglucoside,RHO,unknown
B-2-Octylglucoside,TGM3,unknown
B-nonylglucoside,AQP1,unknown
B-nonylglucoside,CLPS,unknown
B-nonylglucoside,KCNJ3,unknown
B-nonylglucoside,MIP,unknown
B-nonylglucoside,PNLIP,inhibitor
B-nonylglucoside,RHO,unknown
BF-1,HTR2B,unknown
BHV-1310,ASGR1,binder
BHV-1310,IGHG2,degradation
BHV-1310,IGHG4,degradation
BI 2536,PLK1,inhibitor
BI-671800,PTGDR2,antagonist
BIA,COMT,inhibitor
BIIB021,HSP90AA1,inhibitor
BIO-11006,MARCKS,inhibitor
BL-1020,DRD2,unknown
BL-1020,HTR2A,unknown
BLZ-945,CSF1R,antagonist
BLZ-945,CSF3R,inhibitor
BMS-181156,RARG,unknown
BMS-214662,FNTA,modulator
BMS-214662,FNTB,modulator
BMS-488043,FFAR4,unknown
BMS-564929,AR,inhibitor
BMS-599626,EGFR,inhibitor
BMS-599626,ERBB2,inhibitor
BMS-690514,EGFR,inhibitor
BMS-690514,ERBB2,inhibitor
BMS-690514,FLT3,inhibitor
BMS-690514,KDR,inhibitor
BMS-754807,AKT1,inhibitor
BMS-754807,IGF1R,inhibitor
BMS-754807,INSR,inhibitor
BMS-777607,MET,inhibitor
BMS-813160,CCR2,modulator
BMS-813160,CCR5,modulator
BMS-817399,CCR1,modulator
BMS-830216,MCHR1,antagonist
BMS-833923,SMO,inhibitor
BMS-863233,CDC7,modulator
BMS-903452,GPR119,modulator
BMS-908662,BRAF,inhibitor
BMS-911543,JAK2,modulator
BMS-919373,KCNA5,inhibitor
BMS-986020,LPAR1,antagonist
BMS-986104,S1PR1,modulator
BMS-986141,PAWR,antagonist
BMS-986142,BTK,inhibitor
BMS-986278,LPAR1,antagonist
BMS184394,RARG,inhibitor
BN-82451,PTGS1,inhibitor
BN-82451,PTGS2,inhibitor
BOS172722,TTK,inhibitor
BPH-608,FDPS,inhibitor
BQ-123,EDNRA,antagonist
BQ-788,EDNRB,antagonist
BRD-810,MCL1,inhibitor
BTRX-246040,OPRL1,modulator
BX-528,CPB1,unknown
Bacitracin,A2M,inhibitor
Bacitracin,IDE,inhibitor
Baclofen,CXCR4,allosteric modulator
Baclofen,GABBR1,agonist
Baclofen,GABBR2,agonist
Bafetinib,LYN,modulator
Bafilomycin A1,ATP6V1A,inhibitor
Bafilomycin B1,ATP6V1A,inhibitor
Baicalein,ALOX5,inhibitor
Baicalein,GLO1,inhibitor
Baicalein,PREP,inhibitor
Baicalein,SELL,inhibitor
Baicalein,SELP,inhibitor
Baicalein,TNF,inhibitor
Baicalein,XDH,inhibitor
Balaglitazone,PPARG,modulator
Balanol,CSNK2A1,inhibitor
Balanol,PRKACA,unknown
Balanol,PRKCA,inhibitor
Balanol,PRKCB,inhibitor
Balanol,PRKCG,inhibitor
Balanol Analog 1,PRKACA,unknown
Balanol Analog 2,PRKACA,unknown
Balcinrenone,NR3C2,modulator
Balicatib,CTSK,inhibitor
Balipodect,PDE10A,inhibitor
Balovaptan,AVPR1A,antagonist
Balsalazide,ALOX5,inhibitor
Balsalazide,PPARG,agonist
Balsalazide,PTGS1,inhibitor
Balsalazide,PTGS2,inhibitor
Bambuterol,ADRB2,agonist
Bambuterol,BCHE,inhibitor
Bamifylline,ADORA1,antagonist
Bamipine,HRH1,antagonist
Banoxantrone,TOP2A,modulator
Banoxantrone,TOP2B,modulator
Barbital,CHRNA4,antagonist
Barbital,CHRNA7,antagonist
Barbital,GABRA1,potentiator
Barbital,GABRA2,potentiator
Barbital,GABRA3,potentiator
Barbital,GABRA4,potentiator
Barbital,GABRA5,potentiator
Barbital,GABRA6,potentiator
Barbital,GRIA2,antagonist
Barbital,GRIK2,antagonist
Bardoxolone,CASP8,unknown
Bardoxolone,NOS2,inhibitor
Bardoxolone methyl,NFKBIA,unknown
Baricitinib,JAK1,inhibitor
Baricitinib,JAK2,inhibitor
Baricitinib,JAK3,inhibitor
Baricitinib,TYK2,inhibitor
Barnidipine,CACNA1C,antagonist
Barnidipine,CACNA1G,antagonist;inhibitor
Barnidipine,CACNA1H,antagonist;inhibitor
Barusiban,OXTR,antagonist
Basimglurant,GRM5,antagonist
Basmisanil,GABRA5,modulator
Batefenterol,ADRB2,modulator
Batimastat,ADAM28,unknown
Batimastat,ADAMTS5,unknown
Batimastat,MMP12,unknown
Batimastat,MMP16,unknown
Batimastat,MMP3,modulator
Batimastat,MMP8,unknown
Bavisant,HRH3,antagonist
Baxdrostat,CYP11B2,inhibitor
Bazedoxifene,ESR1,antagonist;agonist
Bazedoxifene,ESR2,modulator
Bb-3497,PDF,inhibitor
Becatecarin,TOP1,modulator
Becatecarin,TOP2A,unknown
Becatecarin,TOP2B,unknown
Beclanorsen,BCL2,other/unknown
Beclomethasone dipropionate,ESRRA,modulator
Beclomethasone dipropionate,ESRRB,modulator
Beclomethasone dipropionate,ESRRG,modulator
Beclomethasone dipropionate,NR3C1,agonist
Becocalcidiol,MED1,unknown
Becocalcidiol,VDR,unknown
Bedoradrine,ADRB2,agonist
Befetupitant,TACR1,antagonist
Befiradol,HTR1A,agonist
Befloxatone,MAOA,inhibitor
Befunolol,ADRB1,unknown
Befunolol,ADRB2,unknown
Begacestat,APH1A,modulator
Begacestat,APH1B,modulator
Begacestat,NCSTN,modulator
Begacestat,PSEN1,modulator
Begacestat,PSENEN,modulator
Belaperidone,DRD4,antagonist
Belinostat,HDAC6,inhibitor
Belnacasan,CASP1,unknown
Belnacasan,IL1B,unknown
Beloranib,METAP2,inhibitor
Belotecan,TOP1,inhibitor
Belumosudil,ROCK1,inhibitor
Belumosudil,ROCK2,inhibitor
Belvarafenib,RAF1,inhibitor
Belzutifan,EPAS1,inhibitor
Bemcentinib,AXL,inhibitor
Bemiparin,F10,antagonist
Bemiparin,SERPINC1,antagonist
Bemiparin,SERPIND1,antagonist
Bempedoic acid,ACLY,inhibitor
Benactyzine,CHRM5,antagonist
Benazepril,ACE,inhibitor
Bendazac,PTGS1,unknown
Bendazac,PTGS2,unknown
Bendroflumethiazide,CA1,inhibitor
Bendroflumethiazide,CA2,inhibitor
Bendroflumethiazide,CA4,inhibitor
Bendroflumethiazide,KCNMA1,inducer
Bendroflumethiazide,SLC12A1,blocker
Bendroflumethiazide,SLC12A3,inhibitor
Benidipine,CACNA1A,antagonist
Benidipine,CACNA1B,antagonist
Benidipine,CACNA1I,antagonist
Benoxaprofen,ACAT1,inhibitor
Benserazide,DDC,inhibitor
Bentazepam,GABRG3,ligand
Bentazepam,GABRQ,positive allosteric modulator
Bentiromide,HPN,ligand
Benzamidine,ATOX1,unknown
Benzamidine,CSNK2A1,unknown
Benzamidine,ECI1,unknown
Benzamidine,KLK1,unknown
Benzamidine,KLK6,unknown
Benzamidine,PLAU,inhibitor
Benzamidine,PRSS1,inhibitor
Benzamidine,PRSS2,unknown
Benzamidine,PRSS3,unknown
Benzamidine,ST14,inhibitor
Benzatropine,CHRM1,antagonist
Benzatropine,HRH1,antagonist
Benzatropine,SLC6A2,inhibitor
Benzatropine,SLC6A3,inhibitor
Benzatropine,SLC6A4,inhibitor
Benzbromarone,ABCC1,stimulator
Benzbromarone,ANO1,antagonist
Benzbromarone,CYP2C19,inhibitor
Benzbromarone,CYP2C9,inhibitor
Benzbromarone,SLC22A12,inhibitor
Benzene Hexacarboxylic Acid,PGAM2,unknown
Benzenesulfinic acid,NR1H2,unknown
Benzgalantamine,ACHE,inhibitor
Benzgalantamine,BCHE,inhibitor
Benzgalantamine,CHRNA7,allosteric modulator
Benzhydrocodone,OPRM1,antagonist
Benzimidazole,DYRK1A,inhibitor
Benzo[B]Thiophene-2-Carboxamidine,PRSS1,unknown
Benzocaine,SCN10A,inhibitor
Benzoic acid,DAO,unknown
Benzoic acid,RAB9A,inhibitor
Benzoic acid,SLC15A1,unknown
Benzoin,CES1,inhibitor
Benzolamide,CA1,inhibitor
Benzolamide,CA12,inhibitor
Benzolamide,CA14,inhibitor
Benzolamide,CA2,inhibitor
Benzolamide,CA4,inhibitor
Benzolamide,CA6,inhibitor
Benzolamide,CA9,inhibitor
Benzonatate,SCN5A,antagonist
Benzophenone,ESR1,unknown
Benzophenone,ESR2,unknown
Benzoyl peroxide,AZIN2,activator
Benzoyl peroxide,CAT,inhibitor
Benzoyl peroxide,PRKCZ,inhibitor
Benzoyl peroxide,SOD2,inhibitor
Benzoylformic Acid,HAO1,unknown
Benzphetamine,ADRA1A,agonist
Benzphetamine,ADRA2A,agonist
Benzphetamine,SLC18A2,inducer
Benzphetamine,SLC6A3,inhibitor
Benzquinamide,CHRM1,antagonist
Benzquinamide,CHRM2,antagonist
Benzquinamide,CHRM3,antagonist
Benzquinamide,CHRM4,antagonist
Benzquinamide,CHRM5,antagonist
Benzquinamide,HRH1,antagonist
Benzthiazide,CA1,inhibitor
Benzthiazide,CA12,inhibitor
Benzthiazide,CA2,inhibitor
Benzthiazide,CA4,inhibitor
Benzthiazide,CA9,inhibitor
Benzthiazide,SLC12A3,inhibitor
Benzydamine,PTGS1,inhibitor
Benzydamine,PTGS2,inhibitor
Benzyl benzoate,LIPE,modulator
Benzylamine,PRSS1,unknown
Benzylamine,PRSS2,unknown
Benzylpenicillin,SLC15A1,substrate;inhibitor
Benzylpenicillin,SLC15A2,substrate;inhibitor
Benzylpenicillin,SLC22A8,substrate;inhibitor
Benzylpenicilloyl polylysine,FCER1A,agonist
Benzylpenicilloyl polylysine,FCER1G,agonist
Benzylsulfonic acid,CMA1,unknown
Benzylsulfonic acid,HPN,unknown
Benzylsulfonic acid,SOD2,unknown
Bepotastine,HRH1,antagonist
Bepridil,ATP1A1,inhibitor
Bepridil,CACNA1A,inhibitor
Bepridil,CACNA1H,inhibitor
Bepridil,CACNA2D2,inhibitor
Bepridil,CALM3,binder
Bepridil,KCNH2,inhibitor
Bepridil,KCNQ1,inhibitor
Bepridil,PDE1A,inhibitor
Bepridil,PDE1B,inhibitor
Bepridil,TNNC1,other
Beraprost,PTGIR,agonist
Berberine,BIRC5,unknown
Berberine,TERT,inhibitor
Berotralstat,KLKB1,inhibitor
Berubicin,TOP2A,modulator
Berubicin,TOP2B,modulator
Berupipam,DRD1,antagonist
Berzosertib,ATR,inhibitor
Besipirdine,ADRA1A,antagonist
Beta-(2-Naphthyl)-Alanine,F2,inhibitor
Beta-(2-Naphthyl)-Alanine,PIN1,inhibitor
Beta-(2-Naphthyl)-Alanine,YARS1,unknown
Beta-D-Glucopyranose Spirohydantoin,PYGM,unknown
Beta-D-Glucose,AMY2A,inhibitor
Beta-D-Glucose,AMY2B,unknown
Beta-D-Glucose,GAA,inhibitor
Beta-D-Glucose,GANAB,inhibitor
Beta-D-Glucose,GANC,inhibitor
Beta-D-Glucose,GCK,inhibitor
Beta-D-Glucose,GLT6D1,unknown
Beta-D-Glucose,GNPDA1,unknown
Beta-D-Glucose,HK1,unknown
Beta-D-Glucose,IFNB1,unknown
Beta-D-Glucose,KRTAP5-2,unknown
Beta-D-Glucose,KRTAP5-3,unknown
Beta-D-Glucose,LCTL,unknown
Beta-D-Glucose,LGALS2,unknown
Beta-D-Glucose,LGALS7,unknown
Beta-D-Glucose,MB,unknown
Beta-D-Glucose,NCAN,unknown
Beta-D-Glucose,NUDT9,unknown
Beta-D-Glucose,PTGS1,inhibitor
Beta-D-Glucose,PYGL,unknown
Beta-D-Glucose,PYGM,inhibitor
Beta-D-Glucose,SFTPD,unknown
Beta-D-Glucose,SIGLEC1,unknown
Beta-D-Glucose,SMARCA5,unknown
Beta-Hydroxyaspartic Acid,F10,inhibitor
Betahistine,HRH1,agonist
Betahistine,HRH3,antagonist
Betaine,BHMT,substrate
Betamethasone,NR3C1,agonist
Betamethasone phosphate,ANXA1,agonist
Betamethasone phosphate,NR3C1,agonist
Betaxolol,ADRB1,antagonist
Betaxolol,ADRB2,antagonist
Betazole,HRH2,agonist
Bethanechol,CHRM1,agonist
Bethanechol,CHRM2,agonist
Bethanechol,CHRM3,agonist
Bethanechol,CHRM4,agonist
Bethanechol,CHRM5,agonist
Bethanidine,ADRA2C,agonist
Bethanidine,ADRB1,antagonist
Bethanidine,ADRB3,antagonist
Bethanidine,KCNJ1,inhibitor
Betrixaban,F10,inhibitor
Betulin,PYGM,inhibitor
Bevantolol,ADRA1A,antagonist
Bevantolol,ADRB1,antagonist
Bevantolol,ADRB2,antagonist
Bevantolol,DRD2,antagonist
Bexagliflozin,SLC5A2,inhibitor
Bexarotene,RXRA,agonist
Bexarotene,RXRB,agonist
Bexarotene,RXRG,agonist
Bexlosteride,SRD5A1,inhibitor
Bexotegrast,ITGAV,unknown
Bexotegrast,ITGB1,unknown
Bexotegrast,ITGB6,unknown
Bezafibrate,NR1I2,partial agonist
Bezafibrate,PPARA,agonist
Bezafibrate,PPARD,agonist
Bezafibrate,PPARG,agonist
Bezafibrate,RXRA,agonist
Bezafibrate,RXRB,agonist
Bezafibrate,RXRG,agonist
Bezisterim,NFKB1,unknown
Bezisterim,NFKB2,unknown
Bezuclastinib,KIT,inhibitor
Bicalutamide,AR,antagonist
Bicifadine,DRD2,unknown
Bicifadine,SLC6A2,modulator
Bicifadine,SLC6A4,modulator
Bicine,PLG,inhibitor
Bifemelane,MAOA,modulator
Bifeprunox,DRD2,modulator
Bifeprunox,HTR1A,modulator
Bifonazole,CYP2B6,unknown
Bilastine,HRH1,antagonist
Biliverdine IX Alpha,BLVRB,unknown
Biliverdine IX Alpha,HMOX1,inhibitor
Biliverdine IX Alpha,MB,unknown
Bimatoprost,PTGER1,agonist
Bimatoprost,PTGER3,agonist
Bimatoprost,PTGFR,agonist
Bimiralisib,MTOR,inhibitor
Bimiralisib,PIK3CB,inhibitor
Bimiralisib,PIK3CG,inhibitor
Bimoclomol,HSF1,unknown
Bimoclomol,HSPA1A,modulator
Bimoclomol,HSPA1B,modulator
Bimosiamose,SELE,inhibitor
Bindarit,CCL2,inhibitor
Binimetinib,MAP2K1,inhibitor
Binimetinib,MAP2K2,inhibitor
Binodenoson,ADORA2A,agonist
Bioallethrin,CACNA1A,blocker
Bioallethrin,CACNA1I,agonist
Bioallethrin,SCN9A,modulator
Biochanin A,CYP19A1,inhibitor
Biochanin A,ESRRA,agonist
Biochanin A,FASN,inhibitor
Biomed 101,LTB4R,binder
Biomed 101,LTB4R2,inhibitor
Biopterin,DHFR,unknown
Biopterin,PDF,inhibitor
Biopterin,PTS,unknown
Biopterin,SPR,unknown
Biotin,ACACA,cofactor
Biotin,ACACB,cofactor
Biotin,HLCS,substrate
Biotin,MCCC1,cofactor
Biotin,MCCC2,cofactor
Biotin,PC,cofactor
Biotin,PCCA,cofactor
Biotin,PCCB,cofactor
Bioymifi,TNFRSF10B,binder
Biperiden,CHRM1,antagonist
Biphenylalanine,IGHG1,unknown
Birabresib,BRD2,modulator
Birabresib,BRD4,modulator
Biricodar,ABCB1,modulator
Biricodar,ABCB5,unknown
Biricodar,ABCC1,unknown
Biricodar,ABCG2,unknown
Birinapant,BIRC2,modulator
Birinapant,XIAP,modulator
Bis(5-Amidino-Benzimidazolyl)Methane,PRSS1,unknown
Bis(Adenosine)-5'-Pentaphosphate,AK1,unknown
Bis(Adenosine)-5'-Pentaphosphate,AK2,unknown
Bis(Adenosine)-5'-Pentaphosphate,AK8,unknown
Bis-Benzamidine,PRSS1,unknown
Bis-Napthyl Beta-Ketophosphonic Acid,CTSG,inhibitor
Bisacodyl,AQP3,negative modulator
Bisacodyl,FXYD2,inhibitor
Bisegliptin,DPP4,unknown
Bisindolylmaleimide I,AKT1,inhibitor
Bisindolylmaleimide I,CCNB1,inhibitor
Bisindolylmaleimide I,CDK1,inhibitor
Bisindolylmaleimide I,CHEK1,inhibitor
Bisindolylmaleimide I,GSK3B,inhibitor
Bisindolylmaleimide I,LCK,inhibitor
Bisindolylmaleimide I,MAPK1,inhibitor
Bisindolylmaleimide I,MAPK11,inhibitor
Bisindolylmaleimide I,MAPK12,inhibitor
Bisindolylmaleimide I,MAPK14,inhibitor
Bisindolylmaleimide I,MAPK8,inhibitor
Bisindolylmaleimide I,PDPK1,unknown
Bisindolylmaleimide I,PIM1,unknown
Bisindolylmaleimide I,PRKCG,inhibitor
Bisindolylmaleimide I,PRKCI,unknown
Bisindolylmaleimide I,PRKCZ,inhibitor
Bisindolylmaleimide I,ROCK1,inhibitor
Bisindolylmaleimide I,SGK1,inhibitor
Bisindolylmaleimide VIII,DMPK,unknown
Bisindolylmaleimide VIII,PDPK1,unknown
Bismuth subsalicylate,ALB,binder
Bisoprolol,ADRB1,antagonist
Bisoprolol,ADRB2,antagonist
Bisphenol A,AR,antagonist
Bisphenol A,ESR2,agonist
Bisphenol A,ESRRG,unknown
Bisphenol A diglycidyl ether,CATSPER1,activator
Bisphenol Z,ESRRG,unknown
Bithionol,CAPN2,inhibitor
Bithionol,ESR1,inhibitor
Bithionol,ESR2,inhibitor
Bithionol,MCL1,inhibitor
Bitolterol,ADRB2,unknown
Bitolterol,ADRB3,modulator
Bitopertin,SLC6A9,blocker
Bivalirudin,F2,inhibitor
Blarcamesine,CHRM1,agonist
Blarcamesine,SIGMAR1,agonist
Bleomycin,LIG1,inhibitor
Bleomycin,LIG3,inhibitor
Blonanserin,DRD2,antagonist
Blonanserin,DRD3,antagonist
Blonanserin,HTR2A,antagonist
Boldenone,AR,agonist
Boldenone undecylenate,AR,unknown
Boldione,CYP19A1,inhibitor
Bombesin,BRS3,agonist
Bombesin,GRPR,agonist
Bombesin,NMBR,agonist
Bomedemstat,KDM1A,inhibitor
Bopindolol,ADRB1,antagonist;partial agonist
Bopindolol,ADRB2,antagonist;partial agonist
Bopindolol,ADRB3,modulator
Bopindolol,HTR1A,unknown
Bopindolol,HTR1B,unknown
Borneol,TRPV3,activator
Bortezomib,PRSS1,inhibitor
Bortezomib,PSMB1,inhibitor
Bortezomib,PSMB5,inhibitor
Bosentan,EDNRA,antagonist
Bosentan,EDNRB,antagonist
Bosutinib,ABL1,inhibitor
Bosutinib,CAMK2G,inhibitor
Bosutinib,FGR,inhibitor
Bosutinib,HCK,inhibitor
Bosutinib,LYN,inhibitor
Bosutinib,MAP2K1,inhibitor
Bosutinib,MAP2K2,inhibitor
Bosutinib,MAP3K2,inhibitor
Bosutinib,SLK,inhibitor
Bosutinib,SRC,inhibitor
Bosutinib,TEC,inhibitor
Bradanicline,CHRNA7,agonist
Bradykinin,BDKRB2,inhibitor
Branaplam,SMN1,modulator
Branebrutinib,BTK,inhibitor
Brasofensine,DRD2,unknown
Brasofensine,SLC6A4,modulator
Brefeldin A,ARF1,unknown
Brefeldin A,CYTH2,unknown
Brensocatib,CTSC,inhibitor
Brepocitinib,JAK1,inhibitor
Brepocitinib,TYK2,inhibitor
Brequinar,DHODH,modulator
Brequinar Analog,DHODH,unknown
Bretazenil,TSPO,modulator
Bretylium,ADRB1,antagonist
Bretylium,ATP1A1,inhibitor
Brexanolone,GABRA1,inhibitor
Brexanolone,GABRB2,inhibitor
Brexanolone,GABRD,inhibitor
Brexanolone,GABRG2,inhibitor
Brexanolone,GABRG3,modulator
Brexanolone,GABRQ,positive allosteric modulator
Brexpiprazole,ADRA1A,antagonist
Brexpiprazole,ADRA1B,antagonist
Brexpiprazole,ADRA1D,antagonist
Brexpiprazole,ADRA2C,antagonist
Brexpiprazole,CHRM1,antagonist
Brexpiprazole,DRD2,partial agonist
Brexpiprazole,DRD3,partial agonist
Brexpiprazole,HRH1,antagonist
Brexpiprazole,HTR1A,partial agonist
Brexpiprazole,HTR2A,antagonist
Brexpiprazole,HTR2B,antagonist
Brexpiprazole,HTR7,antagonist
Briciclib,CCND1,inhibitor
Brigatinib,ABL1,inhibitor
Brigatinib,ALK,inhibitor
Brigatinib,EGFR,inhibitor
Brigatinib,ERBB2,inhibitor
Brigatinib,ERBB4,inhibitor
Brigatinib,FLT3,inhibitor
Brigatinib,IGF1R,inhibitor
Brigatinib,INSR,binding
Brigatinib,MET,inhibitor
Brilanestrant,ESR1,modulator
Brimonidine,ADRA2A,agonist
Brimonidine,ADRA2B,agonist
Brimonidine,ADRA2C,agonist
Brincidofovir,POLB,inhibitor
Brincidofovir,POLD1,inhibitor
Brincidofovir,POLD4,inhibitor
Brincidofovir,POLE2,inhibitor
Brincidofovir,POLG,inhibitor
Brincidofovir,POLG2,inhibitor
Brincidofovir,POLN,inhibitor
Brincidofovir,POLQ,inhibitor
Brinzolamide,CA1,inhibitor
Brinzolamide,CA2,inhibitor
Brinzolamide,CA3,inhibitor
Brinzolamide,CA4,inhibitor
Brinzolamide,CA5A,inhibitor
Brivanib,KDR,modulator
Brivanib alaninate,FGFR3,inhibitor
Brivaracetam,SCN4B,inhibitor
Brivaracetam,SV2A,unknown
Brivudine,TK1,inhibitor
Brivudine,TK2,substrate
Brivudine monophosphate,TK1,inhibitor
Brocresine,HDC,inhibitor
"Brodimoprim-4,6-Dicarboxylate",PDF,inhibitor
Brofaromine,MAOA,inhibitor
Brolamfetamine,HTR1A,inhibitor
Brolamfetamine,HTR1D,inhibitor
Brolamfetamine,HTR2A,inhibitor
Bromazepam,GABRG3,ligand
Bromazepam,GABRQ,positive allosteric modulator
Bromfenac,PTGS1,inhibitor
Bromfenac,PTGS2,inhibitor
Bromhexine,ACE2,binder
Bromhexine,TMPRSS2,inhibitor
Bromo-WR99210,PDF,inhibitor
Bromo-Willardiine,GRIA2,unknown
Bromocriptine,ADRA1A,antagonist;agonist
Bromocriptine,ADRA1B,antagonist;agonist
Bromocriptine,ADRA1D,agonist
Bromocriptine,ADRA2A,agonist
Bromocriptine,ADRA2B,agonist
Bromocriptine,ADRA2C,agonist
Bromocriptine,DRD1,agonist
Bromocriptine,DRD2,agonist
Bromocriptine,DRD3,agonist
Bromocriptine,DRD4,antagonist
Bromocriptine,DRD5,agonist
Bromocriptine,HTR1A,agonist
Bromocriptine,HTR1B,agonist
Bromocriptine,HTR1D,agonist
Bromocriptine,HTR2A,agonist
Bromocriptine,HTR2B,agonist
Bromocriptine,HTR2C,agonist
Bromocriptine,HTR7,antagonist
Bromodiphenhydramine,HRH1,antagonist
Bromopride,DRD2,antagonist
Bromotheophylline,ADORA3,antagonist
Brompheniramine,CHRM1,antagonist
Brompheniramine,CHRM2,antagonist
Brompheniramine,CHRM3,antagonist
Brompheniramine,CHRM4,antagonist
Brompheniramine,CHRM5,antagonist
Brompheniramine,HRH1,antagonist
Brotizolam,GABRG3,ligand
Brotizolam,GABRQ,positive allosteric modulator
Bryostatin 1,CASP8,inhibitor
Bryostatin 1,CCND1,inhibitor
Bryostatin 1,CD86,inducer
Bryostatin 1,PRKCA,activator
Bryostatin 1,PRKCE,activator
Bryostatin 1,PRKD1,activator
Bryostatin 1,PTGS2,inducer
Bryostatin 1,TNF,inducer
Bucindolol,ADRB1,modulator
Bucindolol,ADRB2,modulator
Bucladesine,SERPINE1,inhibitor
Buclizine,CHRM1,antagonist
Buclizine,HRH1,antagonist
Budesonide,ANXA1,substrate
Budesonide,NR3C1,agonist
Budipine,MAOB,modulator
Bufexamac,HDAC10,inhibitor
Bufexamac,HDAC6,inhibitor
Bufexamac,PTGS1,inhibitor
Bufexamac,PTGS2,inhibitor
Bufotenine,HTR1D,antagonist
Bufotenine,HTR2A,antagonist
Bufotenine,HTR5A,antagonist
Bufotenine,HTR6,antagonist
Bufotenine,HTR7,agonist
Bufuralol,ADRB3,antagonist
Buloxibutid,AGTR2,agonist
Bumetanide,CFTR,antagonist
Bumetanide,SLC12A1,inhibitor
Bumetanide,SLC12A2,inhibitor
Bumetanide,SLC12A4,inhibitor
Bumetanide,SLC12A5,inhibitor
Bunazosin,ADRA1D,modulator
Buparlisib,PIK3CA,inhibitor
Buparlisib,PIK3CB,inhibitor
Buparlisib,PIK3CD,inhibitor
Buparlisib,PIK3CG,inhibitor
Bupivacaine,PTGER1,other/unknown
Bupivacaine,SCN10A,inhibitor
Bupranolol,ADRB1,antagonist
Bupranolol,ADRB2,antagonist
Bupranolol,ADRB3,antagonist
Buprenorphine,OPRD1,antagonist
Buprenorphine,OPRK1,antagonist
Buprenorphine,OPRL1,agonist
Buprenorphine,OPRM1,partial agonist
Bupropion,CHRNA3,antagonist
Bupropion,HTR3A,negative modulator
Bupropion,SLC6A2,inhibitor
Bupropion,SLC6A3,inhibitor
Bupropion,SLC6A4,inhibitor
Burapitant,TACR1,antagonist
Burixafor,CXCR4,inhibitor
Buspirone,ADRA1D,partial agonist
Buspirone,DRD2,antagonist
Buspirone,DRD3,antagonist
Buspirone,DRD4,antagonist
Buspirone,HTR1A,partial agonist
Butabarbital,CHRNB4,inhibitor
Butabarbital,GABRA1,antagonist
Butabarbital,GABRQ,positive allosteric modulator
Butabarbital,GRIA1,antagonist
Butabarbital,GRIA2,antagonist
Butabarbital,GRIA3,antagonist
Butabarbital,GRIA4,antagonist
Butabarbital,GRIK1,antagonist
Butabarbital,GRIK2,antagonist
Butabarbital,GRIK3,antagonist
Butabarbital,GRIK4,antagonist
Butabarbital,GRIK5,antagonist
Butalbital,CHRNA4,antagonist
Butalbital,CHRNA7,antagonist
Butalbital,GABRA1,potentiator
Butalbital,GABRA2,potentiator
Butalbital,GABRA3,potentiator
Butalbital,GABRA4,potentiator
Butalbital,GABRA5,potentiator
Butalbital,GABRA6,potentiator
Butalbital,GABRQ,positive allosteric modulator
Butalbital,GRIA2,antagonist
Butalbital,GRIK2,antagonist
Butamben,CACNA1I,inhibitor
Butamben,KCNJ8,antagonist
Butamben,TRPA1,inhibitor
Butamben,TRPV4,inhibitor
Butenafine,SQLE,inhibitor
Butobarbital,CHRNA4,antagonist
Butobarbital,CHRNA7,antagonist
Butobarbital,GABRA1,potentiator
Butobarbital,GABRA2,potentiator
Butobarbital,GABRA3,potentiator
Butobarbital,GABRA4,potentiator
Butobarbital,GABRA5,potentiator
Butobarbital,GABRA6,potentiator
Butobarbital,GRIA2,antagonist
Butobarbital,GRIK2,antagonist
Butorphanol,OPRD1,agonist
Butorphanol,OPRK1,agonist
Butorphanol,OPRM1,antagonist
Butriptyline,HRH1,antagonist
Butriptyline,HTR2A,antagonist
Butriptyline,SLC6A4,antagonist;inhibitor
Butropium,CHRM5,antagonist
Butylated hydroxytoluene,CA2,inhibitor
Butylscopolamine,CHRM2,antagonist
Butylscopolamine,CHRM3,antagonist
Butylscopolamine,CHRM5,modulator
Butyrfentanyl,OPRD1,agonist
Butyrfentanyl,OPRK1,agonist
Butyrfentanyl,OPRM1,agonist
Butyric Acid,BCHE,inhibitor
Butyric Acid,HDAC1,inhibitor
Butyrylthiocholine,BCHE,substrate
C31G,CD9,unknown
CA-074 methyl ester,CTSB,unknown
CA-170,CD274,inhibitor
CA-170,VSIR,inhibitor
CA4P,TUBB,unknown
CAN-508,CDK2,unknown
CB-5083,VCP,inhibitor
CBP-501,MAPKAPK2,inhibitor
CBP-501,MARK3,inhibitor
CC-401,MAPK10,modulator
CC-401,MAPK8,modulator
CC-401,MAPK9,modulator
CCT-018159,HSP90AA1,inhibitor
CCT-018159,HSP90AB1,unknown
CCX-354,CCR1,antagonist
CCX915,ABCC9,blocker
CCX915,CCR2,unknown
CD564,RARG,inhibitor
CDC-801,PDE4A,inhibitor
CDC-801,PDE4B,inhibitor
CDC-801,PDE4D,inhibitor
CDP323,ITGA4,unknown
CE-224535,P2RX7,antagonist
CE-326597,CCKAR,agonist
CEP-1347,MAP3K9,inhibitor
CEP-1347,MAPK12,unknown
CEP-37440,PTK2,modulator
CFG-920,CYP17A1,inhibitor
CGI-1842,ERBB4,modulator
CGS-27023,ADAMTS4,inhibitor
CGS-27023,CA2,inhibitor
CGS-27023,CA9,inhibitor
CGS-27023,MMP1,inhibitor
CGS-27023,MMP12,unknown
CGS-27023,MMP13,inhibitor
CGS-27023,MMP14,inhibitor
CGS-27023,MMP2,inhibitor
CGS-27023,MMP3,inhibitor
CGS-27023,MMP7,inhibitor
CGS-27023,MMP8,inhibitor
CGS-27023,MMP9,inhibitor
CH-1504 L-isomer,DHFR,inhibitor
CH-5132799,PIK3CA,inhibitor
CH-5132799,PIK3CB,inhibitor
CH-5132799,PIK3CD,inhibitor
CH-5132799,PIK3CG,modulator
CHF 4227,ESR1,unknown
CHF 4227,ESR2,unknown
CHGN111,CLK1,unknown
CHIR-124,CHEK1,unknown
CHS-828,NAMPT,inhibitor
CI-1040,AKT1,inhibitor
CI-1040,CHEK1,inhibitor
CI-1040,GSK3B,inhibitor
CI-1040,LCK,inhibitor
CI-1040,MAP3K1,inhibitor
CI-1040,MAP3K2,inhibitor
CI-1040,MAPK1,inhibitor
CI-1040,MAPK11,inhibitor
CI-1040,MAPK12,inhibitor
CI-1040,MAPK14,inhibitor
CI-1040,MAPK8,inhibitor
CI-1040,PRKCA,inhibitor
CI-1040,ROCK1,inhibitor
CI-1040,RPS6KB1,inhibitor
CI-1040,SGK1,inhibitor
CLX-0921,PPARG,unknown
CMX-2043,AKT1,modulator
CMX-2043,MET,modulator
CN-105,APOE,agonist
CNS-5161,GRIN1,unknown
CNV-2197944,CACNA1B,blocker
COTI-2,TP53,modulator
CP-122721,TACR1,antagonist
CP-195543,LTB4R,antagonist
CP-271485,MMP12,inhibitor
CP-320626,PYGM,unknown
CP-526423,PYGL,unknown
CP-547632,KDR,inhibitor
CP-601927,CHRNA4,modulator
CP-601927,CHRNB2,modulator
CP-724714,ERBB2,inhibitor
CP-744809,AKR1B1,inhibitor
CP-96345,TACR1,inhibitor
CPG-52852,TLR7,agonist
CPP-115 free base,ABAT,inhibitor
CR665,OPRK1,agonist
CRA-028129,CTSS,unknown
CRA-9334,PRSS1,unknown
CRA_10433,PRSS1,unknown
CRA_10655,PLAU,inhibitor
CRA_10655,PRSS1,unknown
CRA_10656,PRSS1,unknown
CRA_10762,PRSS1,unknown
CRA_10972,PRSS1,unknown
CRA_10991,PRSS1,unknown
CRA_11092,PRSS1,unknown
CRA_1144,HPN,inhibitor
CRA_1144,PRSS1,unknown
CRA_16847,PRSS1,unknown
CRA_17312,PRSS1,unknown
CRA_17693,PRSS1,unknown
CRA_1801,PRSS1,unknown
CRA_1802,PRSS1,unknown
CRA_23653,PRSS1,unknown
CRA_8696,F2,inhibitor
CRA_8696,PLAU,inhibitor
CRA_8696,PRSS1,unknown
CRA_9076,PRSS1,unknown
CRA_9678,PRSS1,unknown
CRA_9785,PRSS1,unknown
CRx-119,SLC6A2,unknown
CRx-119,SLC6A4,unknown
CRx-139,CRP,unknown
CRx-139,IL10,unknown
CRx-139,IL6,unknown
CRx-139,TNF,unknown
CT-2584,PCYT1B,modulator
CTCE-0214,CXCL12,unknown
CTCE-9908,CXCR4,modulator
CTS-1027,MMP1,inhibitor
CTS-1027,MMP13,inhibitor
CTS-1027,MMP2,inhibitor
CTS-1027,MMP3,inhibitor
CTS-1027,MMP9,inhibitor
CTS-21166,BACE1,inhibitor
CUDC-101,EGFR,modulator
CUDC-101,ERBB2,modulator
CVN-424,GPR6,agonist
CVT-6883,ADORA2B,modulator
CX-717,BDNF,unknown
CX-717,GRIA1,unknown
CX-717,GRIA2,unknown
CX-717,GRIA3,unknown
CX-717,GRIA4,unknown
CX157,MAOA,unknown
CX516,GRIA1,unknown
CYC116,AURKA,unknown
CYC116,AURKB,inhibitor
CYC116,KDR,unknown
CZEN 002,MC1R,unknown
CZEN 002,NFKB1,modulator
CZEN 002,NFKB2,modulator
CZEN 002,REL,modulator
CZEN 002,RELA,modulator
CZEN 002,RELB,modulator
Cabazitaxel,TUBB1,inhibitor
Cabergoline,ADRA1A,binder
Cabergoline,ADRA1B,binder
Cabergoline,ADRA1D,binder
Cabergoline,ADRA2A,antagonist
Cabergoline,ADRA2B,antagonist
Cabergoline,ADRA2C,antagonist
Cabergoline,ADRB1,binder
Cabergoline,ADRB2,binder
Cabergoline,DRD1,agonist
Cabergoline,DRD2,agonist
Cabergoline,DRD3,agonist
Cabergoline,DRD4,agonist
Cabergoline,DRD5,agonist
Cabergoline,HTR1A,agonist
Cabergoline,HTR1B,agonist
Cabergoline,HTR1D,agonist
Cabergoline,HTR2A,agonist
Cabergoline,HTR2B,agonist
Cabergoline,HTR2C,agonist
Cabergoline,HTR7,antagonist
Cabozantinib,AXL,inhibitor
Cabozantinib,FLT1,inhibitor
Cabozantinib,FLT3,inhibitor
Cabozantinib,FLT4,inhibitor
Cabozantinib,KDR,inhibitor
Cabozantinib,KIT,inhibitor
Cabozantinib,MERTK,inhibitor
Cabozantinib,MET,inhibitor
Cabozantinib,NTRK2,inhibitor
Cabozantinib,RET,inhibitor
Cabozantinib,ROS1,inhibitor
Cabozantinib,TEK,inhibitor
Cabozantinib,TYRO3,inhibitor
Cacodylic acid,AKR1B1,inhibitor
Cacodylic acid,GNAT1,unknown
Cacodylic acid,NOS3,inhibitor
Cadaverine,CA1,inhibitor
Cadaverine,CA12,inhibitor
Cadaverine,CA14,inhibitor
Cadaverine,CA2,inhibitor
Cadaverine,CA4,inhibitor
Cadaverine,CA6,inhibitor
Cadaverine,CA9,inhibitor
Caffeine,ADORA1,antagonist
Caffeine,ADORA2A,antagonist
Caffeine,ADORA2B,antagonist
Caffeine,ADORA3,antagonist
Caffeine,ATM,inhibitor
Caffeine,ITPR3,inhibitor
Caffeine,NT5E,inhibitor
Caffeine,PDE1B,inhibitor
Caffeine,PDE4B,inhibitor
Caffeine,PDE6B,inhibitor
Caffeine,PIK3CA,inhibitor
Caffeine,PIK3CB,inhibitor
Caffeine,PIK3CD,inhibitor
Caffeine,PRKDC,inhibitor
Caffeine,RYR1,activator
Calcifediol,VDR,agonist
Calcipotriol,VDR,antagonist
Calcitriol,HOXA10,upregulator
Calcitriol,VDR,agonist
Calcium,ALPP,unknown
Calcium,AOC1,unknown
Calcium,ATP2C1,agonist
Calcium,BMP4,unknown
Calcium,CACNA1C,ligand
Calcium,CALM3,unknown
Calcium,CAST,unknown
Calcium,COMP,unknown
Calcium,CP,unknown
Calcium,MGP,unknown
Calcium,PCDH19,unknown
Calcium,PDCD6,unknown
Calcium,S100A13,unknown
Calcium,S100A2,unknown
Calcium,S100A8,unknown
Calcium,S100A9,unknown
Calcium,S100B,unknown
Calcium,SPTBN1,agonist
Calcium,TNNC1,agonist
Calcium,TNNC2,agonist
Calcium Phosphate,CADPS,agonist
Calcium Phosphate,CADPS2,agonist
Calcium Phosphate,CALB2,ligand
Calcium Phosphate,CALM2,agonist
Calcium Phosphate,CALM3,agonist
Calcium Phosphate,CALR,ligand
Calcium Phosphate,CALR3,ligand
Calcium Phosphate,CANX,ligand
Calcium Phosphate,CAPS,ligand
Calcium Phosphate,CASQ1,ligand
Calcium Phosphate,CASQ2,ligand
Calcium Phosphate,CASR,agonist
Calcium Phosphate,CHP1,agonist
Calcium Phosphate,CIB1,ligand
Calcium Phosphate,CIB2,ligand
Calcium Phosphate,FBN2,ligand
Calcium Phosphate,FBN3,ligand
Calcium Phosphate,GCA,ligand
Calcium Phosphate,NCS1,ligand
Calcium Phosphate,NRXN1,agonist
Calcium Phosphate,NUCB1,ligand
Calcium Phosphate,NUCB2,ligand
Calcium Phosphate,PDCD6,agonist
Calcium Phosphate,PEF1,ligand
Calcium Phosphate,RGN,ligand
Calcium Phosphate,S100A13,ligand
Calcium Phosphate,S100A16,ligand
Calcium Phosphate,S100A6,ligand
Calcium Phosphate,S100B,ligand
Calcium Phosphate,SPARC,ligand
Calcium Phosphate,SRI,ligand
Calcium Phosphate,TPT1,ligand
Calcium carbimide,ALDH1A1,inhibitor
Calcium carbimide,ALDH1B1,inhibitor
Calcium carbimide,ALDH2,inhibitor
Calcium carbimide,ALDH3B2,antagonist;inhibitor
Calcium chloride,S100A13,unknown
Calcium citrate,CADPS,agonist
Calcium citrate,CADPS2,agonist
Calcium citrate,CALB2,ligand
Calcium citrate,CALM2,agonist
Calcium citrate,CALM3,agonist
Calcium citrate,CALR,ligand
Calcium citrate,CALR3,ligand
Calcium citrate,CANX,ligand
Calcium citrate,CAPS,ligand
Calcium citrate,CASQ1,ligand
Calcium citrate,CASQ2,ligand
Calcium citrate,CASR,agonist
Calcium citrate,CHP1,agonist
Calcium citrate,CIB1,ligand
Calcium citrate,CIB2,ligand
Calcium citrate,FBN2,ligand
Calcium citrate,FBN3,ligand
Calcium citrate,GCA,ligand
Calcium citrate,NCS1,ligand
Calcium citrate,NRXN1,agonist
Calcium citrate,NUCB1,ligand
Calcium citrate,NUCB2,ligand
Calcium citrate,PDCD6,agonist
Calcium citrate,PEF1,ligand
Calcium citrate,RGN,ligand
Calcium citrate,S100A13,ligand
Calcium citrate,S100A16,ligand
Calcium citrate,S100A6,ligand
Calcium citrate,S100B,ligand
Calcium citrate,SPARC,ligand
Calcium citrate,SRI,ligand
Calcium citrate,TPT1,ligand
Calcium levulinate,CALB2,agonist
Calcium levulinate,CALM3,agonist
Calcium levulinate,CASQ1,agonist
Calcium phosphate dihydrate,CADPS,unknown
Calcium phosphate dihydrate,CADPS2,unknown
Calcium phosphate dihydrate,CALB2,unknown
Calcium phosphate dihydrate,CALM2,unknown
Calcium phosphate dihydrate,CALM3,unknown
Calcium phosphate dihydrate,CALR,unknown
Calcium phosphate dihydrate,CALR3,unknown
Calcium phosphate dihydrate,CANX,unknown
Calcium phosphate dihydrate,CAPS,unknown
Calcium phosphate dihydrate,CASQ1,unknown
Calcium phosphate dihydrate,CASQ2,unknown
Calcium phosphate dihydrate,CASR,unknown
Calcium phosphate dihydrate,CHP1,unknown
Calcium phosphate dihydrate,CIB1,unknown
Calcium phosphate dihydrate,CIB2,unknown
Calcium phosphate dihydrate,FBN2,unknown
Calcium phosphate dihydrate,FBN3,unknown
Calcium phosphate dihydrate,GCA,unknown
Calcium phosphate dihydrate,NCS1,unknown
Calcium phosphate dihydrate,NRXN1,unknown
Calcium phosphate dihydrate,NUCB1,unknown
Calcium phosphate dihydrate,NUCB2,unknown
Calcium phosphate dihydrate,PDCD6,unknown
Calcium phosphate dihydrate,PEF1,unknown
Calcium phosphate dihydrate,RGN,unknown
Calcium phosphate dihydrate,S100A13,unknown
Calcium phosphate dihydrate,S100A16,unknown
Calcium phosphate dihydrate,S100A6,unknown
Calcium phosphate dihydrate,S100B,unknown
Calcium phosphate dihydrate,SPARC,unknown
Calcium phosphate dihydrate,SRI,unknown
Calcium phosphate dihydrate,TPT1,unknown
Caldaret,SLC8A1,unknown
Calusterone,AR,inhibitor
Calyculin A,PPP1CC,unknown
Calyculin A,SLC12A1,blocker
Calystegine B2,GLA,inhibitor
Camazepam,GABRG3,ligand
Camazepam,GABRQ,positive allosteric modulator
Cambinol,SIRT1,inhibitor
Cambinol,SIRT2,inhibitor
Cambinol,SIRT5,inhibitor
Camicinal,MLNR,modulator
Camizestrant,ESR1,degradation
Camobucol,TNF,inhibitor
Camonsertib,ATR,inhibitor
Camostat,CCK,inhibitor
Camostat,PRSS1,inhibitor
Camostat,ST14,inhibitor
Camostat,TMPRSS2,inhibitor
Camphor,TRPA1,inhibitor
Camphor,TRPM8,activator
Camphor,TRPV1,agonist;activator
Camphor,TRPV3,agonist;activator
Camptothecin,TOP1,inhibitor
Camsirubicin,TOP2A,inhibitor
Canagliflozin,SLC5A2,inhibitor
Canaline,OAT,inhibitor
Canavanine,NOS3,inhibitor
Candesartan,AGTR1,antagonist
Candesartan cilexetil,AGTR1,antagonist
Candoxatril,ACE,inhibitor
Candoxatril,MME,inhibitor
Candoxatrilat,MME,inhibitor
Canertinib,AKT1,inhibitor
Canertinib,EGFR,inhibitor
Canertinib,ERBB2,inhibitor
Canertinib,ERBB4,inhibitor
Canfosfamide,GSTP1,modulator
Cangrelor,P2RY12,inhibitor
Cannabidiol,AANAT,inhibitor
Cannabidiol,ACAT1,inhibitor
Cannabidiol,ADORA1,activator
Cannabidiol,CACNA1G,inhibitor
Cannabidiol,CACNA1H,inhibitor
Cannabidiol,CACNA1I,inhibitor
Cannabidiol,CAT,inhibitor
Cannabidiol,CHRNA7,positive allosteric modulator
Cannabidiol,CNR1,antagonist;modulator
Cannabidiol,CNR2,antagonist;inverse agonist
Cannabidiol,CYP17A1,inhibitor
Cannabidiol,GLRA1,allosteric modulator
Cannabidiol,GLRA3,potentiator
Cannabidiol,GLRB,allosteric modulator
Cannabidiol,GPR12,inverse agonist
Cannabidiol,GPR18,partial agonist
Cannabidiol,GPR55,antagonist
Cannabidiol,GPX1,stimulator
Cannabidiol,GSR,stimulator
Cannabidiol,HMGCR,stimulator
Cannabidiol,HTR1A,agonist
Cannabidiol,HTR2A,agonist
Cannabidiol,HTR3A,antagonist
Cannabidiol,IDO1,inhibitor
Cannabidiol,NAAA,inhibitor
Cannabidiol,NQO1,inhibitor
Cannabidiol,OPRD1,allosteric modulator
Cannabidiol,OPRM1,allosteric modulator
Cannabidiol,PPARG,activator
Cannabidiol,PTGS1,inhibitor
Cannabidiol,PTGS2,inhibitor
Cannabidiol,SOD1,inhibitor
Cannabidiol,TRPA1,agonist
Cannabidiol,TRPM8,agonist
Cannabidiol,TRPV1,activator
Cannabidiol,TRPV2,activator
Cannabidiol,TRPV3,activator
Cannabidiol,TRPV4,activator
Cannabidiol,VDAC1,inhibitor
Cannabidivarin,DAGLA,inhibitor
Cannabidivarin,TRPA1,agonist
Cannabidivarin,TRPV1,agonist
Cannabidivarin,TRPV2,agonist
Cannabinol,CNR1,agonist
Cantharidin,AHR,agonist
Cantharidin,PPP1CA,inhibitor
Capadenoson,ADORA1,agonist
Capecitabine,TYMS,inhibitor
Capeserod,HTR4,agonist
Capivasertib,AKT1,inhibitor
Capivasertib,AKT2,inhibitor
Capivasertib,AKT3,inhibitor
Capmatinib,MET,inhibitor
Capric acid,FURIN,unknown
Capric acid,GLTP,unknown
Capric acid,PPARG,ligand
Capric dimethyl amine oxide,DHODH,unknown
Capric dimethyl amine oxide,PNLIPRP2,unknown
Capromorelin,GHSR,agonist
Caprylic acid,PPARA,unknown
Caprylic alcohol,GJA1,inhibitor
Capsaicin,PHB2,modulator
Capsaicin,TRPV1,agonist;regulator
Captodiame,DRD3,agonist
Captodiame,HTR2C,antagonist
Captodiame,SIGMAR1,agonist
Captopril,ACE,inhibitor
Captopril,BDKRB1,activator
Captopril,LTA4H,inhibitor
Captopril,MMP2,inhibitor
Captopril,MMP9,inhibitor
Caracemide,ACHE,inhibitor
Caramiphen,CHRM1,inhibitor
Caramiphen,CHRM2,inhibitor
Carba-nicotinamide-adenine-dinucleotide,PARP1,inhibitor
Carbamazepine,CHRNA4,inhibitor
Carbamazepine,NR1I2,activator
Carbamazepine,SCN9A,inhibitor
Carbamoylcholine,CHRM1,agonist
Carbamoylcholine,CHRM2,agonist
Carbamoylcholine,CHRM3,agonist
Carbamoylcholine,CHRM4,agonist
Carbamoylcholine,CHRNA2,agonist
Carbazole Butanoic Acid,FABP4,inhibitor
Carbazole Butanoic Acid,FABP5,inhibitor
Carbendazim,AHR,agonist
Carbenoxolone,HSD11B1,inhibitor
Carbetocin,OXTR,agonist
Carbidopa,DDC,inhibitor
Carbimazole,TPO,inhibitor
Carbinoxamine,HRH1,antagonist
Carbocisteine,KEAP1,modulator
Carbocisteine,NFE2L2,activator
Carbocisteine,PLCXD3,inhibitor
Carbocisteine,ST3GAL5,inducer
Carbon monoxide,MB,inhibitor
Carboprost tromethamine,PTGER1,agonist
Carboprost tromethamine,PTGFR,modulator
Carboxin,SDHA,unknown
Carboxyamidotriazole,CHRM5,modulator
Carboxyamidotriazole,IL2,inhibitor
Carboxyatractyloside,SLC25A4,unknown
Carboxymethylcellulose,SLC2A1,binder
Carboxymycobactin S,LCN2,unknown
Carboxymycobactin T,LCN2,unknown
Cardarine,PPARA,agonist
Cardarine,PPARD,agonist
Carfentanil,OPRD1,agonist
Carfentanil,OPRK1,agonist
Carfentanil,OPRM1,agonist
Carfilzomib,PSMB1,inhibitor
Carfilzomib,PSMB10,inhibitor
Carfilzomib,PSMB2,inhibitor
Carfilzomib,PSMB5,inhibitor
Carfilzomib,PSMB8,inhibitor
Carfilzomib,PSMB9,inhibitor
Carglumic acid,CPS1,allosteric modulator
Caricotamide,NQO2,inhibitor
Cariporide,SLC9A1,inhibitor
Cariporide,SLC9A3,inhibitor
Cariprazine,ADRA1A,antagonist
Cariprazine,DRD2,partial agonist
Cariprazine,DRD3,partial agonist
Cariprazine,HRH1,antagonist
Cariprazine,HTR1A,partial agonist
Cariprazine,HTR2A,antagonist
Cariprazine,HTR2B,antagonist
Cariprazine,HTR2C,antagonist
Carisoprodol,GABRA1,activator;modulator
Carisoprodol,GABRA3,modulator
Carisoprodol,GABRA5,modulator
Carisoprodol,GABRB2,modulator
Carisoprodol,GABRG2,modulator
Carmoterol,ADRB2,agonist
Carmoxirole,DRD2,agonist
Carmustine,GSR,allosteric modulator
Carphenazine,DRD1,antagonist
Carphenazine,DRD2,antagonist
Carphenazine,DRD5,antagonist
Carprofen,PTGS1,inhibitor
Carprofen,PTGS2,inhibitor
Cartazolate,PDE5A,inhibitor
Carteolol,ADRB1,antagonist;partial agonist
Carteolol,ADRB2,antagonist
Carvacrol,TRPV3,activator
Carvedilol,ADRA1A,antagonist
Carvedilol,ADRA1B,antagonist
Carvedilol,ADRA1D,antagonist
Carvedilol,ADRA2A,antagonist
Carvedilol,ADRA2B,antagonist
Carvedilol,ADRA2C,antagonist
Carvedilol,ADRB1,antagonist
Carvedilol,ADRB2,antagonist
Carvedilol,GJA1,other
Carvedilol,HIF1A,modulator
Carvedilol,KCNH2,inhibitor
Carvedilol,KCNJ2,inhibitor
Carvedilol,KCNJ4,inhibitor
Carvedilol,NDUFC2,inhibitor
Carvedilol,NPPB,other
Carvedilol,SELE,inhibitor
Carvedilol,VCAM1,inhibitor
Carvedilol,VEGFA,inhibitor
Caryophyllene,CNR2,agonist
Carzenide,CA1,inhibitor
Carzenide,CA12,inhibitor
Carzenide,CA14,inhibitor
Carzenide,CA2,inhibitor
Carzenide,CA6,inhibitor
Carzenide,CA9,inhibitor
Casimiroin,NQO2,unknown
Casopitant,CYP3A4,unknown
Casopitant,TACR1,antagonist
Cebranopadol,OPRM1,modulator
Cedazuridine,CDA,inhibitor
Cediranib,KDR,inhibitor
Cefazolin,IL15,inhibitor
Cefazolin,IL2,inhibitor
Cefazolin,PON1,inhibitor
Cefdinir,MPO,inhibitor
Cefotaxime,ALB,binder
Cefotaxime,SLC15A1,inhibitor
Cefotaxime,SLC15A2,inhibitor
Cefotaxime,SLC22A11,unknown
Cefotaxime,SLC22A6,inhibitor
Cefotaxime,SLC22A7,inhibitor
Cefotaxime,SLC22A8,inhibitor
Ceftriaxone,SLC15A1,inhibitor
Ceftriaxone,SLC22A11,inhibitor
Ceftriaxone,SLC22A6,inhibitor
Ceftriaxone,SLC22A8,inhibitor
Celastrol,IL1B,suppressor
Celastrol,TNF,suppressor
Celecoxib,CA2,inhibitor
Celecoxib,CA3,inhibitor
Celecoxib,CDH11,inhibitor
Celecoxib,NEU1,inhibitor
Celecoxib,PDPK1,inhibitor
Celecoxib,PTGS2,inhibitor
Celecoxib,STAT3,inhibitor
Celgosivir,MGAM,modulator
Celiprolol,ADRA2A,antagonist
Celiprolol,ADRA2B,antagonist
Celiprolol,ADRA2C,antagonist
Celiprolol,ADRB1,antagonist
Celiprolol,ADRB2,agonist
Celiprolol,ADRB3,agonist
Cenicriviroc,CCR2,inhibitor
Cenicriviroc,CCR5,modulator
Cenisertib,AURKA,inhibitor
Cenisertib,AURKB,inhibitor
Cenobamate,GABRA1,allosteric modulator
Cenobamate,SCN9A,inhibitor
Ceperognastat,OGA,inhibitor
Ceralasertib,ATR,inhibitor
Ceralifimod,S1PR1,agonist
Cerdulatinib,JAK1,inhibitor
Cerdulatinib,JAK2,modulator
Cerdulatinib,JAK3,inhibitor
Cerdulatinib,SYK,modulator
Ceritinib,ALK,antagonist
Cerivastatin,HMGCR,inhibitor
Cerlapirdine,HTR6,antagonist
Cerulenin,FASN,inhibitor
Ceruletide,CCKAR,inducer
Ceruletide,CCKBR,agonist
Cetilistat,LIPF,modulator
Cetilistat,LIPG,modulator
Cetilistat,PNLIP,unknown
Cetirizine,HRH1,antagonist
Cetrorelix,GNRHR,antagonist
Cetyltrimethylammonium naproxenate,PTGS2,inhibitor
Cevidoplenib,SYK,inhibitor
Cevimeline,CHRM1,agonist
Cevimeline,CHRM3,agonist
Chelerythrine,P2RX7,allosteric modulator
Chenodeoxycholic acid,AKR1C2,substrate
Chenodeoxycholic acid,GPBAR1,antagonist
Chenodeoxycholic acid,NR1H4,agonist
Chenodeoxycholic acid,NR1I2,agonist
Chiglitazar,PPARA,modulator
Chiglitazar,PPARG,modulator
Chloramphenicol,CD55,other
Chlorcyclizine,HRH1,antagonist
Chlordiazepoxide,GABRG3,ligand
Chlordiazepoxide,GABRQ,positive allosteric modulator
Chlordiazepoxide,TSPO,modulator
Chlormerodrin,ALDH5A1,inhibitor
Chlormerodrin,SLC12A1,inducer
Chlormezanone,TSPO,agonist
Chlorobutanol,KCNH2,unknown
Chloroprocaine,ATP1A1,blocker
Chloroprocaine,SCN9A,inhibitor
Chloroprocaine,SLC6A3,inhibitor
Chloropyramine,HRH1,antagonist
Chloroquine,ACE2,modulator
Chloroquine,ACKR1,modulator
Chloroquine,GSTA2,inhibitor
Chloroquine,GSTM1,inhibitor
Chloroquine,HMGB1,inhibitor
Chloroquine,TLR9,inhibitor
Chloroquine,TNF,inhibitor
Chlorothiazide,CA1,inhibitor
Chlorothiazide,CA2,inhibitor
Chlorothiazide,SLC12A3,inhibitor
Chlorotrianisene,ESR1,agonist
Chloroxine,OPRK1,inhibitor
Chlorpheniramine,HRH1,antagonist
Chlorpheniramine,SLC6A2,inhibitor
Chlorpheniramine,SLC6A3,inhibitor
Chlorpheniramine,SLC6A4,inhibitor
Chlorphenoxamine,HRH1,antagonist
Chlorphentermine,SLC6A4,modulator
Chlorproguanil,PDF,inhibitor
Chlorpromazine,ADRA1A,antagonist
Chlorpromazine,ADRA1B,antagonist
Chlorpromazine,ADRA1D,antagonist
Chlorpromazine,ADRA2C,antagonist
Chlorpromazine,CALM3,inhibitor
Chlorpromazine,CHRM1,antagonist
Chlorpromazine,CHRM3,antagonist
Chlorpromazine,DRD1,antagonist
Chlorpromazine,DRD2,antagonist
Chlorpromazine,DRD3,antagonist
Chlorpromazine,DRD4,antagonist
Chlorpromazine,DRD5,antagonist
Chlorpromazine,HRH1,antagonist
Chlorpromazine,HRH4,binder
Chlorpromazine,HTR1A,antagonist
Chlorpromazine,HTR2A,antagonist
Chlorpromazine,HTR2C,antagonist
Chlorpromazine,HTR6,antagonist
Chlorpromazine,HTR7,antagonist
Chlorpromazine,KCNH2,inhibitor
Chlorpromazine,ORM2,binder
Chlorpromazine,SMPD1,inhibitor
Chlorpropamide,ABCC8,inhibitor
Chlorpropamide,KCNJ10,blocker
Chlorprothixene,CHRM1,antagonist
Chlorprothixene,CHRM2,antagonist
Chlorprothixene,CHRM3,antagonist
Chlorprothixene,CHRM4,antagonist
Chlorprothixene,CHRM5,antagonist
Chlorprothixene,DRD1,antagonist
Chlorprothixene,DRD2,antagonist
Chlorprothixene,DRD3,antagonist
Chlorprothixene,HRH1,antagonist
Chlorprothixene,HTR2A,antagonist
Chlorprothixene,HTR7,inhibitor
Chlortetracycline,ARF1,inhibitor
Chlortetracycline,EPHB1,inhibitor
Chlortetracycline,PADI4,inhibitor
Chlortetracycline,PNLIP,inhibitor
Chlorthalidone,CA1,inhibitor
Chlorthalidone,SLC12A1,inhibitor
Chlorzoxazone,KCNMA1,inhibitor
Cholecalciferol,VDR,agonist
Cholesterol,CLEC4E,ligand
Cholesterol,NR1I3,unknown
Cholesterol,PCYT1B,activator
Cholesterol,RORA,unknown
Cholesterol,VDR,unknown
Cholesterol sulfate,RORA,unknown
Cholic Acid,ADH1C,unknown
Cholic Acid,CES1,inhibitor
Cholic Acid,COX4I1,unknown
Cholic Acid,COX5A,unknown
Cholic Acid,COX5B,unknown
Cholic Acid,COX6A2,unknown
Cholic Acid,COX6B1,unknown
Cholic Acid,COX6C,unknown
Cholic Acid,COX7A1,unknown
Cholic Acid,COX7B,unknown
Cholic Acid,COX7C,unknown
Cholic Acid,COX8A,unknown
Cholic Acid,ESRRG,unknown
Cholic Acid,FABP6,unknown
Cholic Acid,FECH,inhibitor
Cholic Acid,GPBAR1,unknown
Cholic Acid,MT-CO1,unknown
Cholic Acid,MT-CO2,unknown
Cholic Acid,MT-CO3,unknown
Cholic Acid,NR1H4,unknown
Cholic Acid,PLA2G1B,inhibitor
Choline,CHRNA2,inhibitor
Choline,CHRNA7,agonist
Choline,PCYT1B,product of
Choline alfoscerate,CHRM5,modulator
Choline alfoscerate,GM2A,unknown
Choline magnesium trisalicylate,PTGS1,inhibitor
Choline magnesium trisalicylate,PTGS2,inhibitor
Choline salicylate,ACHE,product of
Choline salicylate,BCHE,product of
Choline salicylate,CHRNA7,unknown
Choline salicylate,PCYT1A,product of
Choline salicylate,PCYT1B,product of
Choline salicylate,PLD1,product of
Choline salicylate,PLD2,product of
Chondroitin sulfate,BDNF,unknown
Chondroitin sulfate,CCL2,unknown
Chondroitin sulfate,GDNF,unknown
Chondroitin sulfate,VEGFA,unknown
Chromanol,AR,inhibitor
Chromic chloride,INSR,activator
Chromic citrate,CYB5A,unknown
Chromic nitrate,CYB5A,unknown
Chromium,CYB5A,substrate
Chromium gluconate,CYB5A,unknown
Chromium nicotinate,CYB5A,unknown
Chromous sulfate,CYB5A,unknown
Chrysin,AKR1B1,inhibitor
Chrysin,CDK6,inhibitor
Chrysin,CYP19A1,inhibitor
Chrysin,CYP1B1,inhibitor
Chrysoeriol,CYP1B1,inhibitor
Chrysoeriol,XDH,inhibitor
Chymostatin,CMA1,inhibitor
Cianidanol,CA1,inhibitor
Cianidanol,CA12,inhibitor
Cianidanol,CA14,inhibitor
Cianidanol,CA2,inhibitor
Cianidanol,CA4,inhibitor
Cianidanol,CA6,inhibitor
Cianidanol,CA9,inhibitor
Cianidanol,PTGS1,inhibitor
Cibacron Blue,GSTP1,unknown
Cibacron Blue,HPGDS,inhibitor
Cibacron Blue,NQO1,unknown
Cibinetide,EPOR,agonist
Cicaprost,PTGER1,agonist
Cicaprost,PTGER2,agonist
Cicaprost,PTGER3,agonist
Cicaprost,PTGER4,agonist
Cicaprost,PTGIR,agonist
Ciclesonide,NR3C1,agonist
Ciclesonide,SERPINA6,binder
Ciclopirox,ATP1A1,binder
Ciforadenant,ADORA2A,antagonist
Ciglitazone,PPARG,agonist
Cilansetron,HTR3A,modulator
Cilastatin,DPEP1,inhibitor
Cilazapril,ACE,inhibitor
Cilazaprilat,ACE,unknown
Cilnidipine,CACNA1A,antagonist
Cilnidipine,CACNA1B,antagonist
Cilofexor,NR1H4,agonist
Cilomilast,PDE4A,inhibitor
Cilomilast,PDE4B,inhibitor
Cilomilast,PDE4D,inhibitor
Cilostazol,PDE3A,inhibitor
Cimetidine,HRH2,antagonist
Cimetropium,CHRM5,modulator
Cimicoxib,PTGS2,modulator
Cinacalcet,CASR,agonist
Cinaciguat,GUCY1B1,activator
Cinalukast,CYSLTR1,antagonist
Cinazepam,GABRG3,ligand
Cinazepam,GABRQ,positive allosteric modulator
Cinchocaine,CALM3,inhibitor
Cinchocaine,SCN10A,inhibitor
Cinchocaine,SCN5A,inhibitor
Cinchonidine,CYP2D6,inhibitor
Cinitapride,HTR1A,agonist
Cinitapride,HTR2A,antagonist
Cinitapride,HTR4,agonist
Cinnamaldehyde,TRPA1,activator
Cinnamaldehyde,TRPV3,activator
Cinnamic acid,HCAR2,agonist
Cinnarizine,CACNA1C,inhibitor
Cinnarizine,CACNA1D,inhibitor
Cinnarizine,CACNA1F,inhibitor
Cinnarizine,CACNA1G,inhibitor
Cinnarizine,CACNA1H,inhibitor
Cinnarizine,CACNA1I,inhibitor
Cinnarizine,CACNA1S,inhibitor
Cinnarizine,CHRM5,binder
Cinnarizine,DRD2,other/unknown
Cinnarizine,DRD5,binder
Cinnarizine,HRH1,antagonist
Cinolazepam,GABRG3,ligand
Cinolazepam,GABRQ,positive allosteric modulator
Cinolazepam,TSPO,binder
Cinoxacin,TOP2A,inhibitor
Cinoxacin,TOP2B,inhibitor
Cintirorgon,RORC,agonist
Cipamfylline,ADORA1,inhibitor
Cipamfylline,PDE5A,inhibitor
Cipargamin,ADORA3,inhibitor
Cipargamin,KCNH2,inhibitor
Cipemastat,MMP1,modulator
Cipemastat,MMP8,modulator
Cipralisant,HRH3,binder
Ciprofibrate,PPARA,agonist
Ciprofloxacin,KCNH2,inhibitor
Ciprofloxacin,TOP2A,inhibitor
Cirazoline,ADRA1A,agonist
Cirazoline,ADRA1B,partial agonist
Cirazoline,ADRA1D,partial agonist
Cirazoline,ADRA2C,antagonist
Cisapride,HTR2A,agonist
Cisapride,HTR3A,agonist
Cisapride,HTR4,agonist
Cisapride,KCNH2,inhibitor
Cisatracurium,CHRM2,antagonist
Cisatracurium,CHRNA1,antagonist
Cisatracurium,CHRNA2,antagonist
Cisatracurium,CHRNB4,antagonist
Cisplatin,A2M,binder
Cisplatin,ATOX1,binder
Cisplatin,MPG,blocker
Cisplatin,TF,binder
Citalopram,HRH1,binder
Citalopram,SLC6A4,inhibitor
Citarinostat,HDAC6,inhibitor
Citric acid,AKR1B1,inhibitor
Citric acid,APRT,unknown
Citric acid,C8G,unknown
Citric acid,CPB1,unknown
Citric acid,CS,unknown
Citric acid,CTDSP1,unknown
Citric acid,HGS,unknown
Citric acid,IL4I1,unknown
Citric acid,ITPA,unknown
Citric acid,LSM6,unknown
Citric acid,MDH2,unknown
Citric acid,PLEKHA1,unknown
Citric acid,RNASE1,unknown
Citric acid,RNASE3,unknown
Citric acid,SRC,unknown
Citric acid,TRPV4,activator
Citrulline,ASS1,unknown
Citrulline,DDAH1,unknown
Citrulline,DDAH2,unknown
Citrulline,NOS1,unknown
Citrulline,NOS2,unknown
Citrulline,NOS3,unknown
Citrulline,OTC,unknown
Citrulline,PADI1,unknown
Citrulline,PADI2,unknown
Citrulline,PADI3,unknown
Citrulline,PADI4,unknown
Citrulline,PADI6,product of
Cladribine,ADA,inhibitor
Cladribine,PARP1,inducer
Cladribine,PNP,inducer
Cladribine,POLA1,inhibitor
Cladribine,POLE,inhibitor
Cladribine,POLE2,inhibitor
Cladribine,POLE3,inhibitor
Cladribine,POLE4,inhibitor
Cladribine,RRM1,inhibitor
Cladribine,RRM2,inhibitor
Cladribine,RRM2B,inhibitor
Clarithromycin,KCNH2,inhibitor
Clarithromycin,SLCO1B1,inhibitor
Clarithromycin,SLCO1B3,inhibitor
Clascoterone,AR,antagonist
Clazosentan,EDNRA,antagonist
Clebopride,ACHE,inhibitor
Clebopride,DRD2,inhibitor
Clemastine,HRH1,antagonist
Clenbuterol,ADRB1,agonist
Clenbuterol,ADRB2,agonist
Clenbuterol,ADRB3,agonist
Clenbuterol,NGF,stimulator
Clenbuterol,TNF,other/unknown
Clevidipine,CACNA1C,blocker
Clevidipine,CACNA1D,blocker
Clevidipine,CACNA1F,blocker
Clevidipine,CACNA1S,blocker
Clidinium,CHRM1,antagonist
Cligosiban,AVPR1A,inhibitor
Cligosiban,OXTR,inhibitor
Clinofibrate,PPARA,unknown
Clinofibrate,PPARD,unknown
Clinofibrate,PPARG,unknown
Clinprost,PTGIR,modulator
Clioquinol,OPRK1,inhibitor
Clobazam,GABRA1,antagonist
Clobazam,GABRG3,ligand
Clobazam,GABRQ,positive allosteric modulator
Clobetasol,PLA2G1B,inhibitor
Clobetasol propionate,ANXA1,inducer
Clobetasol propionate,NR3C1,agonist
Clobetasol propionate,NR3C2,agonist
Clobetasone,NR3C1,agonist
Clocortolone,NR3C1,agonist
Clocortolone,PLA2G1B,inducer
Clodronic acid,SLC25A4,inhibitor
Clodronic acid,SLC25A5,inhibitor
Clodronic acid,SLC25A6,inhibitor
Clofarabine,POLA1,inhibitor
Clofarabine,RRM1,inhibitor
Clofarabine,RRM2,inhibitor
Clofarabine,RRM2B,inhibitor
Clofazimine,KCNA3,antagonist
Clofazimine,PPARG,modulator
Clofedanol,HRH1,antagonist
Clofibrate,LPL,activator
Clofibrate,PPARA,agonist
Clomethiazole,GABRA1,unknown
Clomethiazole,GABRG3,modulator
Clomifene,ESR1,antagonist;agonist
Clomifene,ESR2,antagonist;agonist
Clomipramine,GSTP1,inhibitor
Clomipramine,HTR2A,antagonist
Clomipramine,HTR2B,antagonist
Clomipramine,HTR2C,antagonist
Clomipramine,SLC6A2,inhibitor
Clomipramine,SLC6A4,inhibitor
Clonazepam,GABRG3,positive allosteric modulator
Clonazepam,NR1I2,partial agonist
Clonidine,ADRA1A,agonist
Clonidine,ADRA1B,agonist
Clonidine,ADRA1D,agonist
Clonidine,ADRA2A,agonist
Clonidine,ADRA2B,agonist
Clonidine,ADRA2C,agonist
Clonidine,AOC3,inhibitor
Clopidogrel,P2RY12,antagonist
Cloprednol,NR3C1,agonist
Cloprostenol,PTGDR,agonist
Cloprostenol,PTGER1,agonist
Cloprostenol,PTGER3,agonist
Cloprostenol,PTGFR,agonist
Cloprostenol,TBXA2R,agonist
Clorazepic acid,GABRG3,ligand
Clorazepic acid,GABRQ,positive allosteric modulator
Clorazepic acid,TSPO,modulator
Clorgiline,MAOA,inhibitor
Clorobiocin,TOP2A,inhibitor
Clorobiocin,TOP2B,inhibitor
Clorotepine,ADRA1A,inhibitor
Clorotepine,ADRA1B,inhibitor
Clorotepine,ADRA1D,inhibitor
Clorotepine,DRD2,inhibitor
Clorotepine,HRH1,inhibitor
Clorotepine,HTR2C,inhibitor
Clorotepine,HTR6,inhibitor
Clotiazepam,GABRG3,ligand
Clotiazepam,GABRQ,positive allosteric modulator
Clotiazepam,TSPO,agonist
Clotrimazole,CXCR2,modulator
Clotrimazole,HCAR2,partial agonist
Clotrimazole,KCNN4,inhibitor
Clotrimazole,NR1I2,activator
Cloxazolam,GABRG3,ligand
Cloxazolam,GABRQ,positive allosteric modulator
Clozapine,ADRA1A,antagonist
Clozapine,ADRA1B,antagonist
Clozapine,ADRA2A,antagonist
Clozapine,ADRA2B,antagonist
Clozapine,ADRA2C,antagonist
Clozapine,CALY,unknown
Clozapine,CHRM1,partial agonist
Clozapine,CHRM2,partial agonist
Clozapine,CHRM3,antagonist
Clozapine,CHRM4,partial agonist
Clozapine,CHRM5,antagonist
Clozapine,DRD1,antagonist
Clozapine,DRD2,antagonist
Clozapine,DRD3,antagonist
Clozapine,DRD4,antagonist
Clozapine,DRD5,binder
Clozapine,GABBR1,positive modulator
Clozapine,GABBR2,positive modulator
Clozapine,GABRA1,antagonist
Clozapine,GABRB1,antagonist
Clozapine,GABRG1,antagonist
Clozapine,GSTP1,unknown
Clozapine,HRH1,antagonist
Clozapine,HRH4,agonist
Clozapine,HTR1A,antagonist
Clozapine,HTR1B,antagonist
Clozapine,HTR1D,antagonist
Clozapine,HTR1E,antagonist
Clozapine,HTR2A,antagonist
Clozapine,HTR2C,antagonist
Clozapine,HTR3A,antagonist
Clozapine,HTR6,antagonist
Clozapine,HTR7,antagonist
CoA-S-acetyl 5-bromotryptamine,AANAT,unknown
CoA-S-trimethylene-acetyl-tryptamine,AANAT,unknown
CoA-s-acetyl tryptamine,AANAT,unknown
Cobicistat,CYP3A4,inhibitor
Cobicistat,CYP3A5,inhibitor
Cobicistat,CYP3A7,inhibitor
Cobimetinib,MAP2K1,inhibitor
Cobiprostone,CLCN2,unknown
Cocaine,CES1,binder
Cocaine,CHRM1,antagonist
Cocaine,CHRM2,antagonist
Cocaine,SCN4B,inhibitor
Cocaine,SIGMAR1,agonist
Cocaine,SLC6A2,inhibitor
Cocaine,SLC6A3,inhibitor
Cocaine,SLC6A4,inhibitor
Codeine,OPRD1,agonist
Codeine,OPRK1,agonist
Codeine,OPRM1,agonist;regulator
Coenzyme A,ACAT2,unknown
Coenzyme A,CRAT,inhibitor
Coenzyme A,CS,unknown
Coenzyme A,DBI,unknown
Coenzyme A,HMGCR,inhibitor
Coenzyme A,KAT2A,unknown
Coenzyme A,KAT2B,unknown
Coenzyme A,KAT5,unknown
Coenzyme A persulfide,IVD,unknown
Colchiceine,BRD4,inhibitor
Colchiceine,TUBA1A,binder
Colchiceine,TUBB,binder
Colchicine,TUBB,inhibitor;binder
Colforsin,ADCY2,unknown
Colforsin,ADCY5,unknown
Colforsin,ADCY9,activator
Colforsin,CFTR,inhibitor
Colforsin,CREBBP,activator
Colforsin,GNAS,unknown
Colforsin,KCNN3,activator
Colforsin,MAPK7,activator
Colforsin,MUC2,activator
Colforsin,SERPINE1,inhibitor
Compound 18,ESR1,unknown
Compound 19,ESR1,unknown
Compound 19,PTPN1,unknown
Compound 4-D,ESR1,unknown
Concanamycin A,ABCB1,inhibitor
Conessine,ADRA2C,inhibitor
Conessine,HRH3,inhibitor
Conivaptan,AVPR1A,antagonist
Conivaptan,AVPR2,antagonist
Conjugated estrogens,ESR1,agonist
Conjugated estrogens,ESR2,agonist
Contulakin-G,CACNA1B,unknown
Contulakin-G,NTSR1,agonist
Copanlisib,PIK3CA,inhibitor
Copanlisib,PIK3CB,inhibitor
Copanlisib,PIK3CD,inhibitor
Copanlisib,PIK3CG,inhibitor
Copper,A1BG,unknown
Copper,ACTG1,unknown
Copper,ACTN1,unknown
Copper,ACY1,unknown
Copper,AFM,unknown
Copper,AGT,unknown
Copper,AHCY,allosteric modulator
Copper,AHSG,unknown
Copper,AKR1A1,unknown
Copper,ANXA4,unknown
Copper,ANXA5,unknown
Copper,APCS,unknown
Copper,APLP1,cofactor
Copper,APOA1,unknown
Copper,APOA2,unknown
Copper,APOA4,unknown
Copper,APOBR,unknown
Copper,APOC2,unknown
Copper,APOC3,unknown
Copper,APOD,unknown
Copper,APOE,unknown
Copper,APOH,unknown
Copper,APP,binder
Copper,AZGP1,unknown
Copper,B2M,unknown
Copper,BDNF,cofactor
Copper,C1QBP,unknown
Copper,C1QC,unknown
Copper,C1S,unknown
Copper,C3,unknown
Copper,C4B,unknown
Copper,C4BPA,unknown
Copper,C5,unknown
Copper,C8B,unknown
Copper,C9,unknown
Copper,CALR,unknown
Copper,CBX5,unknown
Copper,CFH,unknown
Copper,CFI,unknown
Copper,CFL1,unknown
Copper,CLEC3B,unknown
Copper,CLIC1,unknown
Copper,CLU,unknown
Copper,CYB5R3,unknown
Copper,EEF1A1,unknown
Copper,EIF4A1,unknown
Copper,EIF6,unknown
Copper,ENO1,unknown
Copper,F2,unknown
Copper,GAPDH,unknown
Copper,GLRA1,unknown
Copper,GOT1,unknown
Copper,GPI,unknown
Copper,GSN,unknown
Copper,GSR,unknown
Copper,GSS,unknown
Copper,H1-4,unknown
Copper,H2BC4,unknown
Copper,HBA1,unknown
Copper,HBB,unknown
Copper,HDGF,unknown
Copper,HEPHL1,cofactor
Copper,HNRNPA2B1,unknown
Copper,HNRNPH1,unknown
Copper,HNRNPH3,unknown
Copper,HNRNPL,unknown
Copper,HPR,unknown
Copper,HSP90AA1,unknown
Copper,HSP90B1,unknown
Copper,HSPA13,unknown
Copper,HSPA5,unknown
Copper,HSPA8,unknown
Copper,HSPD1,unknown
Copper,HTT,unknown
Copper,IAPP,unknown
Copper,IDH3A,unknown
Copper,IGFALS,unknown
Copper,IGHG1,unknown
Copper,IGHG4,unknown
Copper,IGKV3-20,unknown
Copper,IGLL1,unknown
Copper,ITIH2,unknown
Copper,KNG1,unknown
Copper,KRT1,unknown
Copper,KRT10,unknown
Copper,KRT2,unknown
Copper,KRT8,unknown
Copper,KRT9,unknown
Copper,LDHA,unknown
Copper,LRG1,unknown
Copper,LUM,unknown
Copper,NEIL1,unknown
Copper,NEIL2,unknown
Copper,NME1,unknown
Copper,P4HB,unknown
Copper,PARK7,unknown
Copper,PDIA3,unknown
Copper,PEBP1,unknown
Copper,PGAM1,unknown
Copper,PGK1,unknown
Copper,PGLYRP2,unknown
Copper,PKM,unknown
Copper,PLG,unknown
Copper,PON1,unknown
Copper,PPBP,unknown
Copper,PPIA,unknown
Copper,PRDX1,unknown
Copper,PRDX2,unknown
Copper,PRDX6,unknown
Copper,PRNP,unknown
Copper,PSME1,unknown
Copper,PTGES3,unknown
Copper,RACK1,unknown
Copper,RANBP1,unknown
Copper,RPS2,unknown
Copper,RPSA,unknown
Copper,S100A2,unknown
Copper,S100A4,unknown
Copper,S100A8,unknown
Copper,SCO1,unknown
Copper,SERPINA1,unknown
Copper,SERPINA4,unknown
Copper,SERPINA6,unknown
Copper,SERPINA7,unknown
Copper,SERPINC1,unknown
Copper,SERPIND1,unknown
Copper,SERPINE1,unknown
Copper,SERPINF1,unknown
Copper,SERPINF2,unknown
Copper,SERPING1,unknown
Copper,SF3A2,unknown
Copper,SFPQ,unknown
Copper,SNCA,unknown
Copper,SRSF1,unknown
Copper,STIP1,unknown
Copper,TAC3,unknown
Copper,TF,unknown
Copper,TKT,unknown
Copper,TTR,unknown
Copper,TUBA3D,unknown
Copper,TUBB,unknown
Copper,UGDH,unknown
Copper,VTN,unknown
Copper,YWHAB,unknown
Copper histidinate,HAL,unknown
Copper histidinate,HARS1,unknown
Copper histidinate,HDC,unknown
Copper histidinate,SLC38A3,unknown
Copper oxodotreotide Cu-64,SSTR2,binder
Coproporphyrin I,UROD,unknown
Coproporphyrinogen III,UROD,unknown
Cordycepin Triphosphate,PAPOLA,unknown
Corticosterone,HSD11B1,substrate;product of
Corticosterone,NCOA1,unknown
Corticosterone,NR3C1,agonist
Corticosterone,NR3C2,inhibitor
Cortisone acetate,ANXA1,inducer
Cortisone acetate,ESRRA,modulator
Cortisone acetate,ESRRB,modulator
Cortisone acetate,ESRRG,modulator
Cortisone acetate,NR3C1,agonist
Cortivazol,NR3C1,unknown
Cositecan,TOP1,inhibitor
Cotadutide,GCG,agonist
Coumarin,CA1,inhibitor
Coumarin,CA12,inhibitor
Coumarin,CA14,inhibitor
Coumarin,CA2,inhibitor
Coumarin,CA4,inhibitor
Coumarin,CA6,inhibitor
Coumarin,CA9,inhibitor
Coumarin,CYP2A6,unknown
Coumarin 120,HDAC8,unknown
Coumarin 120,PPIA,inhibitor
Coumarin 120,PPIF,unknown
Cpad,ADH1C,unknown
Creatine,CKB,ligand
Creatine,CKM,ligand
Creatine,CKMT1A,ligand
Creatine,CKMT2,ligand
Creatine,GAMT,product of
Crenigacestat,NOTCH1,inhibitor
Crenigacestat,NOTCH4,inhibitor
Crenolanib,PDGFRA,modulator
Crenolanib,SRC,inhibitor
Crinecerfont,CRHR1,antagonist
Crisaborole,PDE4A,inhibitor
Crisaborole,PDE4B,inhibitor
Crisaborole,PDE4C,inhibitor
Crisaborole,PDE4D,inhibitor
Crisdesalazine,PTGES,inhibitor
Crizotinib,ALK,inhibitor
Crizotinib,MET,inhibitor
Crizotinib,MST1R,inhibitor
Crizotinib,ROS1,inhibitor
Crofelemer,ANO1,antagonist
Crofelemer,CFTR,antagonist
Cromoglicate lisetil,KCNMA1,modulator
Cromoglicic acid,HSP90AA1,inhibitor
Cromoglicic acid,S100P,antagonist
Crotamiton,TRPV4,inhibitor
Crotonaldehyde,ALDH2,inhibitor
Crotonaldehyde,TRPA1,activator
Cryptenamine,ADRB3,inhibitor;potentiator
Cryptenamine,CHRM2,antagonist
Cu-Cyclam,LYZ,unknown
Cudetaxestat,ENPP2,inhibitor
Cumidine,CELA1,inhibitor
Cupric Chloride,CSTB,unknown
Cupric Chloride,PROC,unknown
Curcumin,ABCC5,inhibitor
Curcumin,APP,inhibitor
Curcumin,CA1,inhibitor
Curcumin,CA12,inhibitor
Curcumin,CA14,inhibitor
Curcumin,CA2,inhibitor
Curcumin,CA4,inhibitor
Curcumin,CA6,inhibitor
Curcumin,CA9,inhibitor
Curcumin,CBR1,inhibitor
Curcumin,CYP3A4,inhibitor
Curcumin,DNMT3B,inhibitor
Curcumin,GSTP1,inhibitor
Curcumin,MMP13,inhibitor
Curcumin,MMP9,inhibitor
Curcumin,NOS2,inhibitor
Curcumin,PPARG,modulator
Curcumin,PTGS1,inhibitor
Curcumin,PTGS2,inhibitor
Curcumin,VDR,modulator
Curcumin,XDH,inhibitor
Curcumin sulfate,ABCC5,unknown
Curcumin sulfate,CBR1,unknown
Curcumin sulfate,GSTP1,unknown
Curcumin sulfate,PPARG,unknown
Curcumin sulfate,VDR,unknown
Cutamesine,SIGMAR1,agonist
Cyamemazine,HTR1A,antagonist
Cyamemazine,HTR2A,antagonist
Cyamemazine,HTR2C,antagonist
Cyamemazine,HTR7,antagonist
Cyanamide,CA2,unknown
Cyanamide,CTSK,unknown
Cyanocobalamin,MMAA,binder
Cyanocobalamin,MMACHC,cofactor
Cyanocobalamin,MMUT,cofactor
Cyanocobalamin,MTHFR,cofactor
Cyanocobalamin,MTR,cofactor
Cyanocobalamin,MTRR,cofactor
Cyclandelate,CACNA2D1,inhibitor
Cyclandelate,CES1,unknown
"Cyclic 3',5'-thymidine monophosphate",NT5M,unknown
Cyclic GMP,HCN2,unknown
Cyclic GMP,PDE2A,inhibitor
Cyclic GMP,PRKAR1A,unknown
Cyclic adenosine monophosphate,HCN2,unknown
Cyclic adenosine monophosphate,PRKAR1A,unknown
Cyclic adenosine monophosphate,PRKAR2B,unknown
Cyclizine,HRH1,antagonist
Cyclizine,SULT1E1,inhibitor
Cyclobenzaprine,ADRA2C,antagonist
Cyclobenzaprine,AOX1,inhibitor
Cyclobenzaprine,HTR2A,antagonist
Cyclobenzaprine,HTR2B,antagonist
Cyclobenzaprine,HTR2C,antagonist
Cyclobenzaprine,HTR6,antagonist
Cyclobenzaprine,HTR7,antagonist
Cyclobenzaprine,SLC6A2,inhibitor
Cyclobenzaprine,SLC6A4,inhibitor
Cyclobenzaprine,TLR4,inhibitor
Cyclofenil,ESR1,modulator
Cycloguanil,PDF,inhibitor
Cyclohexanol,ADH1B,unknown
Cyclohexyl-pentyl-maltoside,CYP2B6,unknown
Cyclohexylformamide,ADH1C,unknown
Cyclohexylformamide,ADH4,unknown
Cycloleucine,GRIN1,inhibitor
Cyclopentolate,CHRM1,antagonist
Cyclopentolate,CHRM5,antagonist
Cyclophosphamide,NR1I2,agonist
Cycloserine,GRIN1,inhibitor
Cyclosporine,CAMLG,binder
Cyclosporine,PPIA,inhibitor;binder
Cyclosporine,PPIF,binder
Cyclosporine,PPP3CA,inhibitor
Cyclosporine,PPP3R2,inhibitor
Cyclotheonamide A,PRSS1,unknown
Cyclothiazide,CA1,inhibitor
Cyclothiazide,CA2,inhibitor
Cyclothiazide,CA9,inhibitor
Cyclothiazide,FXYD2,inhibitor
Cyclothiazide,SFRP4,inhibitor
Cycrimine,CHRM1,antagonist
Cyproheptadine,CHRM1,antagonist
Cyproheptadine,CHRM2,antagonist
Cyproheptadine,CHRM3,antagonist
Cyproheptadine,HRH1,antagonist
Cyproheptadine,HRH2,antagonist
Cyproheptadine,HTR2A,antagonist
Cyproheptadine,HTR2B,antagonist
Cyproheptadine,HTR2C,antagonist
Cyproheptadine,HTR7,antagonist
Cyproterone acetate,AR,antagonist
Cyproterone acetate,KLK3,unknown
Cysteamine,NPY2R,other/unknown
Cysteamine,SST,binder
Cysteine,CARS1,substrate
Cysteine,CARS2,substrate
Cysteine,CBS,unknown
Cysteine,CDO1,unknown
Cysteine,CSAD,unknown
Cysteine,CTH,unknown
Cysteine,GCLC,unknown
Cysteine,GCLM,unknown
Cysteine,GOT1,substrate
Cysteine,GOT2,substrate
Cysteine,GSS,unknown
Cysteine,MGMT,unknown
Cysteine,NFS1,unknown
Cysteine-S-acetamide,OAS1,unknown
Cysteine-S-acetamide,RNASE1,unknown
Cystine,CTNS,unknown
Cystine,SLC7A11,unknown
Cytarabine,POLB,inhibitor
Cytidine,UCK2,unknown
Cytidine 3'-monophosphate,RNASE1,unknown
Cytidine-5'-Monophosphate,CMPK1,unknown
Cytidine-5'-Monophosphate,UCK2,unknown
Cytidine-5'-Triphosphate,P2RY4,agonist
Cytidine-5'-Triphosphate,UCK2,unknown
Cytisine,CHRNA2,inhibitor
Cytisine,CHRNA3,agonist
Cytisine,CHRNA4,agonist
Cytisine,CHRNA6,agonist
Cytisine,CHRNA7,agonist
Cytisine,CHRNB2,partial agonist
Cytisine,CHRNB4,inhibitor
D-157495,DCPS,inhibitor
D-Aspartic Acid,GRIN1,agonist
D-Aspartic Acid,GRIN2A,agonist
D-Aspartic Acid,GRIN2B,agonist
D-Cysteine,CPA1,unknown
D-Eritadenine,AHCY,unknown
D-JNKI-1,MAPK10,modulator
D-JNKI-1,MAPK8,modulator
D-JNKI-1,MAPK9,modulator
D-Malic acid,CS,unknown
D-Malic acid,ME2,unknown
D-Methionine,METAP2,inhibitor
"D-Myo-Inositol-1,4-Bisphosphate",INPP5B,unknown
D-Myo-Inositol-Hexasulphate,FST,unknown
D-Phenylalanine,CRH,unknown
D-Phenylalanine,KYAT1,unknown
D-Serine,GLRA1,inhibitor
D-Serine,GRIN1,inhibitor
D-Serine,SERPINB3,unknown
D-Tryptophan,DAO,unknown
D-Tryptophan,HCAR3,agonist
D-alpha-Tocopherol acetate,ALOX5,unknown
D-alpha-Tocopherol acetate,NR1I2,unknown
D-alpha-Tocopherol acetate,PRKCA,unknown
D-alpha-Tocopherol acetate,PRKCB,unknown
D-alpha-Tocopherol acetate,SEC14L2,unknown
D-alpha-Tocopherol acetate,SEC14L3,unknown
D-arginine,CKM,unknown
D-erythrose 4-phosphate,GPI,unknown
D-glucitol 6-phosphate,GPI,unknown
"D-gluconhydroximo-1,5-lactam",LCT,unknown
D-norleucine,HNF1A,unknown
D-norleucine,PAH,unknown
D-norleucine,PTH,unknown
D-phenylalanyl-N-benzyl-L-prolinamide,F2,inhibitor
D-tartaric acid,ATP6V1C1,unknown
D-tartaric acid,B3GAT1,unknown
D-tartaric acid,DDX6,unknown
D-tartaric acid,HIF1AN,unknown
D-tartaric acid,TREM1,unknown
DA-6886,HTR4,agonist
DADLE,OPRD1,agonist
DADLE,OPRM1,inhibitor
DAS-431 IV,CALY,unknown
DAS869,HPD,unknown
DCFBC,FOLH1,unknown
DDP-225,HTR3A,unknown
DDP-225,SLC6A2,unknown
DDP733,HTR3A,unknown
DG041,PTGER3,antagonist
DG051,LTA4H,unknown
DL-Methylephedrine,ADRA2A,agonist
DL-Methylephedrine,ADRA2C,agonist
DL-Methylephedrine,ADRB1,agonist
DL-Methylephedrine,ADRB3,agonist
DMP-777,ELANE,inhibitor
DP-b99,MMP9,inhibitor
DPCPX,ADORA1,inhibitor
DPCPX,ADORA2A,inhibitor
DPCPX,ADORA2B,inhibitor
DPCPX,ADORA3,inhibitor
DPCPX,NT5E,inhibitor
DPDPE,OPRD1,inhibitor
DPDPE,OPRK1,inhibitor
DPDPE,OPRM1,inhibitor
DPI-221,OPRD1,unknown
DPI59,SRC,inhibitor
DRF-1042,TOP1,inhibitor
DS-1211,ALPL,inhibitor
DTP-348,CA9,inhibitor
DU125530,HTR1A,antagonist
Dabigatran,F2,inhibitor
Dabigatran etexilate,F2,inhibitor
Dabrafenib,BRAF,inhibitor
Dabrafenib,LIMK1,inhibitor
Dabrafenib,NEK11,inhibitor
Dabrafenib,RAF1,inhibitor
Dabrafenib,SIK1,inhibitor
Dabuzalgron,ADRA1D,agonist
Dacarbazine,PGD,inhibitor
Dacarbazine,POLA2,other/unknown
Dacinostat,HDAC1,inhibitor
Dacomitinib,EGFR,inhibitor
Dacomitinib,ERBB2,antagonist
Dacomitinib,ERBB4,antagonist
Dacopafant,PTAFR,antagonist
Dactinomycin,TOP1,inhibitor
Dactinomycin,TOP2B,inhibitor
Dactolisib,MTOR,modulator
Dactolisib,PIK3CG,modulator
Daglutril,MME,modulator
Daidzein,AKR1B1,inhibitor
Daidzein,ESR1,inhibitor
Daidzein,ESR2,inhibitor
Daidzein,ESRRA,agonist
Daidzein,TRPC5,activator
Daidzin,ALDH2,inhibitor
Dalbavancin,PNLIP,inhibitor
Dalcetrapib,CETP,inhibitor
Dalcotidine,HRH2,antagonist
Daleuton,PTGS1,inhibitor
Daleuton,PTGS2,unknown
Dalfampridine,KCNA1,antagonist
Dalfampridine,KCNA10,antagonist
Dalfampridine,KCNA2,antagonist
Dalfampridine,KCNA3,antagonist
Dalfampridine,KCNA4,antagonist
Dalfampridine,KCNA5,antagonist
Dalfampridine,KCNA6,antagonist
Dalfampridine,KCNA7,antagonist
Dalfampridine,KCNB1,antagonist
Dalfampridine,KCNB2,antagonist
Dalfampridine,KCNC1,antagonist
Dalfampridine,KCNC2,antagonist
Dalfampridine,KCNC3,antagonist
Dalfampridine,KCND1,antagonist
Dalfampridine,KCND2,antagonist
Dalfampridine,KCND3,antagonist
Dalteparin,SELP,inhibitor
Dalteparin,SERPINC1,potentiator
Dalteparin,VEGFA,inhibitor
Daltroban,TBXA2R,inhibitor
Danaparoid,SERPINC1,positive allosteric modulator
Danavorexton,HCRTR2,agonist
Danazol,AR,agonist
Danazol,CCL2,inhibitor
Danazol,ESR1,agonist
Danazol,GNRHR,negative modulator
Danazol,GNRHR2,negative modulator
Danazol,PGR,agonist
Danicopan,CFD,inhibitor
Daniquidone,TOP1,modulator
Daniquidone,TOP2A,modulator
Daniquidone,TOP2B,modulator
Danirixin,CXCR2,modulator
Dansylamide,CA2,inhibitor
Dansyllysine,IGHA2,unknown
Dantrolene,RYR1,antagonist
Danusertib,AURKA,inhibitor
Danusertib,AURKB,inhibitor
Danusertib,AURKC,inhibitor
Dapagliflozin,SLC5A2,inhibitor
Dapansutrile,NLRP3,inhibitor
Dapiprazole,ADRA1A,antagonist
Dapiprazole,ADRA1B,antagonist
Dapiprazole,ADRA1D,antagonist
Dapiprazole,DRD2,antagonist
Dapitant,TACR1,antagonist
Daporinad,NAMPT,inhibitor
Dapoxetine,HTR1A,unknown
Dapoxetine,HTR1B,unknown
Dapoxetine,HTR2C,unknown
Daprodustat,EGLN1,inhibitor
Daprodustat,EGLN2,inhibitor
Daprodustat,EGLN3,inhibitor
Darapladib,PLA2G1B,modulator
Darapladib,PLA2G4A,unknown
Darbufelone,ALOX5,modulator
Darbufelone,PTGS2,modulator
Darexaban,F10,inhibitor
Darglitazone,PPARG,agonist
Daridorexant,HCRTR1,antagonist
Daridorexant,HCRTR2,antagonist
Darifenacin,CHRM1,antagonist
Darifenacin,CHRM2,antagonist
Darifenacin,CHRM3,antagonist
Darifenacin,CHRM4,antagonist
Darifenacin,CHRM5,antagonist
Darolutamide,AR,antagonist
Darolutamide,PGR,antagonist
Darusentan,EDNRA,antagonist
Dasantafil,PDE5A,inhibitor
Dasatinib,ABL1,inhibitor;multitarget
Dasatinib,ABL2,multitarget
Dasatinib,BCR,inhibitor
Dasatinib,BTK,inhibitor
Dasatinib,CSK,inhibitor
Dasatinib,EPHA2,antagonist
Dasatinib,EPHA5,inhibitor
Dasatinib,EPHB4,inhibitor
Dasatinib,FGR,inhibitor
Dasatinib,FRK,binder
Dasatinib,FYN,inhibitor;multitarget
Dasatinib,HSPA8,binder
Dasatinib,KIT,antagonist
Dasatinib,LCK,inhibitor;multitarget
Dasatinib,LYN,inhibitor
Dasatinib,MAP3K20,binder
Dasatinib,MAPK14,binder
Dasatinib,NR4A3,inhibitor
Dasatinib,PDGFRB,antagonist
Dasatinib,PPAT,binder
Dasatinib,SRC,inhibitor;multitarget
Dasatinib,STAT5B,inhibitor
Dasatinib,YES1,inhibitor
Dasotraline,SLC6A2,inhibitor
Dasotraline,SLC6A3,inhibitor
Dasotraline,SLC6A4,inhibitor
Daunorubicin,TOP2A,inhibitor
Daunorubicin,TOP2B,inhibitor
Davamotecan pegadexamer,TOP1,modulator
Daxalipram,PDE4A,inhibitor
Daxalipram,PDE4B,inhibitor
Daxalipram,PDE4D,inhibitor
Dazoxiben,TBXAS1,inhibitor
Dazucorilant,NR3C1,modulator
Deacetoxyvinzolidine,CALM3,unknown
Deamido-Nad+,NMNAT1,unknown
Deamido-Nad+,NMNAT3,unknown
Debrisoquine,SLC6A2,inducer
Debromohymenialdisine,CHEK1,inhibitor
Debromohymenialdisine,CHEK2,inhibitor
Debromohymenialdisine,CLK1,unknown
Debromohymenialdisine,MAP2K1,inhibitor
Debromohymenialdisine,MAPK1,inhibitor
Debromohymenialdisine,RAF1,inhibitor
Debromohymenialdisine,TNK2,unknown
Decamethonium,ACHE,inhibitor
Decamethonium,CHRNA1,modulator
Decamethonium,CHRNA2,partial agonist
Decamethonium,CHRNA4,unknown
Decamethonium,CHRNB2,unknown
Decernotinib,JAK3,inhibitor
Decitabine,DNMT1,inhibitor
Decitabine,DNMT3A,inhibitor
Decitabine,DNMT3B,inhibitor
Decitabine,HDAC6,inhibitor
Declopramide,CHRM1,modulator
Declopramide,DRD2,modulator
Declopramide,TOP2A,unknown
Declopramide,TOP2B,unknown
Decoglurant,GRM2,modulator
Decoglurant,GRM3,modulator
Decyl(dimethyl)phosphine oxide,MAOA,inhibitor
Defactinib,PTK2,inhibitor
Defactinib,PTK2B,inhibitor
Deferitazole,HBA1,modulator
Deferoxamine,APP,downregulator
Deflazacort,NR3C1,agonist
Defoslimod,TLR2,modulator
Defoslimod,TLR4,modulator
Degarelix,GNRHR,antagonist
Delapril,ACE,modulator
Delgocitinib,JAK1,inhibitor
Delgocitinib,JAK2,inhibitor
Delgocitinib,JAK3,inhibitor
Delgocitinib,TYK2,inhibitor
Delorazepam,GABRG3,ligand
Delorazepam,GABRQ,positive allosteric modulator
Delparantag,SERPINC1,antagonist
Delta-Amino Valeric Acid,ALAD,inhibitor
Delta-Amino Valeric Acid,GATM,unknown
Deltibant,BDKRB2,modulator
Demecarium,ACHE,inhibitor
Demecarium,BCHE,inhibitor
Demeclocycline,AVPR2,inhibitor
Demecolcine,MAP1A,modulator
Demecolcine,MAP1B,modulator
Demegestone,PGR,agonist
Denagliptin,DPP4,inhibitor
Denbufylline,PDE4A,inhibitor
Denbufylline,PDE4B,inhibitor
Denbufylline,PDE4D,inhibitor
Denfivontinib,FLT3,inhibitor
Denfivontinib,MERTK,inhibitor
Denibulin,FLT1,unknown
Denibulin,FLT4,unknown
Denibulin,VEGFA,unknown
Denifanstat,FASN,inhibitor
Denopamine,DRD2,modulator
Denufosol,P2RY2,agonist
Deoxycholic acid,EFL1,unknown
Deoxycholic acid,GPBAR1,agonist
Deoxycholic acid,GSTP1,binder
Deoxycholic acid,HPGDS,inhibitor
Deoxycholic acid,NR1H4,agonist
Deoxycholic acid,PCNA,other/unknown
"Deoxycytidylyl-3',5'-guanosine",RNASE1,unknown
Deoxyuridine monophosphate,TYMS,unknown
Deoxyuridine-5'-Diphosphate,DUT,unknown
Depulfavirine,TERT,inhibitor
Dequalinium,CALM3,antagonist
Dequalinium,CNGA1,blocker
Dequalinium,CNGA2,blocker
Dequalinium,KCNMA1,inhibitor
Dequalinium,KCNN1,blocker
Dequalinium,KCNN2,blocker
Dequalinium,KCNN3,blocker
Dequalinium,PRKCZ,inhibitor
Dequalinium,SNCA,modulator
Dequalinium,XIAP,antagonist;inhibitor
Deramciclane,HTR2A,antagonist
Deramciclane,HTR2C,inverse agonist
Derazantinib,FGFR1,inhibitor
Derenofylline,ADORA1,antagonist
Dersalazine,PTAFR,inhibitor
Dersimelagon,MC1R,agonist
Deserpidine,ACE,inhibitor
Deserpidine,SLC18A2,inhibitor
Desflurane,ATP2A2,inhibitor
Desflurane,ATP5F1D,other/unknown
Desflurane,GABRQ,positive allosteric modulator
Desflurane,GLRA1,agonist
Desflurane,GRIA1,antagonist
Desflurane,KCNA1,inducer
Desflurane,MT-ND1,inhibitor
Desipramine,ADRA1D,antagonist
Desipramine,ADRA2C,binder
Desipramine,ADRB1,other
Desipramine,ADRB2,antagonist
Desipramine,CHRM1,antagonist
Desipramine,CHRM2,antagonist
Desipramine,CHRM3,antagonist
Desipramine,CHRM4,antagonist
Desipramine,CHRM5,antagonist
Desipramine,DRD2,binder
Desipramine,HRH1,antagonist
Desipramine,HTR1A,binder
Desipramine,HTR2A,antagonist
Desipramine,HTR2C,binder
Desipramine,SLC6A2,inhibitor
Desipramine,SLC6A4,inhibitor
Desipramine,SMPD1,inhibitor
Deslanoside,ATP1A1,inhibitor
Desloratadine,HRH1,antagonist
Desmethylsertraline,ABCB1,inhibitor
Desmopressin,AVPR1A,agonist
Desmopressin,AVPR1B,agonist
Desmopressin,AVPR2,agonist
Desmopressin,OXTR,agonist
Desogestrel,ESR1,agonist
Desogestrel,PGR,agonist
Desonide,ESRRA,modulator
Desonide,ESRRB,modulator
Desonide,ESRRG,modulator
Desonide,NR3C1,agonist
Desoximetasone,ESRRA,modulator
Desoximetasone,ESRRB,modulator
Desoximetasone,ESRRG,modulator
Desoximetasone,NR3C1,agonist
Desoxycorticosterone acetate,NR3C2,agonist
Desoxycorticosterone pivalate,NR3C2,agonist
Desoxycortone,NR3C1,agonist
Desoxycortone,NR3C2,agonist
Desvenlafaxine,SLC6A2,inhibitor
Desvenlafaxine,SLC6A3,inhibitor
Desvenlafaxine,SLC6A4,inhibitor
Detirelix,GNRHR,modulator
Deucravacitinib,TYK2,inhibitory allosteric modulator
Deudextromethorphan,SIGMAR1,modulator
Deudextromethorphan,SLC6A4,modulator
Deuruxolitinib,JAK1,inhibitor
Deuruxolitinib,JAK2,inhibitor
Deuruxolitinib,TYK2,inhibitor
Deutetrabenazine,SLC18A2,inhibitor
Deutivacaftor,CFTR,potentiator
Devazepide,CCKAR,antagonist
Devimistat,OGDH,modulator
Dexamethasone,ANXA1,agonist
Dexamethasone,NOS2,negative modulator
Dexamethasone,NR0B1,stimulator
Dexamethasone,NR1I2,agonist
Dexamethasone,NR3C1,agonist
Dexamethasone acetate,ANXA1,agonist
Dexamethasone acetate,NOS2,negative modulator
Dexamethasone acetate,NR0B1,stimulator
Dexamethasone acetate,NR1I2,agonist
Dexamethasone acetate,NR3C1,agonist
Dexamethasone palmitate,ESRRA,agonist
Dexanabinol,TNF,unknown
Dexbrompheniramine,HRH1,antagonist
Dexchlorpheniramine,HRH1,antagonist
Dexchlorpheniramine maleate,HRH1,antagonist
Dexefaroxan,ADORA2A,agonist
Dexfadrostat,CYP11B1,inhibitor
Dexfenfluramine,HTR2C,agonist
Dexfenfluramine,SLC6A4,inhibitor
Dexfosfoserine,CFTR,unknown
Dexfosfoserine,KCNC4,unknown
Dexfosfoserine,PDPK1,inhibitor
Dexfosfoserine,PIM1,unknown
Dexfosfoserine,PRKACA,unknown
Dexfosfoserine,PRKCQ,inhibitor
Dexfosfoserine,PYGL,unknown
Dexfosfoserine,PYGM,inhibitor
Dexfosfoserine,REG1A,unknown
Dexfosfoserine,RHO,unknown
Dexfosfoserine,SERPINB3,unknown
Dexfosfoserine,SMAD2,unknown
Dexfosfoserine,TAOK2,unknown
Dexibuprofen,BCL2,negative modulator
Dexibuprofen,CFTR,inhibitor
Dexibuprofen,FABP2,binder
Dexibuprofen,GP1BA,unknown
Dexibuprofen,PLAT,modulator
Dexibuprofen,PPARA,unknown
Dexibuprofen,PPARG,activator
Dexibuprofen,PTGS1,inhibitor
Dexibuprofen,PTGS2,inhibitor
Dexibuprofen,S100A7,unknown
Dexibuprofen,SLC15A1,unknown
Dexibuprofen,THBD,modulator
Dexketoprofen,PTGS1,antagonist
Dexketoprofen,PTGS2,antagonist
Dexlansoprazole,ATP4A,inhibitor
Dexlansoprazole,ATP4B,inhibitor
Dexlansoprazole,DDAH1,inhibitor
Dexloxiglumide,CCKAR,inhibitor
Dexloxiglumide,CCKBR,inhibitor
Dexmecamylamine,CHRNB2,antagonist
Dexmedetomidine,ADRA2A,agonist
Dexmethylphenidate,SLC6A2,inhibitor
Dexmethylphenidate,SLC6A3,inhibitor
Dexmethylphenidate,SLC6A4,inhibitor
Dexniguldipine,ABCB1,inhibitor
Dexniguldipine,ABCB4,modulator
Dexpramipexole,IL13,inhibitor
Dexpramipexole,IL4,inhibitor
Dexrazoxane,TOP2A,inhibitor
Dexrazoxane,TOP2B,inhibitor
Dextofisopam,TSPO,agonist
Dextroamphetamine,ADRA1B,antagonist
Dextroamphetamine,ADRA2C,inhibitor;inducer
Dextroamphetamine,SLC18A2,inducer
Dextroamphetamine,SLC6A2,negative modulator
Dextroamphetamine,SLC6A3,negative modulator
Dextroamphetamine,TAAR1,agonist
Dextromethorphan,CHRNA2,antagonist
Dextromethorphan,CHRNA3,antagonist
Dextromethorphan,CHRNA4,antagonist
Dextromethorphan,CHRNA7,antagonist
Dextromethorphan,CHRNB2,antagonist
Dextromethorphan,CHRNB4,antagonist
Dextromethorphan,CYP19A1,inhibitor
Dextromethorphan,GRIN3A,antagonist
Dextromethorphan,OPRD1,agonist
Dextromethorphan,OPRK1,agonist
Dextromethorphan,OPRM1,agonist;regulator
Dextromethorphan,PGRMC1,binder
Dextromethorphan,RAC2,inhibitor
Dextromethorphan,SIGMAR1,agonist
Dextromethorphan,SLC6A2,inhibitor
Dextromethorphan,SLC6A4,inhibitor
Dextropropoxyphene,GRIN3B,antagonist
Dextropropoxyphene,OPRD1,agonist
Dextropropoxyphene,OPRK1,antagonist
Dextropropoxyphene,OPRM1,agonist
Dextrothyroxine,THRA,agonist
Dextrothyroxine,THRB,agonist
Dextrothyroxine,TPO,unknown
Dexverapamil,ABCB1,inhibitor
Dezapelisib,PIK3CD,inhibitor
Dezocine,OPRK1,antagonist
Dezocine,OPRM1,agonist
Di-Stearoyl-3-Sn-Phosphatidylcholine,BPI,unknown
Di-Stearoyl-3-Sn-Phosphatidylcholine,SLC25A4,inhibitor
DiaPep 277,HSPD1,modulator
Diacerein,ALOX5,inhibitor
Diacerein,CYP1A2,inhibitor
Diacerein,CYP2C9,inhibitor
Diacerein,CYP2D6,inhibitor
Diacerein,CYP2E1,inhibitor
Diacerein,CYP3A7,inhibitor
Diacerein,IL1B,inhibitor
Diacerein,NR1H2,inhibitor
Diacerein,NR1H3,inhibitor
Diamorphine,CES1,unknown
Diamorphine,OPRD1,agonist
Diamorphine,OPRK1,agonist
Diamorphine,OPRM1,agonist
Dianicline,CHRNA4,modulator
Dianicline,CHRNB2,modulator
Diaplasinin,SERPINE1,inhibitor
Diazepam,GABRG3,ligand
Diazepam,GABRQ,positive allosteric modulator
Diazepam,TSPO,agonist
Diazepinomicin,TSPO,modulator
Diazoxide,ATP5PO,inhibitor
Diazoxide,KCNJ11,inducer
Dibromotyrosine,EPOR,inhibitor
Dibutylphthalate,TRPA1,activator
Dichloroacetic acid,GSTZ1,unknown
Dichloroacetic acid,PDK1,inhibitor
Dichlorobenzyl alcohol,SCN4B,antagonist
Dichloroisoproterenol,ADRB1,inhibitor
Dichloroisoproterenol,ADRB2,inhibitor
Dichlororibofuranosylbenzimidazole,CSNK2A1,inhibitor
Dichlorvos,BCHE,unknown
Dichlorvos,TF,unknown
Diclofenac,PTGS1,inhibitor
Diclofenac,PTGS2,inhibitor
Diclofenamide,CA1,inhibitor
Diclofenamide,CA2,inhibitor
Diclofenamide,CA3,inhibitor
Diclofenamide,CA4,inhibitor
Diclofenamide,CA7,inhibitor
Dicoumarol,CRYZ,inhibitor
Dicoumarol,NQO1,inhibitor
Dicoumarol,VKORC1,inhibitor
Dicyclomine,CHRM1,antagonist
Dicyclomine,CHRM2,antagonist
Dicyclomine,CHRM3,antagonist
Didanosine,PNP,substrate
Didesmethylrocaglamide,PHB1,inhibitor
Didesmethylrocaglamide,PHB2,inhibitor
Didox,RRM1,inhibitor
Didox,RRM2,inhibitor
Didox,RRM2B,inhibitor
Dienestrol,ESR1,agonist
Dienestrol,SHBG,unknown
Dienogest,AR,antagonist
Dienogest,PGR,agonist
Diethyl phosphonate,BCHE,inhibitor
Diethylcarbamazine,ALOX5,inhibitor
Diethylcarbamazine,PTGS1,inhibitor
Diethylene glycol diethyl ether,ACHE,inhibitor
Diethylpropion,SLC6A2,inhibitor
Diethylpropion,SLC6A3,inhibitor
Diethylpropion,SLC6A4,inhibitor
Diethylstilbestrol,AR,antagonist
Diethylstilbestrol,ESR1,agonist
Diethylstilbestrol,ESR2,agonist
Diethylstilbestrol,ESRRA,unknown
Diethylstilbestrol,ESRRB,unknown
Diethylstilbestrol,ESRRG,agonist
Diethylstilbestrol,NCOA2,unknown
Diethylstilbestrol,NR1I2,unknown
Diethylstilbestrol,SHBG,unknown
Diethyltryptamine,HTR6,inhibitor
Difamilast,PDE4D,inhibitor
Difelikefalin,OPRK1,agonist
Difenoxin,OPRM1,antagonist
Diflomotecan,TOP1,inhibitor
Diflorasone,NR3C1,agonist
Diflorasone,PLA2G1B,inhibitor
Diflunisal,PTGS1,inhibitor
Diflunisal,PTGS2,inhibitor
Difluocortolone,ANXA3,inducer
Difluocortolone,NR3C1,binder
Difluprednate,ANXA1,agonist
Difluprednate,NR3C1,agonist
Digitoxigenin,ATP1A1,inhibitor
Digitoxin,ATP1A1,inhibitor
Digitoxin,ATP1A2,inhibitor
Digitoxin,ATP1A3,inhibitor
Digitoxin,ATP1B1,inhibitor
Digitoxin,ATP1B2,inhibitor
Digitoxin,ATP1B3,inhibitor
Diglyme,HSP90B1,unknown
Digoxin,ATP1A1,inhibitor
Digoxin,ATP1A2,inhibitor
Digoxin,ATP1A3,inhibitor
Digoxin,ATP1B1,inhibitor
Digoxin,ATP1B2,inhibitor
Digoxin,ATP1B3,inhibitor
Digoxin,SLCO4C1,modulator
Dihydrexidine,DRD1,inhibitor
Dihydro-alpha-ergocryptine,DRD2,agonist
Dihydro-alpha-ergocryptine,DRD3,partial agonist
Dihydro-alpha-ergocryptine,DRD5,partial agonist
Dihydro-alpha-ergocryptine,HTR2B,agonist
Dihydro-alpha-ergocryptine,HTR7,antagonist
Dihydrocodeine,OPRM1,antagonist
Dihydroergocornine,ADRA2C,antagonist;agonist
Dihydroergocornine,ADRB3,antagonist;agonist
Dihydroergocornine,HTR7,antagonist;agonist
Dihydroergocristine,ADRA2C,antagonist;agonist
Dihydroergocristine,ADRB3,antagonist;agonist
Dihydroergocristine,DRD4,antagonist;agonist
Dihydroergocristine,HTR7,antagonist
Dihydroergocryptine,HTR2B,agonist
Dihydroergocryptine,HTR7,antagonist
Dihydroergotamine,ADRA1D,agonist
Dihydroergotamine,ADRA2A,agonist
Dihydroergotamine,ADRA2C,agonist
Dihydroergotamine,ADRB3,agonist
Dihydroergotamine,DRD2,agonist
Dihydroergotamine,DRD3,agonist
Dihydroergotamine,DRD4,agonist
Dihydroergotamine,HTR1A,agonist
Dihydroergotamine,HTR1B,agonist
Dihydroergotamine,HTR1D,agonist
Dihydroergotamine,HTR1E,agonist
Dihydroergotamine,HTR1F,agonist
Dihydroergotamine,HTR2A,agonist
Dihydroergotamine,HTR2B,agonist
Dihydroergotamine,HTR2C,agonist
Dihydroergotamine,HTR4,agonist
Dihydroergotoxine,DRD2,agonist
Dihydrofolic Acid,PDF,inhibitor
Dihydrogenphosphate,DCXR,unknown
Dihydrolipoic Acid,DLAT,unknown
Dihydrolipoic Acid,GCSH,unknown
Dihydrolipoic Acid,PDK3,unknown
Dihydromorphine,OPRD1,agonist
Dihydromorphine,OPRK1,agonist
Dihydromorphine,OPRM1,agonist
Dihydromorphine,POMC,agonist
Dihydromorphine,TRIM13,agonist
Dihydroquinidine barbiturate,GABRA1,potentiator
Dihydrotachysterol,VDR,agonist
Dihydroxyacetone phosphate,ALDOA,unknown
Dihydroxyacetone phosphate,ALDOB,unknown
Dihydroxyacetone phosphate,TPI1,unknown
Diisopropylphosphono Group,CFB,unknown
Diisopropylphosphono Group,DPP4,inhibitor
Dilazep,SLC29A1,inhibitor
Dilmapimod,IL1B,unknown
Dilmapimod,IL6,unknown
Dilmapimod,MAPK14,inhibitor
Dilmapimod,TNF,unknown
Diltiazem,CACNA1C,blocker
Diltiazem,CACNA2D1,blocker
Diltiazem,CACNG1,blocker
Dimemorfan,SIGMAR1,agonist
Dimenhydrinate,HRH1,antagonist
Dimepheptanol,OPRD1,inhibitor
Dimepheptanol,OPRK1,inhibitor
Dimepheptanol,OPRM1,inhibitor
Dimetacrine,ACHE,antagonist
Dimethyl Propionate Ester Heme,CYB5A,unknown
Dimethyl fumarate,KEAP1,binder
Dimethyl fumarate,RELA,inhibitor;binder
Dimethyl sulfoxide,IL5RA,downregulator
Dimethyl sulfoxide,MUC16,downregulator
Dimethyl sulfoxide,MYC,downregulator
Dimethylallyl Diphosphate,FDPS,inhibitor
Dimethylallyl Diphosphate,IDI1,unknown
Dimethylcurcumin,AR,inhibitor
Dimethylthiambutene,OPRD1,agonist
Dimethylthiambutene,OPRM1,agonist
Dimethyltryptamine,HTR2A,inhibitor
Dimethyltryptamine,HTR6,inhibitor
Dimethyltryptamine,SIGMAR1,inhibitor
Dimetindene,CHRM2,antagonist
Dimetindene,HRH1,antagonist
Diminazene,AOC1,unknown
Diminazene,PRDX5,unknown
Diminazene,PRSS1,unknown
Dinaciclib,CDK1,inhibitor
Dinaciclib,CDK2,inhibitor
Dinaciclib,CDK9,inhibitor
Dinitrochlorobenzene,GSTP1,unknown
Dinitrochlorobenzene,MGMT,unknown
Dinoprost,PTGDR,agonist
Dinoprost,PTGDR2,agonist
Dinoprost,PTGER1,agonist
Dinoprost,PTGER2,agonist
Dinoprost,PTGER3,agonist
Dinoprost,PTGER4,agonist
Dinoprost,PTGFR,agonist
Dinoprost,TBXA2R,agonist
Dinoprost tromethamine,PTGFR,agonist
Dinoprost tromethamine,PTGIR,antagonist
Dinoprostone,PTGDR2,agonist
Dinoprostone,PTGER1,agonist
Dinoprostone,PTGER2,agonist
Dinoprostone,PTGER3,agonist
Dinoprostone,PTGER4,agonist
Dinoprostone,PTGFR,antagonist
Dinor-N(Omega)-Hydroxy-L-Arginine,ARG1,unknown
Diosmetin,CYP1B1,inhibitor
Diosmetin,STAT3,inhibitor
Diosmin,AHR,agonist
Dioxo(sulfanyl)molybdenum,XDH,unknown
Dioxybenzone,SHBG,binder
Dipentamethylenethiuram disulfide,ALDH3A2,inhibitor
Diphemanil,CHRM1,modulator
Diphemanil,CHRM3,antagonist
Diphenhydramine,CHRM2,antagonist
Diphenhydramine,HNMT,inhibitor
Diphenhydramine,HRH1,inverse agonist
Diphenidol,CHRM1,antagonist
Diphenidol,CHRM2,antagonist
Diphenidol,CHRM3,antagonist
Diphenidol,CHRM4,antagonist
Diphenoxylate,OPRD1,agonist
Diphenoxylate,OPRM1,agonist
Diphenylacetic acid,CTSB,unknown
Diphenylpyraline,HRH1,antagonist
Diphenylpyraline,SLC6A3,inhibitor
Diphthamide,EEF2,unknown
Dipivefrin,ACHE,inhibitor
Dipivefrin,ADRA1A,agonist
Dipivefrin,ADRA2A,agonist
Dipivefrin,ADRB1,antagonist
Dipivefrin,ADRB2,agonist
Dipivefrin,BCHE,substrate
Dipraglurant,GRM5,modulator
Diprenorphine,OPRD1,antagonist
Diprenorphine,OPRK1,antagonist
Diprenorphine,OPRM1,antagonist
Diprenorphine,TRIM13,unknown
Dipyridamole,ADA,inhibitor
Dipyridamole,ORM1,binder
Dipyridamole,PDE10A,inhibitor
Dipyridamole,PDE4A,inhibitor
Dipyridamole,PDE5A,inhibitor
Dipyridamole,RCAN1,inhibitor
Dipyrithione,NOS2,antagonist
Dipyrithione,PTGS2,inhibitor
Diquafosol,P2RY2,agonist
Dirlotapide,MTTP,inhibitor
Diroximel fumarate,CHRNA10,agonist
Disopyramide,CHRM1,antagonist
Disopyramide,CHRM2,antagonist
Disopyramide,CHRM3,antagonist
Disopyramide,KCND2,inhibitor
Disopyramide,KCND3,inhibitor
Disopyramide,KCNH2,inhibitor
Disopyramide,ORM2,binder
Disopyramide,SCN5A,inhibitor
Disufenton,SULF2,inhibitor
Disulergine,HTR7,inhibitor
Disulfiram,ALDH2,inhibitor
Disulfiram,ALDH3A2,inhibitor
Disulfiram,DBH,inhibitor
Dithioerythritol,TK1,unknown
Divaplon,GABRA1,inhibitor
Dizocilpine,ADORA3,inhibitor
Dizocilpine,GRIN1,inhibitor
Dizocilpine,GRIN2A,inhibitor
Dizocilpine,GRIN2B,inhibitor
Dobutamine,ADRA1D,agonist
Dobutamine,ADRB1,agonist
Dobutamine,ADRB2,agonist
Dobutamine,ESR1,agonist
Docarpamine,DRD2,modulator
Docebenone,ALOX5,inhibitor
Docetaxel,BCL2,unknown
Docetaxel,NR1I2,binder
Docetaxel,TUBB1,inhibitor
Doconexent,MYC,inhibitor
Doconexent,PPARA,activator
Doconexent,PPARG,activator
Doconexent,PTGS1,inhibitor
Doconexent,PTGS2,inhibitor
Doconexent,RXRA,activator
Doconexent,RXRB,activator
Doconexent,RXRG,activator
Doconexent,SREBF1,inhibitor
Dodecyl sulfate,LYZ,unknown
Dodecyl-Alpha-D-Maltoside,RARG,inhibitor
Dodecyldimethylamine N-oxide,CFL1,unknown
Dodecyldimethylamine N-oxide,DHODH,unknown
Dodecyldimethylamine N-oxide,DSTN,unknown
Dodecyldimethylamine N-oxide,IGHV3-23,unknown
Dodecyldimethylamine N-oxide,IGKV1D-33,unknown
Dodecyldimethylamine N-oxide,MAOB,ligand
Dodecyldimethylamine N-oxide,NFE2L1,unknown
Dodecyldimethylamine N-oxide,PMP2,unknown
Dodecyldimethylamine N-oxide,RHO,unknown
Dodecyltrimethylammonium,PTPN11,inhibitor
Dofequidar,ABCB1,inhibitor
Dofequidar,ABCB4,modulator
Dofequidar,ABCB5,inhibitor
Dofetilide,KCNH2,inhibitor
Dofetilide,KCNJ12,inhibitor
Dofetilide,KCNK2,inhibitor
Dolasetron,HTR3A,antagonist
Dolastatin 10,TUBB2A,inhibitor
Domatinostat,HDAC1,inhibitor
Domitroban,TBXA2R,antagonist
Domoic Acid,GRIK1,agonist
Domoic Acid,GRIK2,unknown
Domperidone,DRD2,antagonist
Domperidone,DRD3,antagonist
Domperidone,HTR2A,inhibitor
Donepezil,ACHE,inhibitor
Donepezil,BCHE,inducer
Donepezil,GRIN3B,downregulator
Donepezil,HTR2A,inducer
Donepezil,IL1B,inhibitor;inducer
Donepezil,NFKB1,inhibitor
Donepezil,NOS1,inhibitor;inducer
Donepezil,TNFAIP6,inhibitor
Donitriptan,HTR1B,modulator
Donitriptan,HTR1D,modulator
Dopamine,DBH,ligand
Dopamine,DRD1,agonist
Dopamine,DRD2,agonist
Dopamine,DRD3,agonist
Dopamine,DRD4,agonist
Dopamine,DRD5,agonist
Dopamine,HTR1A,inhibitory allosteric modulator
Dopamine,HTR3A,inhibitory allosteric modulator
Dopamine,HTR3B,inhibitory allosteric modulator
Dopamine,HTR7,inhibitory allosteric modulator
Dopamine,SLC18A2,unknown
Dopamine,SLC6A2,inhibitor
Dopamine,SLC6A3,inducer
Dopamine,SLC6A4,inhibitor
Dopamine,SOD1,inhibitor
Dopastatin,ALOX5,inhibitor
Dopastatin,DRD2,modulator
Dopastatin,SSTR2,agonist
Dopexamine,DRD2,modulator
Doramapimod,HCK,inhibitor
Doramapimod,MAPK14,unknown
Dordaviprone,CLPP,activator
Dordaviprone,DRD2,antagonist
Dordaviprone,DRD3,antagonist
Dorsomorphin,ACVR1,unknown
Dorsomorphin,FKBP1A,unknown
Dorsomorphin,PRKAA1,inhibitor
Dorsomorphin,PRKAB1,inhibitor
Dorsomorphin,PRKAG1,inhibitor
Dorzagliatin,GCK,activator
Dorzolamide,CA1,inhibitor
Dorzolamide,CA2,inhibitor
Dorzolamide,CA3,inhibitor
Dorzolamide,CA4,inhibitor
Dosulepin,ADRA1D,antagonist
Dosulepin,ADRA2C,antagonist
Dosulepin,CHRM1,antagonist
Dosulepin,CHRM2,antagonist
Dosulepin,CHRM3,antagonist
Dosulepin,CHRM4,antagonist
Dosulepin,CHRM5,antagonist
Dosulepin,HRH1,antagonist
Dosulepin,HTR1A,antagonist
Dosulepin,HTR2A,antagonist
Dosulepin,SLC6A2,inhibitor
Dosulepin,SLC6A4,inhibitor
Dotarizine,CACNA1A,unknown
Dotarizine,HTR1A,unknown
Dotarizine,HTR2A,unknown
Dotarizine,HTR2C,unknown
Dotatate gallium Ga-68,SSTR2,binder
Dotinurad,SLC22A12,inhibitor
Dovitinib,FGFR3,inhibitor
Dovitinib,NR1I2,suppressor
Doxacurium,CHRM2,antagonist
Doxacurium,CHRNA2,antagonist
Doxapram,KCNK3,inhibitor
Doxapram,KCNK9,inhibitor
Doxazosin,ADRA1A,antagonist
Doxazosin,ADRA1B,antagonist
Doxazosin,ADRA1D,antagonist
Doxazosin,KCNH7,inhibitor
Doxecitine,DCK,substrate
Doxecitine,TK1,inhibitor
Doxecitine,TK2,substrate
Doxefazepam,GABRG3,ligand
Doxefazepam,GABRQ,positive allosteric modulator
Doxepin,ADRA1A,antagonist
Doxepin,ADRA1B,antagonist
Doxepin,ADRA1D,antagonist
Doxepin,CHRM1,antagonist
Doxepin,CHRM2,antagonist
Doxepin,CHRM3,antagonist
Doxepin,CHRM4,antagonist
Doxepin,CHRM5,antagonist
Doxepin,HRH1,antagonist
Doxepin,HRH2,antagonist
Doxepin,HRH4,binder
Doxepin,HTR1A,antagonist
Doxepin,HTR2A,antagonist
Doxepin,HTR2B,antagonist
Doxepin,HTR2C,antagonist
Doxepin,HTR6,binder
Doxepin,KCNH2,inhibitor
Doxepin,SLC6A2,inhibitor
Doxepin,SLC6A4,inhibitor
Doxercalciferol,VDR,suppressor
Doxofylline,ADORA2A,antagonist
Doxofylline,ADRB2,agonist
Doxofylline,PDE2A,inhibitor
Doxorubicin,NOLC1,inhibitor
Doxorubicin,TERT,other/unknown
Doxorubicin,TOP1,inhibitor
Doxorubicin,TOP2A,inhibitor
Doxorubicin,TOP2B,inhibitor
Doxylamine,CHRM5,antagonist
Doxylamine,HRH1,antagonist
Doxylamine,NR1I3,ligand
Dpb-T,NT5M,unknown
Drinabant,CNR1,unknown
Drisapersen,DMD,other/unknown
Droloxifene,ESR1,modulator
Dronabinol,CNR1,agonist
Dronabinol,CNR2,agonist
Dronedarone,ADRA1A,antagonist
Dronedarone,ADRA1B,antagonist
Dronedarone,ADRA1D,antagonist
Dronedarone,ADRA2A,antagonist
Dronedarone,ADRA2B,antagonist
Dronedarone,ADRA2C,antagonist
Dronedarone,ADRB1,antagonist
Dronedarone,CACNA1C,inhibitor
Dronedarone,CACNA1D,inhibitor
Dronedarone,CACNA1F,inhibitor
Dronedarone,CACNA1S,inhibitor
Dronedarone,CACNB1,inhibitor
Dronedarone,CACNB2,inhibitor
Dronedarone,CACNB3,inhibitor
Dronedarone,CACNB4,inhibitor
Dronedarone,KCNA5,blocker
Dronedarone,KCND3,inhibitor
Dronedarone,KCNH2,inhibitor
Dronedarone,KCNJ3,inhibitor
Dronedarone,KCNJ4,inhibitor
Dronedarone,KCNK2,inhibitor
Dronedarone,KCNQ1,inhibitor
Dronedarone,SCN5A,inhibitor
Dronedarone,SLC8A1,inhibitor
Dronedarone,THRA,inhibitor
Droperidol,ADRA1A,antagonist
Droperidol,DRD2,antagonist
Drospirenone,AR,antagonist
Drospirenone,NR3C1,binder
Drospirenone,NR3C2,antagonist
Drospirenone,PGR,agonist
Drostanolone,AR,agonist
Drotaverine,CACNA1A,inhibitor
Drotaverine,PDE4A,inhibitor
Droxicam,PTGS1,inhibitor
Droxicam,PTGS2,inhibitor
Droxidopa,ADRA1A,agonist
Droxidopa,ADRA1B,agonist
Droxidopa,ADRA1D,agonist
Droxidopa,ADRA2A,agonist
Droxidopa,ADRA2B,agonist
Droxidopa,ADRA2C,agonist
Droxidopa,ADRB1,agonist
Droxidopa,ADRB2,agonist
Droxidopa,ADRB3,agonist
Droxidopa,PAH,inhibitor
Dubermatinib,AXL,inhibitor
Duloxetine,SLC6A2,inhibitor
Duloxetine,SLC6A3,inhibitor
Duloxetine,SLC6A4,inhibitor
Duroquinone,NQO1,inhibitor
Dutasteride,SRD5A1,inhibitor
Dutasteride,SRD5A2,inhibitor
Dutasteride,SRD5A3,inhibitor
Dutogliptin,DPP4,inhibitor
Duvelisib,PIK3CD,inhibitor
Duvelisib,PIK3CG,inhibitor
Duvoglustat,GAA,inhibitor
Duvoglustat,GANAB,inhibitor
Duvoglustat,GANC,inhibitor
Duvoglustat,MAN1B1,unknown
Duvoglustat,MGAM,inhibitor
Dyclonine,SCN10A,inhibitor
Dyclonine,SCN5A,blocker
Dydrogesterone,PGR,agonist
Dynorphin,OPRD1,inhibitor
Dynorphin,OPRK1,inhibitor
Dynorphin,OPRM1,inhibitor
Dyphylline,ADORA1,antagonist
Dyphylline,ADORA2A,antagonist
Dyphylline,NT5E,inhibitor
Dyphylline,PDE4A,inhibitor
Dyphylline,PDE4B,inhibitor
Dyphylline,PDE4C,inhibitor
Dyphylline,PDE4D,inhibitor
E-2012,APH1A,modulator
E-2012,APH1B,modulator
E-2012,NCSTN,modulator
E-2012,PSEN1,modulator
E-2012,PSENEN,modulator
E-7820,ITGA2,inhibitor
E5531,TLR4,unknown
EC-17,FOLR1,modulator
EGS21,INSR,modulator
EM-1745,HSD17B1,inhibitor
ENMD-1198,HIF1A,inhibitor
ENMD-1198,STAT3,unknown
ENMD-1198,TNFRSF11A,unknown
ENMD-981693,AURKA,inhibitor
EP-217609,F10,modulator
EP-217609,F2,modulator
ERB-196,ESR2,agonist
ERB-196,NCOA1,unknown
ES-936,NQO1,inhibitor
ESK981,FLT1,modulator
ESK981,KDR,inhibitor
ESK981,TEK,modulator
EVT 201,GABRA1,modulator
EVT 201,GABRG3,modulator
EVT 302,MAOB,unknown
EVT-101,GRIN2B,antagonist
EVT-101,RXRA,unknown
Ebalzotan,HTR1A,agonist
Ebastine,HRH1,antagonist
Ebrotidine,HRH2,modulator
Ebselen,ALB,binder
Ebselen,EPHX2,inhibitor
Ebselen,KDM4A,inhibitor
Ecabapide,ADRA2C,modulator
Ecabet,NOXO1,antagonist
Ecalcidene,VDR,modulator
Echinacoside,AR,agonist
Echinacoside,GHSR,agonist
Echothiophate,ACHE,modulator
Echothiophate,BCHE,inhibitor
Econazole,NR1I2,partial agonist
Ecopipam,DRD1,modulator
Ecopladib,PLA2G4A,inhibitor
Ecraprost,PTGER1,agonist
Edaglitazone,PPARG,modulator
Edaravone,BCL2,upregulator
Edasalonexent,NFKB1,inhibitor
Edasalonexent,NFKB2,inhibitor
Edasalonexent,REL,inhibitor
Edasalonexent,RELA,inhibitor
Edasalonexent,RELB,inhibitor
Edaxeterkib,EPHB2,inhibitor
Edecesertib,IRAK4,inhibitor
Edonerpic,APP,inhibitor
Edotecarin,TOP1,inhibitor
Edotreotide gallium Ga-68,SSTR1,ligand
Edotreotide gallium Ga-68,SSTR2,ligand
Edotreotide gallium Ga-68,SSTR3,ligand
Edotreotide gallium Ga-68,SSTR5,ligand
Edoxaban,F10,inhibitor
Edoxudine,TK1,inhibitor
Edrophonium,ACHE,inhibitor
Edrophonium,BCHE,inhibitor
Efaproxiral,HBA1,inhibitor
Efaproxiral,HBB,unknown
Efatutazone,PPARG,agonist
Efegatran,F2,inhibitor
Eflornithine,ODC1,inhibitor
Eflucimibe,CES1,inhibitor
Efonidipine,CACNA1C,unknown
Efonidipine,CACNA1G,inhibitor
Efonidipine,CACNA1H,inhibitor
Efonidipine,CACNA1I,inhibitor
Efonidipine,CACNB4,blocker
Eglumetad,GRM2,agonist
Eglumetad,GRM3,agonist
Elacestrant,ESR1,antagonist
Elacridar,ABCB1,inhibitor
Elacridar,ABCB4,modulator
Elacytarabine,DCK,unknown
Elafibranor,PPARA,agonist
Elafibranor,PPARD,agonist
Elafibranor,PPARG,agonist
Elafin,ELANE,unknown
Elafin,PRTN3,unknown
Elagolix,GNRHR,antagonist
Elaidamide,HTR7,allosteric modulator
Elaidamide,PLA2G2A,unknown
Elarofiban anhydrous,ITGA2B,modulator
Elarofiban anhydrous,ITGB3,modulator
Elbimilast,PDE4A,inhibitor
Elbimilast,PDE4B,inhibitor
Elbimilast,PDE4D,inhibitor
Eldacimibe,CES1,modulator
Eldecalcitol,VDR,unknown
Elenbecestat,BACE1,inhibitor
Eletriptan,HTR1A,partial agonist
Eletriptan,HTR1B,agonist
Eletriptan,HTR1D,agonist
Eletriptan,HTR1E,modulator
Eletriptan,HTR1F,agonist
Eletriptan,HTR2B,modulator
Eletriptan,HTR7,modulator
Elexacaftor,CFTR,positive allosteric modulator
Eliglustat,UGCG,inhibitor
Elimusertib,ATR,inhibitor
Elinogrel,P2RY12,antagonist
Elinzanetant,TACR1,antagonist
Elinzanetant,TACR3,antagonist
Eliprodil,GRIN1,inhibitor
Eliprodil,GRIN2B,inhibitor
Elisidepsin,ERBB3,inhibitor
Ellagic acid,CA1,inhibitor
Ellagic acid,CA12,inhibitor
Ellagic acid,CA14,inhibitor
Ellagic acid,CA2,inhibitor
Ellagic acid,CA3,inhibitor
Ellagic acid,CA4,inhibitor
Ellagic acid,CA5A,inhibitor
Ellagic acid,CA5B,inhibitor
Ellagic acid,CA6,inhibitor
Ellagic acid,CA7,inhibitor
Ellagic acid,CA9,inhibitor
Ellagic acid,CSNK2A1,inhibitor
Ellagic acid,GSK3B,inhibitor
Ellagic acid,HSPA1A,inhibitor
Ellagic acid,HSPA1B,inhibitor
Ellagic acid,PRKACA,inhibitor
Ellagic acid,PRKCA,inhibitor
Ellagic acid,PRKCB,inhibitor
Ellagic acid,SQLE,inhibitor
Ellagic acid,SYK,inhibitor
Ellipticine,TOP2A,inhibitor
Ellipticine,TOP2B,inhibitor
Elobixibat,SLC10A2,modulator
Elocalcitol,VDR,agonist
Elopiprazole,DRD2,modulator
Elopiprazole,HTR1A,modulator
Elraglusib,GSK3B,inhibitor
Elsamitrucin,TOP1,unknown
Elsamitrucin,TOP2A,modulator
Elsamitrucin,TOP2B,modulator
Eltanexor,XPO1,inhibitor
Eltanolone,GABRA1,inhibitor
Eltanolone,GABRB2,inhibitor
Eltanolone,GABRG2,inhibitor
Eltenac,PTGS1,modulator
Eltenac,PTGS2,modulator
Eltoprazine,HTR1A,agonist
Eltoprazine,HTR1B,agonist
Eltoprazine,HTR2C,antagonist
Eltrombopag,MPL,agonist
Elubrixin,CXCR2,antagonist
Eluxadoline,OPRD1,antagonist
Eluxadoline,OPRK1,agonist
Eluxadoline,OPRM1,agonist
Elzovantinib,CSF1R,inhibitor
Elzovantinib,MET,inhibitor
Elzovantinib,SRC,inhibitor
Emapunil,TSPO,agonist
Emavusertib,IRAK4,inhibitor
Emedastine,HRH1,antagonist
Emepronium,CHRM5,modulator
Emicerfont,CRHR1,antagonist
Emixustat,RPE65,inhibitor
Emodin,AHR,agonist
Emodin,CSNK2A1,inhibitor
Emopamil,ABCB1,inhibitor
Empagliflozin,SLC5A2,inhibitor
Empesertib,TTK,inhibitor
Emricasan,CASP1,unknown
Emricasan,CASP3,unknown
Emricasan,CASP7,unknown
Emrusolmin,SNCA,inhibitor
Emvododstat,ALOX5,inhibitor
Emvododstat,VEGFA,modulator
Enadoline,OPRK1,agonist
Enalapril,ACE,inhibitor
Enalaprilat,ACE,inhibitor
Enalaprilat,BDKRB1,activator
Enalkiren,REN,inhibitor
Enasidenib,IDH1,inhibitor
Enasidenib,IDH2,inhibitor
Enasidenib,IDH3A,inhibitor
Enasidenib,IDH3B,inhibitor
Enasidenib,IDH3G,inhibitor
Encainide,SCN5A,inhibitor
Encaleret,CASR,modulator
Encenicline,CHRNA7,partial agonist
Enclomiphene,ESR1,modulator
Encorafenib,BRAF,inhibitor
Encorafenib,CCND1,inhibitor
Encorafenib,LIMK1,inhibitor
Encorafenib,LIMK2,inhibitor
Encorafenib,MAP2K4,inhibitor
Encorafenib,MAPK10,inhibitor
Encorafenib,MAPK8,inhibitor
Encorafenib,MAPK9,inhibitor
Encorafenib,RAF1,inhibitor
Encorafenib,STK36,inhibitor
Endoxifen,ESR1,modulator
Enflurane,ATP2A1,inhibitor;stimulator
Enflurane,ATP2C1,inhibitor
Enflurane,CACNA1I,inhibitor;activator
Enflurane,GABRQ,potentiator
Enflurane,GLRA1,potentiator
Enflurane,GRIN3B,antagonist
Englitazone,PPARG,agonist
Eniluracil,AOX1,unknown
Eniluracil,DPYD,modulator
Eniluracil,XDH,inhibitor
Eniporide,SLC9A1,inhibitor
Eniporide,SLC9A3,inhibitor
Enitociclib,CDK9,inhibitor
Enoxacin,TOP2A,inhibitor
Enoxacin,TOP2B,inhibitor
Enoxaparin,F10,inhibitor
Enoxaparin,F2,inhibitor
Enoxaparin,SERPINC1,potentiator
Enoximone,PDE3A,inhibitor
Enoxolone,PTPN1,inhibitor
Enprofylline,ADORA1,inhibitor
Enprofylline,ADORA2A,inhibitor
Enprofylline,ADORA2B,antagonist
Enprofylline,ADORA3,inhibitor
Enprofylline,NT5E,inhibitor
Enprofylline,PDE4A,inhibitor
Enprofylline,PDE4B,inhibitor
Enrasentan,EDNRA,modulator
Enrasentan,EDNRB,modulator
Ensartinib,ALK,inhibitor
Ensartinib,EPHA2,inhibitor
Ensartinib,MET,inhibitor
Ensartinib,ROS1,inhibitor
Ensifentrine,PDE3B,inhibitor
Ensifentrine,PDE4D,inhibitor
Entacapone,COMT,inhibitor
Entinostat,HDAC1,inhibitor
Entinostat,HDAC6,inhibitor
Entospletinib,SYK,inhibitor
Entrectinib,ALK,inhibitor
Entrectinib,JAK2,inhibitor
Entrectinib,NTRK1,inhibitor
Entrectinib,NTRK2,inhibitor
Entrectinib,NTRK3,inhibitor
Entrectinib,ROS1,inhibitor
Entrectinib,TNK2,inhibitor
Enzacamene,AR,antagonist
Enzacamene,ESR1,unknown
Enzacamene,ESR2,unknown
Enzacamene,PGR,antagonist
Enzalutamide,AR,inhibitor
Enzalutamide d3,AR,inhibitor
Enzastaurin,AKT1,inhibitor
Enzastaurin,AURKA,unknown
Enzastaurin,AURKB,unknown
Enzastaurin,CDK15,unknown
Enzastaurin,CHEK1,unknown
Enzastaurin,CHEK2,unknown
Enzastaurin,PIK3CG,inhibitor
Enzastaurin,PIK3R1,unknown
Enzastaurin,PRKCB,modulator
Epacadostat,IDO1,inhibitor
Epalrestat,AKR1B1,inhibitor
Epanolol,ADRB3,modulator
Epelsiban,OXTR,antagonist
Ephedrine,ADRA1A,agonist
Ephedrine,ADRB1,agonist
Ephedrine,ADRB2,agonist
Ephedrine,DRD2,agonist
Ephedrine,SLC6A2,inverse agonist
Epibatidine,CHRFAM7A,unknown
Epibatidine,CHRNA2,agonist
Epibatidine,CHRNA3,agonist
Epibatidine,CHRNA4,agonist
Epibatidine,CHRNA7,unknown
Epibatidine,CHRNB2,unknown
Epibatidine,CHRNB4,agonist
Epicaptopril,ACE,unknown
Epicatechin,PTGS1,inhibitor
Epicept NP-1,ADRA1A,unknown
Epicept NP-1,ADRA1B,unknown
Epicept NP-1,ADRA1D,unknown
Epicept NP-1,ADRA2A,unknown
Epicept NP-1,ADRA2B,unknown
Epicept NP-1,ADRA2C,unknown
Epicept NP-1,HRH1,unknown
Epicept NP-1,HTR2A,unknown
Epicept NP-1,HTR2B,unknown
Epicept NP-1,HTR2C,unknown
Epicept NP-1,OPRL1,unknown
Epicept NP-1,OPRM1,unknown
Epicriptine,DRD4,agonist
Epigallocatechin gallate,AHR,unknown
Epigallocatechin gallate,DHFR2,unknown
Epigallocatechin gallate,DNMT1,inhibitor
Epigallocatechin gallate,ELANE,inhibitor
Epigallocatechin gallate,FASN,inhibitor
Epigallocatechin gallate,MMP14,inhibitor
Epigallocatechin gallate,MMP2,inhibitor
Epigallocatechin gallate,SQLE,inhibitor
Epigallocatechin gallate,STAT3,inhibitor
Epigallocatechin gallate,TGM2,inhibitor
Epinastine,ADRA1A,binder
Epinastine,ADRA2A,binder
Epinastine,HRH1,antagonist
Epinastine,HRH2,antagonist
Epinastine,HTR2A,antagonist
Epinastine,HTR7,agonist
Epinephrine,ADRA1A,agonist
Epinephrine,ADRA1B,agonist
Epinephrine,ADRA1D,antagonist
Epinephrine,ADRA2A,agonist
Epinephrine,ADRA2B,agonist
Epinephrine,ADRB1,agonist
Epinephrine,ADRB2,agonist
Epinephrine,TNF,antagonist;agonist
Epirubicin,TOP2A,inhibitor
Epirubicin,TOP2B,modulator
Epitalon,TERT,modulator
Epitestosterone,AKR1C1,unknown
Epitestosterone,AKR1C2,unknown
Eplerenone,NR3C2,antagonist
Eplivanserin,HTR2A,unknown
Eplivanserin,HTR2C,unknown
Epofolate,FOLR1,modulator
Epoprostenol,P2RY12,agonist
Epoprostenol,PTGIR,agonist
Epoprostenol,PTGIS,inducer
Epothilone D,TUBA1A,unknown
Epothilone D,TUBA1B,unknown
Epothilone D,TUBA1C,unknown
Epothilone D,TUBA3D,unknown
Epothilone D,TUBA4A,unknown
Epothilone D,TUBA8,unknown
Epothilone D,TUBB,unknown
Epothilone D,TUBB1,unknown
Epothilone D,TUBB3,unknown
Epothilone D,TUBB4A,unknown
Epothilone D,TUBB4B,unknown
Eprenetapopt,TP53,stimulator
Epristeride,SRD5A1,inhibitor
Epristeride,SRD5A2,inhibitor
Eprosartan,AGTR1,antagonist
Eprotirome,THRA,unknown
Eprotirome,THRB,unknown
Eptaloprost,PTGIR,modulator
Eptapirone,HTR1A,agonist
Equilin,ESR1,unknown
Equilin,HSD17B1,inhibitor
Equol,ESR2,agonist
Equol,SHBG,unknown
Erbumine,AURKA,inhibitor
Erdafitinib,CSF1R,substrate
Erdafitinib,FGFR1,inhibitor
Erdafitinib,FGFR2,inhibitor
Erdafitinib,FGFR3,inhibitor
Erdafitinib,FGFR4,inhibitor
Erdafitinib,KDR,substrate
Erdafitinib,KIT,substrate
Erdafitinib,PDGFRA,substrate
Erdafitinib,PDGFRB,substrate
Erdafitinib,RET,substrate
Erdosteine,CELA1,modulator
Ergocalciferol,CACNA1I,inducer
Ergocalciferol,VDR,agonist
Ergoloid mesylate,ADRA2C,antagonist;agonist
Ergoloid mesylate,ADRB3,antagonist;agonist
Ergoloid mesylate,DRD4,antagonist;agonist
Ergoloid mesylate,HTR7,antagonist;agonist
Ergometrine,ADRA1A,agonist
Ergometrine,DRD2,agonist
Ergotamine,ADRA1A,partial agonist
Ergotamine,ADRA1B,partial agonist
Ergotamine,ADRA1D,partial agonist
Ergotamine,ADRA2A,partial agonist
Ergotamine,ADRA2C,unknown
Ergotamine,DRD2,agonist
Ergotamine,DRD5,agonist
Ergotamine,HTR1A,agonist
Ergotamine,HTR1B,agonist
Ergotamine,HTR1D,agonist
Ergotamine,HTR1F,agonist
Ergotamine,HTR2A,agonist
Ergotamine,HTR2B,unknown
Ergotamine,HTR2C,agonist
Eribaxaban,F10,inhibitor
Eribulin,TUBB1,inhibitor
Eritoran,TLR4,inhibitor
Erlotinib,EGFR,antagonist
Erlotinib,NR1I2,agonist
Erteberel,ESR1,unknown
Erteberel,ESR2,agonist
Ertiprotafib,IKBKB,unknown
Ertiprotafib,PPARA,unknown
Ertiprotafib,PPARG,unknown
Ertiprotafib,PTPN1,inhibitor
Ertugliflozin,SLC5A2,inhibitor
Ervogastat,DGAT2,inhibitor
Erythrityl tetranitrate,NPR1,agonist
Erythrityl tetranitrate,NPR2,agonist
Erythromycin,KCNH2,inhibitor
Erythromycin,MLNR,agonist
Escitalopram,ADRA1D,inhibitor
Escitalopram,ADRA2C,inhibitor
Escitalopram,CHRM1,inhibitor
Escitalopram,DRD2,inhibitor
Escitalopram,HRH1,inhibitor
Escitalopram,HTR1A,inhibitor
Escitalopram,HTR2A,inhibitor
Escitalopram,HTR2C,inhibitor
Escitalopram,SLC6A2,inhibitor
Escitalopram,SLC6A3,inhibitor
Escitalopram,SLC6A4,binder
Esculin,AR,agonist
Esflurbiprofen,APH1A,inhibitor
Esflurbiprofen,APH1B,inhibitor
Esflurbiprofen,NCSTN,inhibitor
Esflurbiprofen,PSEN1,inhibitor
Esflurbiprofen,PSEN2,inhibitor
Esflurbiprofen,PSENEN,inhibitor
Esflurbiprofen,PTGS1,inhibitor
Esflurbiprofen,PTGS2,inhibitor
Esketamine,BDNF,agonist
Esketamine,EEF2,inhibitor
Esketamine,GRIN2B,antagonist
Esketamine,GRIN3B,antagonist
Esketamine,NTRK2,upregulator
Eslicarbazepine,P2RX4,unknown
Eslicarbazepine,SCN11A,inhibitor
Eslicarbazepine acetate,CACNA1I,inhibitor
Eslicarbazepine acetate,P2RX4,antagonist
Eslicarbazepine acetate,SCN9A,inhibitor
Esmirtazapine,ADRA2C,antagonist
Esmirtazapine,HRH1,inverse agonist
Esmirtazapine,HTR2C,inverse agonist
Esmolol,ADRB1,antagonist
Esomeprazole,ATP4A,inhibitor
Esomeprazole,ATP4B,modulator
Esomeprazole,DDAH1,unknown
Esreboxetine,SLC6A2,blocker
Estazolam,GABRG3,ligand
Estazolam,GABRQ,positive allosteric modulator
Estazolam,TSPO,agonist
Estetrol,ESR1,agonist;modulator;regulator
Estetrol,ESR2,agonist
Estradiol,BECN1,binder
Estradiol,CHRNA4,binder
Estradiol,ESR1,agonist
Estradiol,ESR2,agonist
Estradiol,GPER1,binder
Estradiol,MT-ATP6,inhibitor
Estradiol,NR1I2,binder
Estradiol acetate,BECN1,unknown
Estradiol acetate,CHRNA4,unknown
Estradiol acetate,ESR1,agonist
Estradiol acetate,ESR2,agonist
Estradiol acetate,ESRRG,ligand
Estradiol acetate,GPER1,unknown
Estradiol acetate,HSD17B2,unknown
Estradiol acetate,MT-ATP6,unknown
Estradiol acetate,NCOA2,unknown
Estradiol acetate,NR1I2,unknown
Estradiol benzoate,BECN1,unknown
Estradiol benzoate,CHRNA4,unknown
Estradiol benzoate,ESR1,agonist
Estradiol benzoate,ESR2,agonist
Estradiol benzoate,ESRRG,ligand
Estradiol benzoate,GPER1,unknown
Estradiol benzoate,HSD17B2,unknown
Estradiol benzoate,MT-ATP6,unknown
Estradiol benzoate,NCOA2,unknown
Estradiol benzoate,NR1I2,unknown
Estradiol cypionate,BECN1,binder
Estradiol cypionate,CHRNA4,modulator
Estradiol cypionate,ESR1,agonist
Estradiol cypionate,ESR2,agonist
Estradiol cypionate,ESRRG,ligand
Estradiol cypionate,GPER1,agonist
Estradiol cypionate,HSD17B2,substrate
Estradiol cypionate,MT-ATP6,binder
Estradiol cypionate,NCOA2,allosteric modulator
Estradiol cypionate,NR1I2,agonist
Estradiol dienanthate,BECN1,unknown
Estradiol dienanthate,CHRNA4,unknown
Estradiol dienanthate,ESR1,agonist
Estradiol dienanthate,ESR2,agonist
Estradiol dienanthate,ESRRG,ligand
Estradiol dienanthate,GPER1,unknown
Estradiol dienanthate,HSD17B2,unknown
Estradiol dienanthate,MT-ATP6,unknown
Estradiol dienanthate,NCOA2,unknown
Estradiol dienanthate,NR1I2,unknown
Estradiol sulfamate,STS,inhibitor
Estradiol valerate,BECN1,binder
Estradiol valerate,CHRNA4,modulator
Estradiol valerate,ESR1,agonist
Estradiol valerate,ESR2,agonist
Estradiol valerate,ESRRG,ligand
Estradiol valerate,GPER1,agonist
Estradiol valerate,HSD17B2,substrate
Estradiol valerate,MT-ATP6,binder
Estradiol valerate,NCOA2,allosteric modulator
Estradiol valerate,NR1I2,agonist
Estramustine,ESR1,agonist
Estramustine,ESR2,other/unknown
Estramustine,MAP1A,antagonist
Estramustine,MAP2,antagonist
Estriol,ESR1,agonist
Estriol,ESR2,agonist
Estriol,SHBG,activator
Estriol tripropionate,ESR1,unknown
Estriol tripropionate,ESR2,unknown
Estriol tripropionate,SHBG,unknown
Estrone,AR,unknown
Estrone,CYP19A1,unknown
Estrone,ESR1,agonist
Estrone,ESR2,unknown
Estrone,SHBG,unknown
Estrone sulfate,ESR1,agonist
Estrone sulfate,ESR2,agonist
Esuberaprost,PTGIR,agonist
Esuprone,MAOA,inhibitor
Eszopiclone,GABRA1,modulator
Eszopiclone,GABRA2,modulator
Eszopiclone,GABRA3,modulator
Eszopiclone,GABRA5,modulator
Eszopiclone,GABRQ,positive allosteric modulator
Eszopiclone,TSPO,agonist
Etacrynic acid,ATP1A1,inhibitor
Etacrynic acid,GSTP1,inhibitor
Etacrynic acid,LEF1,unknown
Etacrynic acid,SLC12A1,inhibitor
Etafedrine,ADRB2,agonist
Etalocib,LTB4R,antagonist
Etamicastat,DBH,inhibitor
Etarfolatide,FOLR1,modulator
Etarotene,RPP14,modulator
Etarotene,RPP21,modulator
Etazolate,GABRG3,modulator
Etelcalcetide,CASR,agonist
Ethanesulfonic acid,PPBP,unknown
Ethanol,ACHE,activator
Ethanol,ADH7,substrate
Ethanol,CACNA1C,inhibitor
Ethanol,CACNA1D,inhibitor
Ethanol,CACNA1S,inhibitor
Ethanol,CACNB1,inhibitor
Ethanol,CACNG1,unknown
Ethanol,CACNG2,unknown
Ethanol,CHRNA10,unknown
Ethanol,CHRNA2,unknown
Ethanol,CHRNA3,unknown
Ethanol,CHRNA4,unknown
Ethanol,CHRNA5,unknown
Ethanol,CHRNA6,unknown
Ethanol,CHRNA7,unknown
Ethanol,CHRNA9,unknown
Ethanol,CHRNB2,unknown
Ethanol,CHRNB3,unknown
Ethanol,CHRNB4,unknown
Ethanol,GABRA1,agonist
Ethanol,GABRA2,unknown
Ethanol,GABRA3,unknown
Ethanol,GABRA4,unknown
Ethanol,GABRA5,unknown
Ethanol,GABRA6,unknown
Ethanol,GABRB1,unknown
Ethanol,GABRB2,unknown
Ethanol,GABRB3,unknown
Ethanol,GABRD,unknown
Ethanol,GABRE,unknown
Ethanol,GABRG1,unknown
Ethanol,GABRG3,unknown
Ethanol,GABRP,unknown
Ethanol,GABRQ,unknown
Ethanol,GLRA1,agonist
Ethanol,GLRA2,agonist
Ethanol,GRIA1,unknown
Ethanol,GRIA2,unknown
Ethanol,GRIA3,unknown
Ethanol,GRIA4,unknown
Ethanol,GRIN3A,antagonist
Ethanol,HTR3A,unknown
Ethanol,HTR3B,unknown
Ethanol,HTR3C,unknown
Ethanol,HTR3D,unknown
Ethanol,HTR3E,unknown
Ethanol,KCNJ3,unknown
Ethanol,KCNJ5,unknown
Ethanol,KCNJ6,unknown
Ethanol,KCNJ9,unknown
Ethanol,L1CAM,unknown
Ethanol,SLC29A1,unknown
Ethanol,SLC29A2,unknown
Ethanol,VCAM1,unknown
Ethanolamine,ANXA3,unknown
Ethanolamine oleate,F12,activator
Ethchlorvynol,GABRA1,antagonist
Ethchlorvynol,GABRB2,antagonist
Ethchlorvynol,GABRQ,positive allosteric modulator
Etheno-NAD,BST1,unknown
Etheno-NAD,LDHA,unknown
Etheno-Nadp,BST1,unknown
Ethinamate,CA1,inhibitor
Ethinamate,CA2,inhibitor
Ethinylestradiol,ESR1,agonist
Ethinylestradiol,NR1I2,agonist
Ethionamide,NFE2L2,inhibitor
Ethosuximide,CACNA1G,inhibitor
Ethotoin,NR1I2,activator
Ethotoin,SCN5A,inhibitor
Ethoxzolamide,CA1,inhibitor
Ethoxzolamide,CA2,inhibitor
Ethoxzolamide,CA3,inhibitor
Ethoxzolamide,CA4,inhibitor
Ethoxzolamide,CA7,inhibitor
Ethyl Isocyanide,MB,unknown
Ethyl Oxo(Piperidin-1-Yl)Acetate,PPIA,inhibitor
Ethyl dihydrogen phosphate,BCHE,inhibitor
Ethyl hydrogen diethylamidophosphate,BCHE,inhibitor
Ethyl loflazepate,GABRG3,ligand
Ethyl loflazepate,GABRQ,positive allosteric modulator
Ethyl pyruvate,HMGB1,unknown
Ethyl pyruvate,TNF,unknown
Ethylestrenol,AR,modulator
Ethylmercurithiosalicylic acid,OXCT1,unknown
Ethylmorphine,OPRM1,agonist
Ethynodiol diacetate,ESR1,agonist
Ethynodiol diacetate,PGR,agonist
Eticlopride,DRD2,inhibitor
Etidronic acid,ATP6V1A,inhibitor
Etidronic acid,PTPRS,inhibitor
Etidronic acid,SLC25A4,inhibitor
Etidronic acid,SLC25A5,inhibitor
Etidronic acid,SLC25A6,inhibitor
Etiocholanedione,IGHG1,unknown
Etiocholanedione,IGHG2,unknown
Etiocholanedione,IGKC,unknown
Etiocholanedione,IGKV2-30,unknown
Etiprednol dicloacetate,IL1B,unknown
Etiprednol dicloacetate,NR3C1,modulator
Etirinotecan pegol,TOP1,inhibitor
Etisulergine,HTR1A,inhibitor
Etisulergine,HTR1D,inhibitor
Etisulergine,HTR2A,inhibitor
Etizolam,GABRG3,ligand
Etizolam,GABRQ,positive allosteric modulator
Etizolam,PTAFR,antagonist
Etodolac,PTGS1,inhibitor
Etodolac,PTGS2,inhibitor
Etodolac,RXRA,other
Etofenamate,PTGS2,inhibitor
Etomidate,ADRA2B,agonist
Etomidate,GABRA1,agonist
Etomidate,GABRG3,modulator
Etomidate,GABRQ,positive allosteric modulator
Etomoxir,CPT1B,modulator
Etonitazene,OPRD1,inhibitor
Etonitazene,OPRK1,inhibitor
Etonitazene,OPRM1,inhibitor
Etonogestrel,PGR,agonist
Etoperidone,ADRA1D,antagonist
Etoperidone,ADRA2C,antagonist
Etoperidone,CHRM5,antagonist
Etoperidone,DRD2,antagonist
Etoperidone,HTR2A,antagonist
Etoperidone,HTR2C,agonist
Etoposide,TOP2A,inhibitor
Etoposide,TOP2B,inhibitor
Etoposide toniribate,TOP2A,modulator
Etoposide toniribate,TOP2B,modulator
Etoricoxib,PTGS2,inhibitor
Etorphine,OPRD1,agonist
Etorphine,OPRK1,agonist
Etorphine,OPRL1,agonist
Etorphine,OPRM1,agonist
Etorphine,POMC,unknown
Etorphine,TRIM13,agonist
Etrasimod,S1PR1,modulator
Etrasimod,S1PR3,modulator
Etrasimod,S1PR4,modulator
Etrasimod,S1PR5,modulator
Etretinate,RARA,agonist
Etretinate,RARB,agonist
Etretinate,RARG,agonist
Etretinate,RXRA,agonist
Etretinate,RXRB,agonist
Etretinate,RXRG,agonist
Etripamil,CACNA1A,blocker
Etrumadenant,ADORA2A,antagonist
Etrumadenant,ADORA2B,antagonist
Eucalyptol,TRPM8,activator
Eugenol,AR,antagonist
Eugenol,ESR1,agonist
Eugenol,ESR2,agonist
Eugenol,MAOB,inhibitor
Eugenol,TRPV3,activator
Evacetrapib,CETP,inhibitor
Evans blue,ALB,modulator
Evatanepag,PTGER2,agonist
Everolimus,MTOR,inhibitor
Evixapodlin,CD274,inhibitor
Evobrutinib,BTK,inhibitor
Evodenoson,ADORA2A,agonist
Evogliptin,DPP4,inhibitor
Examorelin,GHRHR,modulator
Exatecan,TOP1,inhibitor
Exemestane,CYP19A1,inhibitor
Exicorilant,NR3C1,antagonist
Exisulind,AKR1B1,inhibitor
Exisulind,AKR1B10,inhibitor
Exisulind,GSTP1,inhibitor
Exisulind,PDE2A,unknown
Exisulind,PDE4C,unknown
Exisulind,PDE4D,unknown
Exisulind,PDE5A,modulator
Ezatiostat,GSTP1,modulator
Ezetimibe,ANPEP,other
Ezetimibe,NPC1L1,inhibitor
Ezetimibe,SOAT1,inhibitor
Ezogabine,KCNQ2,unknown
Ezogabine,KCNQ3,modulator
Ezogabine,KCNQ4,unknown
Ezogabine,KCNQ5,unknown
Ezutromid,UTRN,upregulator
F-15599,HTR1A,modulator
FF-10101-01,FLT3,inhibitor
FG-2216,EGLN1,unknown
FG-2216,HIF1A,unknown
FG-9041,GRIA1,inhibitor
FG-9041,GRIA2,unknown
FG-9041,GRIK1,inhibitor
FG-9041,GRIN1,inhibitor
FG-9041,GRIN2A,inhibitor
FG-9041,GRIN2B,inhibitor
FK-614,PPARG,agonist
FK352B,ADORA1,antagonist
FKB-001,FKBP1A,inhibitor
FLX475,CCR4,antagonist
FM-VP4,ABCB1,unknown
FN-1501,CDK2,inhibitor
FN-1501,CDK4,inhibitor
FN-1501,CDK6,inhibitor
FN-1501,FLT3,inhibitor
FR-234938,ADA,inhibitor
FR117016,ADA,inhibitor
FR221647,ADA,inhibitor
FR230513,ADA,inhibitor
FR236913,ADA,inhibitor
FR239087,ADA,inhibitor
FRAX1036,PAK1,inhibitor
FRAX1036,PAK4,inhibitor
FRAX597,PAK1,inhibitor
FRAX597,PAK2,inhibitor
FRAX597,PAK3,inhibitor
FRAX716,PAK1,inhibitor
FRAX716,PAK2,inhibitor
FRAX716,PAK3,inhibitor
Fabesetron,HTR4,modulator
Facinicline,CHRNA7,antagonist
Fadraciclib,CDK2,inhibitor
Fadraciclib,CDK9,inhibitor
Fadrozole,CYP11B1,inhibitor
Fadrozole,CYP19A1,inhibitor
Falecalcitriol,VDR,agonist
Falnidamol,EGFR,antagonist
Famitinib,FLT1,inhibitor
Famitinib,FLT3,inhibitor
Famitinib,FLT4,inhibitor
Famitinib,KDR,inhibitor
Famitinib,KIT,inhibitor
Famitinib,PDGFRA,inhibitor
Famitinib,PDGFRB,inhibitor
Famotidine,HRH2,antagonist
Fananserin,HTR2A,antagonist
Farampator,GRIA1,binder
Farglitazar,PPARG,modulator
Farnesol,MAOB,inhibitor
Farnesol,NR1H4,agonist
Farnesyl diphosphate,FDFT1,modulator
Farnesyl diphosphate,FDPS,unknown
Farnesyl diphosphate,FNTA,unknown
Farnesyl diphosphate,FNTB,unknown
Farnesyl diphosphate,GGPS1,unknown
Farnesyl diphosphate,KRAS,unknown
Farnesyl diphosphate,RABGGTA,unknown
Farnesyl diphosphate,RABGGTB,unknown
Farnesyl thiopyrophosphate,GGPS1,unknown
Farnesyl thiopyrophosphate,MVK,unknown
Fasidotril,MME,modulator
Fasiglifam,FFAR1,modulator
Fasitibant,BDKRB2,antagonist
Fasudil,PKIA,unknown
Fasudil,PRKACA,unknown
Fasudil,ROCK1,inhibitor
Fasudil,ROCK2,unknown
FavId,CSF3R,unknown
Febuxostat,XDH,inhibitor
Fedotozine,OPRK1,agonist
Fedovapagon,AVPR2,inhibitor
Fedratinib,FLT3,inhibitor
Fedratinib,JAK1,inhibitor
Fedratinib,JAK2,inhibitor
Felbamate,GRIN2A,antagonist
Felbamate,GRIN2B,antagonist
Felbinac,CTSL,unknown
Felbinac,PTGS1,modulator
Felbinac,PTGS2,modulator
Felcisetrag,HTR4,modulator
Felezonexor,XPO1,inhibitor
Felodipine,CACNA1C,inhibitor
Felodipine,CACNA1D,inhibitor
Felodipine,CACNA1H,inhibitor
Felodipine,CACNA1S,inhibitor
Felodipine,CACNA2D1,inhibitor
Felodipine,CACNA2D2,inhibitor
Felodipine,CACNB2,inhibitor
Felodipine,CALM3,other
Felodipine,NR3C2,antagonist
Felodipine,PDE1A,inhibitor
Felodipine,PDE1B,inhibitor
Felodipine,TNNC1,other
Felodipine,TNNC2,other
Feloprentan,EDNRA,antagonist
Feloprentan,EDNRB,antagonist
Fenbufen,PTGS1,inhibitor
Fenbufen,PTGS2,inhibitor
Fencamfamin,DRD2,agonist
Fencamfamin,SLC6A3,inhibitor
Fendiline,HTR2B,inhibitor
Fenebrutinib,BTK,inhibitor
Fenfluramine,HTR1A,agonist
Fenfluramine,HTR1D,agonist
Fenfluramine,HTR2A,agonist
Fenfluramine,HTR2B,agonist
Fenfluramine,HTR2C,agonist
Fenfluramine,SIGMAR1,antagonist
Fenfluramine,SLC6A4,substrate;inhibitor
Fenobam,GRM5,allosteric modulator
Fenofibrate,MMP25,inhibitor
Fenofibrate,NR1I2,partial agonist
Fenofibrate,PPARA,agonist
Fenofibric acid,FABP1,inhibitor
Fenofibric acid,MMP25,unknown
Fenofibric acid,NR1I2,partial agonist
Fenofibric acid,PPARA,agonist
Fenofibric acid,PPARD,unknown
Fenofibric acid,PPARG,unknown
Fenoldopam,ADRA1A,inhibitor
Fenoldopam,ADRA1B,inhibitor
Fenoldopam,ADRA1D,inhibitor
Fenoldopam,ADRA2A,antagonist
Fenoldopam,ADRA2B,antagonist
Fenoldopam,ADRA2C,antagonist
Fenoldopam,DRD1,agonist
Fenoldopam,DRD5,agonist
Fenoprofen,PPARA,activator
Fenoprofen,PPARG,activator
Fenoprofen,PTGS1,inhibitor
Fenoprofen,PTGS2,inhibitor
Fenoterol,ADRB1,agonist
Fenoterol,ADRB2,agonist
Fenoterol,ADRB3,agonist
Fenoxaprop-ethyl,NOS2,unknown
Fenoxaprop-ethyl,NOS3,stimulator
Fentanyl,ABCB1,inhibitor
Fentanyl,OPRD1,agonist
Fentanyl,OPRK1,agonist
Fentanyl,OPRM1,agonist
Ferric cation,TFRC,agonist
Ferric derisomaltose,HBA1,binder
Ferric derisomaltose,TFR2,binder
Ferric maltol,ITGB3,substrate
Ferric maltol,SLC11A2,substrate
Ferric pyrophosphate,FTL,binder
Ferric pyrophosphate,HBA1,binder
Ferric pyrophosphate,HBB,binder
Ferric pyrophosphate citrate,FTH1,binder
Ferric pyrophosphate citrate,FTL,binder
Ferric pyrophosphate citrate,HBA1,binder
Ferric pyrophosphate citrate,HBB,binder
Ferroheme,ALOX5,inhibitor
Ferroheme,CBS,inhibitor
Ferroheme,CYP3A4,inhibitor
Ferroheme,HBA1,inhibitor
Ferroheme,HMOX1,inhibitor
Ferroheme,NOS1,inhibitor
Ferroheme,NOS2,inhibitor
Ferroheme,NOS3,inhibitor
Ferroheme,PTGS1,inhibitor
Ferroheme,PTGS2,inhibitor
Ferroheme C,CYCS,unknown
Ferroheme C,CYP2C9,unknown
Ferrous ascorbate,AHSP,unknown
Ferrous ascorbate,CP,unknown
Ferrous ascorbate,EGLN1,unknown
Ferrous ascorbate,FEN1,unknown
Ferrous ascorbate,FTH1,unknown
Ferrous ascorbate,FXN,unknown
Ferrous ascorbate,HBA1,unknown
Ferrous ascorbate,HDAC8,unknown
Ferrous ascorbate,NEIL1,unknown
Ferrous ascorbate,NEIL2,unknown
Ferrous ascorbate,POLB,unknown
Ferrous ascorbate,TF,unknown
Ferrous ascorbate,TFRC,unknown
Ferrous fumarate,AHSP,unknown
Ferrous fumarate,CP,unknown
Ferrous fumarate,EGLN1,unknown
Ferrous fumarate,FEN1,unknown
Ferrous fumarate,FTH1,unknown
Ferrous fumarate,FXN,unknown
Ferrous fumarate,HBA1,unknown
Ferrous fumarate,HDAC8,unknown
Ferrous fumarate,NEIL1,unknown
Ferrous fumarate,NEIL2,unknown
Ferrous fumarate,POLB,unknown
Ferrous fumarate,TF,unknown
Ferrous fumarate,TFRC,unknown
Ferrous gluconate,AHSP,unknown
Ferrous gluconate,CP,unknown
Ferrous gluconate,EGLN1,unknown
Ferrous gluconate,FEN1,unknown
Ferrous gluconate,FTH1,unknown
Ferrous gluconate,FXN,unknown
Ferrous gluconate,HBA1,unknown
Ferrous gluconate,HDAC8,unknown
Ferrous gluconate,NEIL1,unknown
Ferrous gluconate,NEIL2,unknown
Ferrous gluconate,POLB,unknown
Ferrous gluconate,TF,unknown
Ferrous gluconate,TFRC,unknown
Ferrous glycine sulfate,AHSP,unknown
Ferrous glycine sulfate,CP,unknown
Ferrous glycine sulfate,EGLN1,unknown
Ferrous glycine sulfate,FEN1,unknown
Ferrous glycine sulfate,FTH1,unknown
Ferrous glycine sulfate,FXN,unknown
Ferrous glycine sulfate,HBA1,unknown
Ferrous glycine sulfate,HDAC8,unknown
Ferrous glycine sulfate,NEIL1,unknown
Ferrous glycine sulfate,NEIL2,unknown
Ferrous glycine sulfate,POLB,unknown
Ferrous glycine sulfate,TF,unknown
Ferrous glycine sulfate,TFRC,unknown
Ferrous succinate,AHSP,unknown
Ferrous succinate,CP,unknown
Ferrous succinate,EGLN1,unknown
Ferrous succinate,FEN1,unknown
Ferrous succinate,FTH1,unknown
Ferrous succinate,FXN,unknown
Ferrous succinate,HBA1,unknown
Ferrous succinate,HDAC8,unknown
Ferrous succinate,NEIL1,unknown
Ferrous succinate,NEIL2,unknown
Ferrous succinate,POLB,unknown
Ferrous succinate,TF,unknown
Ferrous succinate,TFRC,unknown
Ferrous sulfate anhydrous,HBA1,binder
Ferrous sulfate anhydrous,TFR2,substrate
Ferulic acid,CA1,inhibitor
Ferulic acid,CA12,inhibitor
Ferulic acid,CA14,inhibitor
Ferulic acid,CA2,inhibitor
Ferulic acid,CA4,inhibitor
Ferulic acid,CA6,inhibitor
Ferulic acid,CA9,inhibitor
Ferulic acid,MAOB,inhibitor
Feruloyl Coenzyme A,COMTD1,unknown
Fesoterodine,CHRM1,antagonist
Fesoterodine,CHRM2,antagonist
Fesoterodine,CHRM3,antagonist
Fesoterodine,CHRM4,antagonist
Fesoterodine,CHRM5,antagonist
Fevipiprant,PTGDR2,antagonist
Fexagratinib,FGFR1,modulator
Fexaramine,NR1H4,inhibitor
Fexofenadine,HRH1,antagonist
Fezolinetant,TACR3,antagonist
Fiboflapon,ALOX5AP,inhibitor
Fica,CASP7,unknown
Fidarestat,AKR1B1,inhibitor
Fidarestat,AKR1B10,inhibitor
Fidexaban,F10,modulator
Figopitant,TACR1,antagonist
Filaminast,PDE4B,inhibitor
Filanesib,KIF11,inhibitor
Filgotinib,JAK1,inhibitor
Fimasartan,AGTR1,antagonist
Fimepinostat,PIK3CG,modulator
Finafloxacin,TOP2A,inhibitor
Finasteride,AKR1D1,inhibitor
Finasteride,SRD5A1,inhibitor
Finasteride,SRD5A2,inhibitor
Finasteride,SRD5A3,inhibitor
Finerenone,NR3C2,antagonist
Fingolimod,DRD3,antagonist
Fingolimod,HDAC1,inhibitor
Fingolimod,S1PR1,modulator
Fingolimod,S1PR3,modulator
Fingolimod,S1PR4,modulator
Fingolimod,S1PR5,modulator
Fingolimod,SPHK1,inhibitor
Fipaxalparant,LPAR1,modulator
Fipaxalparant,LPAR3,modulator
Firocoxib,PTGS2,inhibitor
Firtecan pegol,TOP1,inhibitor
Fisetin,CDK6,inhibitor
Fisetin,FASN,inhibitor
Fisogatinib,FGFR4,inhibitor
Flavin adenine dinucleotide,ACAD8,unknown
Flavin adenine dinucleotide,ACADM,unknown
Flavin adenine dinucleotide,ACADS,unknown
Flavin adenine dinucleotide,ACOX1,unknown
Flavin adenine dinucleotide,AIFM1,unknown
Flavin adenine dinucleotide,CYB5R1,unknown
Flavin adenine dinucleotide,CYB5R3,unknown
Flavin adenine dinucleotide,DAO,unknown
Flavin adenine dinucleotide,DLD,unknown
Flavin adenine dinucleotide,DPYD,inhibitor
Flavin adenine dinucleotide,ERO1B,unknown
Flavin adenine dinucleotide,FDXR,unknown
Flavin adenine dinucleotide,GCDH,unknown
Flavin adenine dinucleotide,GFER,unknown
Flavin adenine dinucleotide,GSR,inhibitor
Flavin adenine dinucleotide,IL4I1,unknown
Flavin adenine dinucleotide,IVD,unknown
Flavin adenine dinucleotide,MAOA,inhibitor
Flavin adenine dinucleotide,MAOB,inhibitor
Flavin adenine dinucleotide,NDUFA9,cofactor
Flavin adenine dinucleotide,NOS1,inhibitor
Flavin adenine dinucleotide,NQO1,inhibitor
Flavin adenine dinucleotide,NQO2,inhibitor
Flavin adenine dinucleotide,POR,unknown
Flavin adenine dinucleotide,TXNRD1,inhibitor
Flavin adenine dinucleotide,XDH,inhibitor
Flavin mononucleotide,BLVRB,unknown
Flavin mononucleotide,DHODH,unknown
Flavin mononucleotide,DPYD,unknown
Flavin mononucleotide,HAO1,unknown
Flavin mononucleotide,HAO2,unknown
Flavin mononucleotide,NOS1,unknown
Flavin mononucleotide,PNPO,unknown
Flavin mononucleotide,POR,unknown
Flavin mononucleotide,PPCDC,unknown
Flavin mononucleotide,RFK,unknown
Flavin mononucleotide,RPS6KA4,unknown
Flavin mononucleotide,SGK1,unknown
Flavone,ADORA1,antagonist
Flavone,ADORA2B,antagonist
Flavone,ADORA3,antagonist
Flavone,AR,inhibitor
Flavone,CYP19A1,inhibitor
Flavone,CYP1B1,unknown
Flavone,ESRRA,agonist
Flavone,ESRRB,agonist
Flavone,GABRA1,inhibitor
Flavoxate,CHRM1,antagonist
Flavoxate,CHRM2,antagonist
Flavoxate,CHRM5,antagonist
Flecainide,KCNH2,inhibitor
Flecainide,RYR2,inhibitor
Flecainide,SCN4A,inhibitor
Flecainide,SCN5A,inhibitor
Fleroxacin,TOP2A,inhibitor
Fleroxacin,TOP2B,inhibitor
Flesinoxan,HTR1A,agonist
Flibanserin,DRD4,antagonist;agonist
Flibanserin,HTR1A,agonist
Flibanserin,HTR2A,antagonist
Florbetaben F-18,APP,binder
Florbetapir F-18,APP,binder
Florifenine,PTGS1,modulator
Florifenine,PTGS2,modulator
Flortaucipir,MAPT,modulator
Flortaucipir F-18,MAOA,binder
Flortaucipir F-18,MAOB,binder
Flortaucipir F-18,MAPT,binder
Flosulide,PTGS2,modulator
Flotufolastat F-18,FOLH1,binder
Flovagatran,F2,unknown
Floxuridine,TYMS,inhibitor
Fluanisone,ADRA1A,inhibitor
Fluanisone,ADRA1B,inhibitor
Fluanisone,ADRA1D,inhibitor
Fluanisone,DRD2,inhibitor
Fluanisone,HTR2A,inhibitor
Flubendazole,TUBB1,inhibitor
Fluciclovine (18F),GRIA1,inhibitor
Fluciclovine (18F),GRIA2,inhibitor
Fluciclovine (18F),GRIA3,inhibitor
Fluciclovine (18F),GRIA4,inhibitor
Fluciclovine (18F),GRIN3B,inhibitor
Fluciclovine (18F),SLC1A5,binder
Fluciclovine (18F),SLC7A3,binder
Fluciclovine (18F),SLC7A7,binder
Flucytosine,DNMT1,other
Fludarabine,ADA,inhibitor
Fludarabine,DCK,agonist
Fludarabine,POLA1,inhibitor
Fludarabine,RRM1,inhibitor
Fludiazepam,GABRA1,potentiator
Fludiazepam,GABRA2,potentiator
Fludiazepam,GABRA3,potentiator
Fludiazepam,GABRA5,potentiator
Fludiazepam,GABRB1,potentiator
Fludiazepam,GABRB2,potentiator
Fludiazepam,GABRB3,potentiator
Fludiazepam,GABRD,potentiator
Fludiazepam,GABRE,potentiator
Fludiazepam,GABRG1,potentiator
Fludiazepam,GABRG2,potentiator
Fludiazepam,GABRG3,potentiator
Fludiazepam,GABRP,potentiator
Fludiazepam,GABRR1,potentiator
Fludiazepam,GABRR2,potentiator
Fludiazepam,GABRR3,potentiator
Fludiazepam,TSPO,agonist
Fludrocortisone,AR,inhibitor
Fludrocortisone,NR3C1,agonist
Fludrocortisone,NR3C2,agonist
Flufenamic acid,AKR1C3,inhibitor
Flufenamic acid,AR,inhibitor
Flufenamic acid,PPARA,activator
Flufenamic acid,PPARG,agonist
Flufenamic acid,PTGS1,inhibitor
Flufenamic acid,PTGS2,inhibitor
Flumatinib,ABL1,inhibitor
Flumazenil,GABRA1,antagonist
Flumazenil,GABRA2,allosteric modulator
Flumazenil,GABRA3,allosteric modulator
Flumazenil,GABRA5,antagonist
Flumazenil,GABRG2,antagonist
Flumazenil,GABRG3,allosteric modulator
Flumazenil,GABRQ,positive allosteric modulator
Flumazenil,TSPO,antagonist
Flumethasone,ESRRA,modulator
Flumethasone,ESRRB,modulator
Flumethasone,ESRRG,modulator
Flumethasone,NR3C1,agonist
Flunarizine,CACNA1A,inhibitor
Flunarizine,CACNA1G,inhibitor
Flunarizine,CACNA1H,inhibitor
Flunarizine,CACNA1I,inhibitor
Flunarizine,CALM3,antagonist
Flunarizine,HRH1,antagonist
Flunisolide,NR3C1,agonist
Flunitrazepam,GABRG3,ligand
Flunitrazepam,GABRQ,positive allosteric modulator
Flunitrazepam,TSPO,agonist
Fluocinolone acetonide,ANXA1,inducer
Fluocinolone acetonide,ANXA2,inducer
Fluocinolone acetonide,ANXA3,inducer
Fluocinolone acetonide,ANXA4,inducer
Fluocinolone acetonide,ANXA5,inducer
Fluocinolone acetonide,NR3C1,agonist
Fluocinolone acetonide,PLA2G1B,inhibitor
Fluocinonide,ESRRA,modulator
Fluocinonide,ESRRB,modulator
Fluocinonide,ESRRG,modulator
Fluocinonide,NR3C1,agonist
Fluocinonide,SMO,agonist
Fluorescein,IGKV2-30,other
Fluorescein,SLC22A8,inhibitor
Fluorescin,IGHG1,unknown
Fluoro-Willardiine,GRIA1,agonist
Fluoro-Willardiine,GRIA2,agonist
Fluoro-Willardiine,GRIA3,agonist
Fluoro-Willardiine,GRIA4,agonist
Fluorocyclopentenylcytosine,DNMT1,inhibitor
Fluoroestradiol F-18,ESR1,binder
Fluoroestradiol F-18,ESR2,binder
Fluorometholone,NR3C1,agonist
Fluorouracil,DPYD,inhibitor
Fluorouracil,TERT,other/unknown
Fluorouracil,TYMS,other/unknown
Fluoxetine,CHRNA2,antagonist
Fluoxetine,CHRNA3,antagonist
Fluoxetine,CHRNB4,antagonist
Fluoxetine,CKS1B,inhibitor
Fluoxetine,HTR2C,antagonist
Fluoxetine,KCNH2,inhibitor
Fluoxetine,SLC6A4,inhibitor
Fluoxymesterone,AR,agonist
Fluoxymesterone,ESR1,antagonist
Fluoxymesterone,HSD11B2,inhibitor
Fluoxymesterone,NR3C1,antagonist
Fluparoxan,ADRA2C,modulator
Flupentixol,ADRA1A,antagonist
Flupentixol,CHRM1,antagonist
Flupentixol,DRD1,antagonist
Flupentixol,DRD2,antagonist
Flupentixol,DRD3,antagonist
Flupentixol,DRD4,antagonist
Flupentixol,HTR2A,antagonist
Flupentixol,HTR2C,antagonist
Fluperamide,OPRL1,inhibitor
Fluperamide,OPRM1,inhibitor
Fluperlapine,HTR6,antagonist
Fluperlapine,HTR7,antagonist
Fluphenazine,AR,antagonist
Fluphenazine,CALM3,inhibitor
Fluphenazine,DRD1,antagonist
Fluphenazine,DRD2,antagonist
Fluphenazine,HTR1B,modulator
Fluphenazine,HTR2A,antagonist
Fluphenazine,HTR2C,antagonist
Flupirtine,ADRA2A,unknown
Fluprostenol,PTGER3,agonist
Fluprostenol,PTGFR,agonist
Fluprostenol,TBXA2R,agonist
Flurandrenolide,ESRRA,modulator
Flurandrenolide,ESRRB,modulator
Flurandrenolide,ESRRG,modulator
Flurandrenolide,NR3C1,agonist
Flurazepam,GABRG3,ligand
Flurazepam,GABRQ,positive allosteric modulator
Flurazepam,TSPO,modulator
Flurbiprofen,PTGS1,inhibitor
Flurbiprofen,PTGS2,inhibitor
Flurbiprofen Methyl Ester,PTGS1,unknown
Flurpiridaz F-18,NDUFA13,inhibitor
Fluspirilene,CACNG1,inhibitor
Fluspirilene,DRD2,antagonist
Fluspirilene,HTR2A,antagonist
Flutamide,AHR,agonist
Flutamide,AR,antagonist
Flutamide,NR1I2,antagonist
Flutemetamol (18F),APP,binder
Fluticasone,NR3C1,agonist
Fluticasone,NR3C2,antagonist
Fluticasone,PGR,agonist
Fluticasone,PLA2G4A,inhibitor
Fluticasone furoate,NR3C1,agonist
Fluticasone furoate,NR3C2,antagonist
Fluticasone furoate,PGR,agonist
Fluticasone propionate,NR3C1,agonist
Fluticasone propionate,NR3C2,antagonist
Fluticasone propionate,PGR,agonist
Fluticasone propionate,PLA2G4A,inhibitor
Fluvastatin,HDAC2,inhibitor
Fluvastatin,HMGCR,inhibitor
Fluvoxamine,KCNH2,inhibitor
Fluvoxamine,SLC6A4,inhibitor
Fluzoparib,PARP1,inhibitor
Folic acid,FOLR1,binder
Folic acid,FOLR2,binder
Folic acid,FOLR3,binder
Folic acid,SLC19A1,modulator
Folic acid,SLC46A1,modulator
Folitixorin calcium,TYMS,unknown
Fomepizole,ADH1A,inhibitor
Fomepizole,ADH1B,inhibitor
Fomepizole,ADH1C,inhibitor
Fomepizole,CAT,inhibitor
Fondaparinux,F10,inhibitor
Fondaparinux,SERPINC1,potentiator
Forasartan,AGTR1,antagonist
Foretinib,HGF,unknown
Foretinib,KDR,modulator
Foretinib,MET,modulator
Formaldehyde,TRPA1,activator
Formebolone,HSD11B2,inhibitor
Formestane,CYP19A1,inhibitor
Formic acid,ACYP2,unknown
Formic acid,ALAD,inhibitor
Formic acid,CA2,inhibitor
Formic acid,CASK,unknown
Formic acid,CTBP1,unknown
Formic acid,CYTH2,unknown
Formic acid,FGF1,inhibitor
Formic acid,GGACT,unknown
Formic acid,GPHN,unknown
Formic acid,HMOX1,inhibitor
Formic acid,HPGDS,inhibitor
Formic acid,NOS1,inhibitor
Formic acid,PVALB,unknown
Formic acid,RNASE1,unknown
Formononetin,SLC5A2,inhibitor
Formoterol,ADRB1,agonist
Formoterol,ADRB2,agonist
Formoterol,ADRB3,agonist
Formycin,MTAP,unknown
Forodesine,PNP,inhibitor
Foropafant,PTAFR,antagonist
Fosaprepitant,TACR1,antagonist
Foscenvivint,CREBBP,modulator
Fosdenopterin,MOCS1,substrate
Fosdenopterin,XDH,cofactor
Fosifloxuridine nafalbenamide,TYMS,inhibitor
Fosinopril,ACE,inhibitor
Fosnetupitant,TACR1,antagonist
Fosopamine,DRD2,modulator
Fosphenytoin,SCN5A,inhibitor
Fospropofol,GABRB2,potentiator
Fospropofol,GABRB3,potentiator
Fostamatinib,AAK1,inhibitor
Fostamatinib,ABL1,inhibitor
Fostamatinib,ABL2,inhibitor
Fostamatinib,ACVR1,inhibitor
Fostamatinib,ACVR1B,inhibitor
Fostamatinib,ADORA3,antagonist
Fostamatinib,ALK,inhibitor
Fostamatinib,ALOX5,inhibitor
Fostamatinib,ANKK1,inhibitor
Fostamatinib,AURKA,inhibitor
Fostamatinib,AURKB,inhibitor
Fostamatinib,AURKC,inhibitor
Fostamatinib,AXL,inhibitor
Fostamatinib,BLK,inhibitor
Fostamatinib,BMP2K,inhibitor
Fostamatinib,BMPR1B,inhibitor
Fostamatinib,BMPR2,inhibitor
Fostamatinib,BMX,inhibitor
Fostamatinib,BRAF,inhibitor
Fostamatinib,BTK,inhibitor
Fostamatinib,CAMK1,inhibitor
Fostamatinib,CAMK1D,inhibitor
Fostamatinib,CAMK1G,inhibitor
Fostamatinib,CAMK2A,inhibitor
Fostamatinib,CAMK2B,inhibitor
Fostamatinib,CAMK2D,inhibitor
Fostamatinib,CAMK2G,inhibitor
Fostamatinib,CAMKK1,inhibitor
Fostamatinib,CAMKK2,inhibitor
Fostamatinib,CASK,inhibitor
Fostamatinib,CDC42BPG,inhibitor
Fostamatinib,CDK1,inhibitor
Fostamatinib,CDK15,inhibitor
Fostamatinib,CDK16,inhibitor
Fostamatinib,CDK17,inhibitor
Fostamatinib,CDK4,inhibitor
Fostamatinib,CDKL1,inhibitor
Fostamatinib,CDKL2,inhibitor
Fostamatinib,CHEK1,inhibitor
Fostamatinib,CHEK2,inhibitor
Fostamatinib,CILK1,inhibitor
Fostamatinib,CIT,inhibitor
Fostamatinib,CLASP1,inhibitor
Fostamatinib,CLK1,inhibitor
Fostamatinib,CLK2,inhibitor
Fostamatinib,CLK3,inhibitor
Fostamatinib,CLK4,inhibitor
Fostamatinib,COQ8A,inhibitor
Fostamatinib,COQ8B,inhibitor
Fostamatinib,CSF1R,inhibitor
Fostamatinib,CSK,inhibitor
Fostamatinib,CSN3,inhibitor
Fostamatinib,CSNK1A1,inhibitor
Fostamatinib,CSNK2A1,inhibitor
Fostamatinib,CSNK2A2,inhibitor
Fostamatinib,CTSL,inhibitor
Fostamatinib,CTSS,inhibitor
Fostamatinib,DAPK1,inhibitor
Fostamatinib,DAPK2,inhibitor
Fostamatinib,DAPK3,inhibitor
Fostamatinib,DCLK1,inhibitor
Fostamatinib,DCLK2,inhibitor
Fostamatinib,DCLK3,inhibitor
Fostamatinib,DDR1,inhibitor
Fostamatinib,DDR2,inhibitor
Fostamatinib,DYRK1A,inhibitor
Fostamatinib,DYRK1B,inhibitor
Fostamatinib,EGFR,inhibitor
Fostamatinib,EIF2AK1,inhibitor
Fostamatinib,EIF2AK2,inhibitor
Fostamatinib,EIF2AK4,inhibitor
Fostamatinib,EPHA1,inhibitor
Fostamatinib,EPHA2,inhibitor
Fostamatinib,EPHA3,inhibitor
Fostamatinib,EPHA4,inhibitor
Fostamatinib,EPHA5,inhibitor
Fostamatinib,EPHA6,inhibitor
Fostamatinib,EPHA7,inhibitor
Fostamatinib,EPHA8,inhibitor
Fostamatinib,EPHB1,inhibitor
Fostamatinib,EPHB2,inhibitor
Fostamatinib,EPHB4,inhibitor
Fostamatinib,EPHB6,inhibitor
Fostamatinib,ERBB2,inhibitor
Fostamatinib,ERBB4,inhibitor
Fostamatinib,ERN1,inhibitor
Fostamatinib,FAAH,inhibitor
Fostamatinib,FER,inhibitor
Fostamatinib,FES,inhibitor
Fostamatinib,FGFR1,inhibitor
Fostamatinib,FGFR2,inhibitor
Fostamatinib,FGFR3,inhibitor
Fostamatinib,FGR,inhibitor
Fostamatinib,FLT1,inhibitor
Fostamatinib,FLT3,inhibitor
Fostamatinib,FLT4,inhibitor
Fostamatinib,FRK,inhibitor
Fostamatinib,FYN,inhibitor
Fostamatinib,GAK,inhibitor
Fostamatinib,GSK3A,inhibitor
Fostamatinib,GSK3B,inhibitor
Fostamatinib,HCK,inhibitor
Fostamatinib,HIPK2,inhibitor
Fostamatinib,HIPK3,inhibitor
Fostamatinib,IKBKB,inhibitor
Fostamatinib,IKBKE,inhibitor
Fostamatinib,INSR,inhibitor
Fostamatinib,INSRR,inhibitor
Fostamatinib,IRAK1,inhibitor
Fostamatinib,IRAK3,inhibitor
Fostamatinib,IRAK4,inhibitor
Fostamatinib,ITK,inhibitor
Fostamatinib,JAK1,inhibitor
Fostamatinib,JAK2,inhibitor
Fostamatinib,JAK3,inhibitor
Fostamatinib,KDR,inhibitor
Fostamatinib,KIT,inhibitor
Fostamatinib,LATS1,inhibitor
Fostamatinib,LCK,inhibitor
Fostamatinib,LIMK1,inhibitor
Fostamatinib,LIMK2,inhibitor
Fostamatinib,LRRK2,inhibitor
Fostamatinib,LTK,inhibitor
Fostamatinib,LYN,inhibitor
Fostamatinib,MAP2K2,inhibitor
Fostamatinib,MAP2K3,inhibitor
Fostamatinib,MAP2K5,inhibitor
Fostamatinib,MAP2K6,inhibitor
Fostamatinib,MAP3K1,inhibitor
Fostamatinib,MAP3K10,inhibitor
Fostamatinib,MAP3K11,inhibitor
Fostamatinib,MAP3K12,inhibitor
Fostamatinib,MAP3K13,inhibitor
Fostamatinib,MAP3K15,inhibitor
Fostamatinib,MAP3K19,inhibitor
Fostamatinib,MAP3K2,inhibitor
Fostamatinib,MAP3K20,inhibitor
Fostamatinib,MAP3K3,inhibitor
Fostamatinib,MAP3K4,inhibitor
Fostamatinib,MAP3K6,inhibitor
Fostamatinib,MAP3K9,inhibitor
Fostamatinib,MAP4K1,inhibitor
Fostamatinib,MAP4K2,inhibitor
Fostamatinib,MAP4K3,inhibitor
Fostamatinib,MAP4K4,inhibitor
Fostamatinib,MAP4K5,inhibitor
Fostamatinib,MAPK10,inhibitor
Fostamatinib,MAPK13,inhibitor
Fostamatinib,MAPK14,inhibitor
Fostamatinib,MAPK15,inhibitor
Fostamatinib,MAPK4,inhibitor
Fostamatinib,MAPK7,inhibitor
Fostamatinib,MAPK9,inhibitor
Fostamatinib,MAPKAPK5,inhibitor
Fostamatinib,MARK1,inhibitor
Fostamatinib,MARK2,inhibitor
Fostamatinib,MARK3,inhibitor
Fostamatinib,MARK4,inhibitor
Fostamatinib,MAST1,inhibitor
Fostamatinib,MATK,inhibitor
Fostamatinib,MELK,inhibitor
Fostamatinib,MERTK,inhibitor
Fostamatinib,MET,inhibitor
Fostamatinib,MINK1,inhibitor
Fostamatinib,MKNK1,inhibitor
Fostamatinib,MKNK2,inhibitor
Fostamatinib,MST1R,inhibitor
Fostamatinib,MTOR,inhibitor
Fostamatinib,MUSK,inhibitor
Fostamatinib,MYLK,inhibitor
Fostamatinib,MYLK2,inhibitor
Fostamatinib,MYLK3,inhibitor
Fostamatinib,MYLK4,inhibitor
Fostamatinib,MYO3A,inhibitor
Fostamatinib,NEK1,inhibitor
Fostamatinib,NEK11,inhibitor
Fostamatinib,NEK2,inhibitor
Fostamatinib,NEK3,inhibitor
Fostamatinib,NEK4,inhibitor
Fostamatinib,NEK5,inhibitor
Fostamatinib,NEK9,inhibitor
Fostamatinib,NIM1K,inhibitor
Fostamatinib,NTRK1,inhibitor
Fostamatinib,NTRK2,inhibitor
Fostamatinib,NTRK3,inhibitor
Fostamatinib,NUAK1,inhibitor
Fostamatinib,NUAK2,inhibitor
Fostamatinib,OXSR1,inhibitor
Fostamatinib,PAK1,inhibitor
Fostamatinib,PAK2,inhibitor
Fostamatinib,PAK3,inhibitor
Fostamatinib,PAK4,inhibitor
Fostamatinib,PAK5,inhibitor
Fostamatinib,PAK6,inhibitor
Fostamatinib,PDE5A,inhibitor
Fostamatinib,PDGFRA,inhibitor
Fostamatinib,PDGFRB,inhibitor
Fostamatinib,PDPK1,inhibitor
Fostamatinib,PHKG1,inhibitor
Fostamatinib,PI4KB,inhibitor
Fostamatinib,PIK3C2B,inhibitor
Fostamatinib,PIK3C2G,inhibitor
Fostamatinib,PIK3CD,inhibitor
Fostamatinib,PIK3CG,inhibitor
Fostamatinib,PIM1,inhibitor
Fostamatinib,PIM3,inhibitor
Fostamatinib,PIP4K2B,inhibitor
Fostamatinib,PIP4K2C,inhibitor
Fostamatinib,PKMYT1,inhibitor
Fostamatinib,PKN1,inhibitor
Fostamatinib,PKN2,inhibitor
Fostamatinib,PLK1,inhibitor
Fostamatinib,PLK2,inhibitor
Fostamatinib,PLK3,inhibitor
Fostamatinib,PLK4,inhibitor
Fostamatinib,PRKAA1,inhibitor
Fostamatinib,PRKACA,inhibitor
Fostamatinib,PRKACB,inhibitor
Fostamatinib,PRKAG3,inhibitor
Fostamatinib,PRKCD,inhibitor
Fostamatinib,PRKCE,inhibitor
Fostamatinib,PRKCG,inhibitor
Fostamatinib,PRKCI,inhibitor
Fostamatinib,PRKCQ,inhibitor
Fostamatinib,PRKD1,inhibitor
Fostamatinib,PRKG2,inhibitor
Fostamatinib,PRP4K,inhibitor
Fostamatinib,PTK2,inhibitor
Fostamatinib,PTK2B,inhibitor
Fostamatinib,PTK6,inhibitor
Fostamatinib,RAF1,inhibitor
Fostamatinib,RET,inhibitor
Fostamatinib,RIOK1,inhibitor
Fostamatinib,RIOK2,inhibitor
Fostamatinib,RIOK3,inhibitor
Fostamatinib,RIPK1,inhibitor
Fostamatinib,RIPK2,inhibitor
Fostamatinib,RIPK4,inhibitor
Fostamatinib,ROCK2,inhibitor
Fostamatinib,ROS1,inhibitor
Fostamatinib,RPS6KA1,inhibitor
Fostamatinib,RPS6KA3,inhibitor
Fostamatinib,RPS6KA6,inhibitor
Fostamatinib,SBK1,inhibitor
Fostamatinib,SBK3,inhibitor
Fostamatinib,SGK3,inhibitor
Fostamatinib,SIK1,inhibitor
Fostamatinib,SIK2,inhibitor
Fostamatinib,SIK3,inhibitor
Fostamatinib,SLC18A2,inhibitor
Fostamatinib,SLC29A1,inhibitor
Fostamatinib,SLK,inhibitor
Fostamatinib,SNRK,inhibitor
Fostamatinib,SRC,inhibitor
Fostamatinib,SRMS,inhibitor
Fostamatinib,STK10,inhibitor
Fostamatinib,STK16,inhibitor
Fostamatinib,STK17A,inhibitor
Fostamatinib,STK17B,inhibitor
Fostamatinib,STK24,inhibitor
Fostamatinib,STK26,inhibitor
Fostamatinib,STK3,inhibitor
Fostamatinib,STK32A,inhibitor
Fostamatinib,STK33,inhibitor
Fostamatinib,STK35,inhibitor
Fostamatinib,STK36,inhibitor
Fostamatinib,STK38,inhibitor
Fostamatinib,STK38L,inhibitor
Fostamatinib,STK39,inhibitor
Fostamatinib,SYK,inhibitor
Fostamatinib,TAOK1,inhibitor
Fostamatinib,TAOK2,inhibitor
Fostamatinib,TAOK3,inhibitor
Fostamatinib,TBK1,inhibitor
Fostamatinib,TEC,inhibitor
Fostamatinib,TEK,inhibitor
Fostamatinib,TESK1,inhibitor
Fostamatinib,TGFBR1,inhibitor
Fostamatinib,TGFBR2,inhibitor
Fostamatinib,TIE1,inhibitor
Fostamatinib,TLK1,inhibitor
Fostamatinib,TLK2,inhibitor
Fostamatinib,TNIK,inhibitor
Fostamatinib,TNK1,inhibitor
Fostamatinib,TNK2,inhibitor
Fostamatinib,TNNI3K,inhibitor
Fostamatinib,TSSK1B,inhibitor
Fostamatinib,TTK,inhibitor
Fostamatinib,TXK,inhibitor
Fostamatinib,TYK2,inhibitor
Fostamatinib,TYRO3,inhibitor
Fostamatinib,UGT1A1,inhibitor
Fostamatinib,ULK1,inhibitor
Fostamatinib,ULK2,inhibitor
Fostamatinib,ULK3,inhibitor
Fostamatinib,WEE1,inhibitor
Fostamatinib,YES1,inhibitor
Fostamatinib,ZAP70,inhibitor
Fotemustine,TXNRD1,inhibitor
Fradafiban,ITGA2B,modulator
Fradafiban,ITGB3,modulator
Framycetin,CXCR4,antagonist
Freselestat,CELA1,unknown
Freselestat,ELANE,inhibitor
Frovatriptan,HTR1B,agonist
Frovatriptan,HTR1D,agonist
Fructose,FHIT,inhibitor
Fructose-6-phosphate,FBP1,inhibitor
Fructose-6-phosphate,FBP2,inhibitor
Fructose-6-phosphate,GPI,unknown
Fructose-6-phosphate,PFKFB1,unknown
Fructose-6-phosphate,PFKFB4,unknown
Frunexian,F11,inhibitor
Fruquintinib,FLT1,inhibitor
Fruquintinib,FLT4,inhibitor
Fruquintinib,KDR,inhibitor
Fucose,ACHE,inhibitor
Fucose,BCHE,inhibitor
Fucose,C1S,inhibitor
Fucose,CTLA4,inhibitor
Fucose,CTSS,inhibitor
Fucose,DPP4,inhibitor
Fucose,ELANE,inhibitor
Fucose,F7,inhibitor
Fucose,FCER1G,inhibitor
Fucose,GLA,inhibitor
Fucose,IGF1R,inhibitor
Fucose,LTF,inhibitor
Fucose,PLAU,inhibitor
Fucose,SELE,inhibitor
Fucose,SELP,inhibitor
Fucoxanthin,NFKBIA,inhibitor
Fulacimstat,CMA1,inhibitor
Fulvestrant,ESR1,antagonist
Fumagillin,METAP2,ligand
Fumaric acid,FAH,unknown
Fumaric acid,IFNG,binder
Fumaric acid,ME2,unknown
Funapide,SCN9A,inhibitor
"Furo[2,3d]Pyrimidine Antifolate",PDF,inhibitor
Furosemide,CA2,inhibitor
Furosemide,GPR35,agonist
Furosemide,SLC12A1,inhibitor
Furoyl-Leucine,ADAM28,unknown
Furvina,GPER1,agonist
Fusicoccin,YWHAE,unknown
Futibatinib,FGFR1,inhibitor
Futibatinib,FGFR2,inhibitor
Futibatinib,FGFR3,inhibitor
Futibatinib,FGFR4,inhibitor
GC-24,THRB,inhibitor
GDC-0152,XIAP,modulator
GDC-0349,MTOR,inhibitor
GDC-0425,CHEK1,modulator
GED-0507-34-Levo,PPARG,agonist
GI-181771X,CCKAR,agonist
GLPG-0259,MAPKAPK5,inhibitor
GLPG-0492,AR,modulator
GLPG-0974,FFAR2,antagonist
GO-203-2C,MUC1,inhibitor
GPI-1485,FKBP1A,binder
GSI-136,APH1A,modulator
GSI-136,APH1B,modulator
GSI-136,NCSTN,modulator
GSI-136,PSEN1,modulator
GSI-136,PSENEN,modulator
GSK-1004723,HRH1,antagonist
GSK-1004723,HRH3,antagonist
GSK-1059615,MTOR,inhibitor
GSK-1059615,PIK3C3,inhibitor
GSK-1059615,PIK3CG,inhibitor
GSK-1292263,GPR119,modulator
GSK-1521498,OPRM1,agonist
GSK-2018682,S1PR1,agonist
GSK-239512,HRH3,inverse agonist
GSK-256066,PDE4A,inhibitor
GSK-2636771,PIK3CB,inhibitor
GSK-269962A,ROCK1,inhibitor
GSK-269962A,ROCK2,inhibitor
GSK-2879552,KDM1A,inhibitor
GSK-2981278,RORC,agonist
GSK-2982772,RIPK1,inhibitor
GSK-356278,PDE4A,inhibitor
GSK-356278,PDE4B,inhibitor
GSK-356278,PDE4D,inhibitor
GSK-364735,CNR1,inhibitor
GSK-364735,CNR2,inhibitor
GSK-690693,AKT3,modulator
GSK-923295,CENPE,unknown
GSK2245035,TLR7,modulator
GSK2256098,PTK2,inhibitor
GTI 2040,RRM2,unknown
GTS-21,CHRNA7,agonist
GTX-758,ESR1,modulator
GW 468816,GLRA1,unknown
GW 468816,GLRA2,modulator
GW 468816,GLRA3,modulator
GW 468816,GLRB,modulator
GW-274150,NOS2,modulator
GW-3965,NR1H2,inhibitor
GW-3965,NR1H3,inhibitor
GW-406381,PTGS2,inhibitor
GW-493838,ADORA1,modulator
GW-559090,ITGA5,antagonist
GW-590735,NCOA1,unknown
GW-590735,PPARA,unknown
GW-813893,F10,inhibitor
GW-813893,F2,unknown
GW842166,CNR2,agonist
GZ-389988,NTRK1,inhibitor
GZ-389988,NTRK2,inhibitor
GZ-389988,NTRK3,inhibitor
Gabaculine,OAT,unknown
Gabapentin,ADORA1,agonist
Gabapentin,CACNA1B,inhibitor
Gabapentin,CACNA2D1,inhibitor
Gabapentin,CACNA2D2,inhibitor
Gabapentin,GABBR1,antagonist
Gabapentin,GABBR2,antagonist
Gabapentin,KCNQ3,activator
Gabapentin,KCNQ5,activator
Gabapentin enacarbil,CACNA2D1,modulator
Gabapentin enacarbil,CACNA2D2,modulator
Gabapentin enacarbil,SLC5A6,modulator
Gabexate,F2,inhibitor
Gabexate,KLKB1,inhibitor
Gabexate,PLG,inhibitor
Gaboxadol,GABRD,modulator
Gadobenic acid,ALB,binder
Gadofosveset trisodium,ALB,binder
Gadopentetic acid,PGD,inhibitor
Galactose-uridine-5'-diphosphate,ABO,unknown
Galactose-uridine-5'-diphosphate,B4GALT1,unknown
Galactose-uridine-5'-diphosphate,GALE,unknown
Galactose-uridine-5'-diphosphate,GPR17,regulator
Galantamine,ACHE,inhibitor
Galantamine,BCHE,inhibitor
Galantamine,CHRNA7,allosteric modulator
Galeterone,AR,inhibitor
Galicaftor,CFTR,modulator
Gallamine triethiodide,ACHE,inhibitor
Gallamine triethiodide,CHRM1,unknown
Gallamine triethiodide,CHRM2,antagonist
Gallamine triethiodide,CHRM5,unknown
Gallamine triethiodide,CHRNA2,antagonist
Gallium Ga-68 gozetotide,FOLH1,binder
Gallium maltolate,RRM1,unknown
Gallium maltolate,RRM2,binder
Gallium nitrate,ATP6V1B2,inhibitor
Gallium nitrate,IL1B,inhibitor
Gallium nitrate,RRM2,inhibitor
Gallopamil,ACE,inhibitor
Gallopamil,ATP2A2,inhibitor
Gallopamil,MME,inhibitor
Galunisertib,TGFB1,inhibitor
Galunisertib,TGFBR1,modulator
Ganaxolone,GABRQ,positive allosteric modulator
Gandotinib,JAK2,modulator
Ganirelix,GNRHR,antagonist
Ganstigmine,ACHE,inhibitor
Ganstigmine,BCHE,inhibitor
Gantacurium,CHRNA3,antagonist
Gantofiban,ITGA2B,modulator
Gantofiban,ITGB3,modulator
Garenoxacin,TOP2A,inhibitor
Garenoxacin,TOP2B,inhibitor
Gartisertib,ATR,inhibitor
Gataparsen,BIRC5,unknown
Gavestinel,GLRA1,modulator
Gavestinel,GLRA2,modulator
Gavestinel,GLRA3,modulator
Gavestinel,GLRB,modulator
Gavestinel,GRIN3B,antagonist
Gavorestat,AKR1B1,inhibitor
Gedatolisib,MTOR,modulator
Gedatolisib,PIK3CG,modulator
Gefapixant,P2RX2,antagonist
Gefapixant,P2RX3,antagonist;inhibitor
Gefitinib,EGFR,antagonist
Geldanamycin,HSP90AA1,inhibitor
Geldanamycin,HSP90AB1,unknown
Geldanamycin,HSP90B1,inhibitor
Gemcitabine,CMPK1,inhibitor
Gemcitabine,RRM1,inhibitor
Gemcitabine,RRM2,inhibitor
Gemcitabine,TYMS,inhibitor
Gemcitabine elaidate,RRM2,inhibitor
Gemeprost,PTGER2,agonist
Gemeprost,PTGER3,agonist
Gemfibrozil,LPL,activator
Gemfibrozil,PPARA,agonist
Gemfibrozil,SLC22A8,inhibitor
Gemfibrozil,SLCO1B1,inhibitor
Gemfibrozil,SLCO1B3,inhibitor
Gemfibrozil,SLCO2B1,inhibitor
Gemigliptin,DPP4,inhibitor
Gemopatrilat,MME,modulator
Geneticin,ODC1,inhibitor
Genistein,AKT1,unknown
Genistein,CFTR,activator
Genistein,CYP1B1,unknown
Genistein,ESR1,unknown
Genistein,ESR2,modulator
Genistein,ESRRA,agonist
Genistein,ESRRB,agonist
Genistein,GPER1,unknown
Genistein,NCOA1,unknown
Genistein,NCOA2,unknown
Genistein,NR1I2,unknown
Genistein,PTK2B,unknown
Genistein,SHBG,unknown
Genistein,TOP2A,unknown
Gepirone,HTR1A,agonist;partial agonist
Gepotidacin,ACHE,inhibitor
Gepotidacin,TOP2A,inhibitor
Gepotidacin,TOP2B,inhibitor
Geraniol,TRPM8,activator
Geranyl Diphosphate,FDPS,inhibitor
Geranyl Diphosphate,GGPS1,unknown
Geranylgeranyl diphosphate,FDPS,inhibitor
Geranylgeranyl diphosphate,FNTA,inhibitor
Geranylgeranyl diphosphate,FNTB,inhibitor
Geranylgeranyl diphosphate,GGPS1,unknown
Geranylgeranyl diphosphate,PGGT1B,unknown
Geranylgeranyl diphosphate,RABGGTA,unknown
Geranylgeranyl diphosphate,RABGGTB,unknown
Gestodene,PGR,binder;activator
Gestrinone,AR,antagonist
Gestrinone,ESR1,antagonist;agonist
Gestrinone,GNRHR,antagonist
Gestrinone,NR3C1,antagonist
Gestrinone,PGR,antagonist;agonist
Gestrinone,SHBG,antagonist
Gevotroline,SIGMAR1,modulator
Ghavamiol,MAN2A1,unknown
Gibberellic acid,AADACL2,unknown
Gibberellin A4,AADACL2,unknown
Gilteritinib,ALK,inhibitor
Gilteritinib,AXL,inhibitor
Gilteritinib,FLT3,inhibitor
Gimatecan,TOP1,inhibitor
Gimeracil,DPYD,inhibitor
Gingerol,TRPA1,activator
Ginkgolide A,GLRA1,inhibitor
Ginkgolide A,GLRA2,inhibitor
Ginkgolide A,GLRA3,inhibitor
Ginkgolide A,GLRB,inhibitor
Ginsenoside Rb1,SLCO1B3,inhibitor
Ginsenoside Rg1,SLCO1B3,unknown
Ginsenoside Rg3,KCNH2,activator
Giredestrant,ESR1,degradation
Girisopam,GABRG3,modulator
Gisadenafil,PDE5A,inhibitor
Givinostat,HDAC1,inhibitor
Givinostat,HDAC6,inhibitor
Givinostat,JAK2,inhibitor
Glasdegib,MTOR,inhibitor
Glasdegib,SMO,inhibitor
Glenvastatin,HMGCR,inhibitor
Glesatinib,AXL,modulator
Gliclazide,ABCC8,binder
Gliclazide,VEGFA,other/unknown
Glimepiride,ABCC8,inducer
Glimepiride,ABCC9,blocker
Glimepiride,KCNJ1,inhibitor
Glimepiride,KCNJ11,inhibitor
Glipizide,ABCC8,inhibitor
Glipizide,KCNJ10,blocker
Glipizide,PPARG,agonist
Gliquidone,ABCC8,inhibitor
Gliquidone,KCNJ10,binder
Gliquidone,KCNJ8,inhibitor
Glisoxepide,INS,regulator
Glisoxepide,KCNJ10,blocker
Glisoxepide,KCNJ8,inhibitor
Gluconolactone,LCT,unknown
Glucosamine,DRD2,antagonist
Glucosamine,IFNG,inhibitor
Glucosamine,IL1B,inhibitor
Glucosamine,RELA,inhibitor
Glucose-6-Phosphate,GPI,unknown
Glutamic acid,AADAT,unknown
Glutamic acid,AASS,unknown
Glutamic acid,ABAT,unknown
Glutamic acid,ALDH18A1,unknown
Glutamic acid,ASNS,unknown
Glutamic acid,BCAT1,unknown
Glutamic acid,BCAT2,unknown
Glutamic acid,CPQ,unknown
Glutamic acid,DNPEP,unknown
Glutamic acid,EARS2,unknown
Glutamic acid,ENPEP,unknown
Glutamic acid,EPRS1,unknown
Glutamic acid,FOLH1,unknown
Glutamic acid,FPGS,unknown
Glutamic acid,FTCD,unknown
Glutamic acid,GAD1,unknown
Glutamic acid,GAD2,unknown
Glutamic acid,GCLC,substrate
Glutamic acid,GCLM,unknown
Glutamic acid,GGCX,unknown
Glutamic acid,GLS,unknown
Glutamic acid,GLS2,unknown
Glutamic acid,GLUD1,unknown
Glutamic acid,GLUD2,substrate
Glutamic acid,GLUL,unknown
Glutamic acid,GMPS,unknown
Glutamic acid,GOT1,unknown
Glutamic acid,GOT2,unknown
Glutamic acid,GPT,unknown
Glutamic acid,GPT2,substrate;product of
Glutamic acid,GRIA1,unknown
Glutamic acid,GRIA2,unknown
Glutamic acid,GRIA3,unknown
Glutamic acid,GRIA4,unknown
Glutamic acid,GRIK1,unknown
Glutamic acid,GRIK2,unknown
Glutamic acid,GRIK3,unknown
Glutamic acid,GRIK4,unknown
Glutamic acid,GRIK5,unknown
Glutamic acid,GRIN1,unknown
Glutamic acid,GRIN2A,unknown
Glutamic acid,GRIN2B,unknown
Glutamic acid,GRIN2C,unknown
Glutamic acid,GRIN2D,unknown
Glutamic acid,GRIN3A,unknown
Glutamic acid,GRM1,unknown
Glutamic acid,GRM4,unknown
Glutamic acid,GRM7,unknown
Glutamic acid,GRM8,unknown
Glutamic acid,NADSYN1,product of
Glutamic acid,NAGS,unknown
Glutamic acid,OPLAH,unknown
Glutamic acid,PFAS,unknown
Glutamic acid,PSAT1,unknown
Glutamic acid,SLC1A1,unknown
Glutamic acid,SLC1A2,unknown
Glutamic acid,SLC1A3,unknown
Glutamic acid,SLC1A6,unknown
Glutamic acid,SLC1A7,unknown
Glutamic acid,SLC7A11,unknown
Glutamic acid,TAT,unknown
Glutamine t-butyl ester,QPCT,unknown
Glutaric Acid,SLC22A8,inhibitor
Glutathione,AKR1B1,unknown
Glutathione,CYP3A4,unknown
Glutathione,ESD,unknown
Glutathione,GGT1,unknown
Glutathione,GLO1,unknown
Glutathione,GLRX,unknown
Glutathione,GLRX2,unknown
Glutathione,GPX1,cofactor
Glutathione,GPX2,cofactor
Glutathione,GPX3,cofactor
Glutathione,GPX4,cofactor
Glutathione,GPX5,cofactor
Glutathione,GPX6,cofactor
Glutathione,GPX7,cofactor
Glutathione,GSR,unknown
Glutathione,GSS,unknown
Glutathione,GSTA1,unknown
Glutathione,GSTA2,unknown
Glutathione,GSTA3,unknown
Glutathione,GSTA4,unknown
Glutathione,GSTA5,unknown
Glutathione,GSTK1,unknown
Glutathione,GSTM1,unknown
Glutathione,GSTM2,unknown
Glutathione,GSTM3,unknown
Glutathione,GSTM4,unknown
Glutathione,GSTM5,unknown
Glutathione,GSTO1,unknown
Glutathione,GSTO2,unknown
Glutathione,GSTP1,unknown
Glutathione,GSTT1,unknown
Glutathione,GSTZ1,unknown
Glutathione,HAGH,unknown
Glutathione,HPGDS,unknown
Glutathione,IMPDH1,inhibitor
Glutathione,LTC4S,unknown
Glutathione,MGST1,unknown
Glutathione,MGST2,unknown
Glutathione,MGST3,unknown
Glutathione,MMP9,unknown
Glutathione disulfide,GSR,substrate
Glutathione disulfide,GSTM2,activator
Glutathione disulfide,HPGDS,activator
Glutathione disulfide,MGST1,activator
Glutathione sulfonic acid,GSTA1,unknown
Glutathione sulfonic acid,GSTM4,unknown
Glutathione sulfonic acid,GSTP1,unknown
Glutathionylspermidine disulfide,GSR,inhibitor
Glutethimide,CYP2D6,inducer
Glutethimide,GABRA1,agonist
Glutethimide,GABRQ,positive allosteric modulator
Glyburide,ABCA1,inhibitor
Glyburide,ABCB11,inhibitor
Glyburide,ABCC8,modulator
Glyburide,ABCC9,modulator
Glyburide,CFTR,antagonist
Glyburide,CPT1A,inhibitor
Glyburide,KCNJ11,blocker
Glyburide,KCNJ8,inhibitor
Glyburide,TRPM4,inhibitor
Glycerin,ADH1B,unknown
Glycerin,ARF1,unknown
Glycerin,GSTZ1,unknown
Glycerin,ISYNA1,unknown
Glycerin,ITPR1,unknown
Glycerin,NAGA,unknown
Glycerin,PAEP,unknown
Glycerin,PAPSS1,unknown
Glycerin,PLA2G2E,unknown
Glycerin,PPARD,agonist
Glycerin,TRDMT1,unknown
Glyceryl 1-oleate,GPR119,agonist
Glycinamide,MMP8,inhibitor
Glycinamide Ribonucleotide,GART,unknown
Glycine,AGXT,substrate
Glycine,AGXT2,product of
Glycine,ALAS1,substrate
Glycine,ALAS2,substrate
Glycine,BAAT,substrate
Glycine,GARS1,substrate
Glycine,GATM,substrate
Glycine,GCAT,substrate
Glycine,GLRA1,ligand
Glycine,GLRA2,ligand
Glycine,GLRA3,ligand
Glycine,GLRB,ligand
Glycine,GLYAT,substrate
Glycine,GLYATL1,substrate
Glycine,GLYATL2,substrate
Glycine,GNMT,substrate
Glycine,GPR18,substrate
Glycine,GRIN2A,antagonist
Glycine,GRIN2C,agonist
Glycine,GRIN3B,substrate
Glycine,GSS,substrate
Glycine,PIPOX,product of
Glycine,SHMT1,product of
Glycine,SHMT2,product of
Glycocholic acid,FABP6,unknown
Glycocyamine,GAMT,unknown
Glycol salicylate,PTGS1,antagonist
Glycol salicylate,PTGS2,antagonist
Glycolic acid,G6PD,inhibitor
Glycopyrronium,CHRM1,antagonist
Glycopyrronium,CHRM2,antagonist
Glycopyrronium,CHRM3,antagonist
Glycopyrronium,CHRM4,antagonist
Glycopyrronium,CHRM5,antagonist
Glycovir,MGAM,inhibitor
Glycyrrhizic acid,CASP3,antagonist
Glycyrrhizic acid,HSD11B1,antagonist;inhibitor
Glycyrrhizic acid,LPL,inducer
Glycyrrhizic acid,NFKB1,translocation inhibitor
Glycyrrhizic acid,TNF,antagonist
Glymidine,ABCC8,inducer
Glymidine,KCNJ1,other/unknown
Glymidine,KCNJ10,binder
Glyphosate,CYP19A1,unknown
Go-6976,NFKB1,inhibitor
Go-6976,NFKB2,inhibitor
Go-6976,PRKCZ,inhibitor
Go-6976,REL,inhibitor
Go-6976,RELA,inhibitor
Go-6976,RELB,inhibitor
Golotimod,STAT3,inhibitor
Golotimod,TLR2,unknown
Golotimod,TLR4,unknown
Golotimod,TLR7,unknown
Golotimod,TLR9,unknown
Golvatinib,KDR,modulator
Golvatinib,MET,modulator
Goserelin,GNRH1,activator
Goserelin,GNRHR,agonist
Goserelin,LHCGR,agonist
Gosogliptin,DPP4,inhibitor
Gossypol,BCL2,regulator
Gossypol,BCL2L1,unknown
Goxalapladib,PLA2G7,modulator
Gpi-1046,FKBP1A,inhibitor
Granisetron,HTR3A,antagonist
Granisetron,HTR3B,antagonist
Granotapide,MTTP,inhibitor
Grapiprant,PTGER4,antagonist
Griseofulvin,KRT12,other/unknown
Guadecitabine,DNMT1,inhibitor
Guaiacol,ALB,unknown
Guaiacol,CA2,inhibitor
Guaifenesin,GRIN3B,antagonist
Guanabenz,ADRA2A,agonist
Guanabenz,ADRA2B,binder
Guanadrel,SLC6A2,partial agonist
Guanethidine,SLC6A2,inducer
Guanfacine,ADRA2A,agonist
Guanfacine,ADRA2B,binder
Guanidine,ALDH2,inhibitor
Guanidine,DLG4,unknown
Guanidine,GAMT,unknown
Guanidine,RNASE1,unknown
Guanidine-3-propanol,PRSS3,unknown
Guanidinoethylmercaptosuccinic acid,CPB2,inhibitor
Guanidinoethylmercaptosuccinic acid,CPD,unknown
Guanine,GCH1,inhibitor
Guanine,PNP,unknown
Guanosine,PNP,inhibitor
Guanosine-5'-Diphosphate,ADSS1,unknown
Guanosine-5'-Diphosphate,ARF1,unknown
Guanosine-5'-Diphosphate,ARF4,unknown
Guanosine-5'-Diphosphate,ARF6,unknown
Guanosine-5'-Diphosphate,ARL1,unknown
Guanosine-5'-Diphosphate,ARL3,unknown
Guanosine-5'-Diphosphate,ARL5A,unknown
Guanosine-5'-Diphosphate,ARL5B,unknown
Guanosine-5'-Diphosphate,CDC42,unknown
Guanosine-5'-Diphosphate,EEF1A1,unknown
Guanosine-5'-Diphosphate,EEF2,unknown
Guanosine-5'-Diphosphate,EFL1,unknown
Guanosine-5'-Diphosphate,EIF2S3,unknown
Guanosine-5'-Diphosphate,GMDS,unknown
Guanosine-5'-Diphosphate,GNAI1,unknown
Guanosine-5'-Diphosphate,GNAT1,unknown
Guanosine-5'-Diphosphate,GSPT1,unknown
Guanosine-5'-Diphosphate,HRAS,unknown
Guanosine-5'-Diphosphate,IRGC,unknown
Guanosine-5'-Diphosphate,NME1,unknown
Guanosine-5'-Diphosphate,NME2,unknown
Guanosine-5'-Diphosphate,RAB11A,unknown
Guanosine-5'-Diphosphate,RAB5A,unknown
Guanosine-5'-Diphosphate,RAB7A,unknown
Guanosine-5'-Diphosphate,RAB8B,unknown
Guanosine-5'-Diphosphate,RAB9A,inhibitor
Guanosine-5'-Diphosphate,RAC1,unknown
Guanosine-5'-Diphosphate,RALA,unknown
Guanosine-5'-Diphosphate,RAN,unknown
Guanosine-5'-Diphosphate,RAP2A,unknown
Guanosine-5'-Diphosphate,RHEB,unknown
Guanosine-5'-Diphosphate,RHOA,unknown
Guanosine-5'-Diphosphate,SAR1B,unknown
Guanosine-5'-Diphosphate,TGM2,inhibitor
Guanosine-5'-Diphosphate,TGM3,unknown
Guanosine-5'-Diphosphate,TUFM,unknown
Guanosine-5'-Diphosphate-Rhamnose,GMDS,unknown
Guanosine-5'-Monophosphate,ATIC,unknown
Guanosine-5'-Monophosphate,DLG4,inhibitor
Guanosine-5'-Monophosphate,GMPR,unknown
Guanosine-5'-Monophosphate,GUK1,unknown
Guanosine-5'-Monophosphate,HINT1,unknown
Guanosine-5'-Monophosphate,PDE5A,inhibitor
Guanosine-5'-Monophosphate,TGM3,unknown
Guanosine-5'-Triphosphate,ADSS1,unknown
Guanosine-5'-Triphosphate,ARF1,unknown
Guanosine-5'-Triphosphate,GCH1,inhibitor
Guanosine-5'-Triphosphate,GLUD1,unknown
Guanosine-5'-Triphosphate,HRAS,unknown
Guanosine-5'-Triphosphate,PFKFB1,unknown
Guanosine-5'-Triphosphate,RAB5A,unknown
Guanosine-5'-Triphosphate,RAP2A,unknown
Guanosine-5'-Triphosphate,RHEB,unknown
Guanosine-5'-Triphosphate,RND3,unknown
Guanosine-5'-Triphosphate,UCKL1,unknown
Gusacitinib,SYK,inhibitor
Guvacine,SLC6A1,inhibitor
Guvacine,SLC6A11,inhibitor
Guvacine,SLC6A12,inhibitor
Guvacine,SLC6A13,inhibitor
H-151,STING1,inhibitor
H-89,EIF2AK2,inhibitor
H-89,HASPIN,unknown
H-89,PKIA,unknown
H-89,PRKACA,inhibitor
H3B-6527,FGFR4,inhibitor
H3B-8800,SF3B1,inhibitor
HM-30181,ABCB1,inhibitor
HM-30181,ABCB4,inhibitor
HT-0712,PDE4A,inhibitor
HT-0712,PDE4B,inhibitor
HT-0712,PDE4D,inhibitor
HY10275,HRH1,unknown
HY10275,HTR2A,unknown
HZT-501,HRH2,unknown
Hadacidin,ADSS1,unknown
Hadacidin,IMPDH1,inhibitor
Halazepam,GABRG3,ligand
Halazepam,GABRQ,positive allosteric modulator
Halazepam,TSPO,modulator
Halcinonide,ESRRA,modulator
Halcinonide,ESRRB,modulator
Halcinonide,ESRRG,modulator
Halcinonide,SMO,agonist;activator
Halicin,MAPK9,inhibitor
Halofantrine,CALM1,modulator
Halofantrine,CALM2,modulator
Halofantrine,CALM3,modulator
Halofantrine,KCNH2,inhibitor
Halofuginone,COL1A1,unknown
Halofuginone,EPRS1,modulator
Halofuginone,MMP2,unknown
Halopemide,PLD1,inhibitor
Haloperidol,ADRA1A,antagonist
Haloperidol,ADRA2A,antagonist
Haloperidol,ADRA2B,antagonist
Haloperidol,ADRA2C,antagonist
Haloperidol,CHRM3,antagonist
Haloperidol,DRD1,antagonist
Haloperidol,DRD2,antagonist
Haloperidol,DRD3,inverse agonist
Haloperidol,GRIN2B,antagonist
Haloperidol,HRH1,antagonist
Haloperidol,HTR1A,antagonist
Haloperidol,HTR2A,antagonist
Haloperidol,HTR2C,antagonist
Haloperidol,HTR6,antagonist
Haloperidol,HTR7,antagonist
Haloperidol,MCHR1,inhibitor
Haloperidol,SIGMAR1,antagonist
Haloperidol,SLC18A2,inhibitor
Halothane,ATP2B4,inhibitor
Halothane,GABRA1,other/unknown
Halothane,GABRQ,positive allosteric modulator
Halothane,GLRA1,allosteric modulator
Halothane,GNG2,other/unknown
Halothane,GRIN2A,antagonist
Halothane,GRIN3A,antagonist
Halothane,GRIN3B,antagonist
Halothane,KCNJ3,inhibitor
Halothane,KCNJ6,inhibitor
Halothane,KCNK3,binder
Halothane,KCNK9,binder
Halothane,KCNMA1,inhibitor
Halothane,KCNN4,inhibitor
Halothane,MT-ND1,inhibitor
Halothane,NPSR1,other/unknown
Halothane,RHO,other
Haloxyfop-P,ACACB,unknown
Harmaline,HNMT,inhibitor
Harmine,DYRK1A,inhibitor
Harmine,DYRK2,inhibitor
Harmine,DYRK3,inhibitor
Harmine,MAOA,inhibitor
Hemi-Babim,F2,inhibitor
Hemi-Babim,PRSS1,unknown
Heparin,F10,inhibitor
Heparin,FGF1,activator
Heparin,FGF19,activator
Heparin,FGF2,activator
Heparin,FGF4,activator
Heparin,FGFR1,activator
Heparin,FGFR2,activator
Heparin,FGFR4,unknown
Heparin,HGF,allosteric modulator
Heparin,PF4,allosteric modulator
Heparin,SELP,inhibitor
Heparin,SERPINC1,potentiator
Heparin Disaccharide I-S,CCL5,unknown
Heparin Disaccharide Iii-S,CCL5,unknown
Heptabarbital,CHRNA4,antagonist
Heptabarbital,CHRNA7,antagonist
Heptabarbital,GABRA1,potentiator
Heptabarbital,GABRA2,potentiator
Heptabarbital,GABRA3,potentiator
Heptabarbital,GABRA4,potentiator
Heptabarbital,GABRA5,potentiator
Heptabarbital,GABRA6,potentiator
Heptabarbital,GRIA2,antagonist
Heptabarbital,GRIK2,antagonist
Heptaethylene glycol,CBR1,unknown
"Heptane-1,2,3-Triol",RHO,unknown
Heptanoic acid,PLA2G1B,inhibitor
Heptulose-2-Phosphate,PYGM,inhibitor
Heptyl 1-Thiohexopyranoside,RHO,unknown
Heptyl glucoside,FKBP1A,inhibitor
Heptyl glucoside,PPARD,inhibitor
Hesperetin,DGAT1,inhibitor
Hesperetin,MTTP,antagonist
Hesperetin,SHBG,unknown
Hesperetin,SOAT1,inhibitor
Hesperetin,SOAT2,inhibitor
Hesperidin,AURKB,regulator
Hesperidin,CACNA1B,inhibitor
Hexachlorophene,ESR1,unknown
Hexachlorophene,GLUD1,inhibitor
Hexachlorophene,SDHD,inhibitor
Hexadecanal,DBI,unknown
Hexadecanal,RHO,unknown
Hexadecanesulfonyl fluoride,PPT1,unknown
Hexafluronium,BCHE,inhibitor
Hexamethonium,CHRNA2,antagonist
Hexamethylene diamine,CA1,inhibitor
Hexamethylene diamine,CA12,inhibitor
Hexamethylene diamine,CA14,inhibitor
Hexamethylene diamine,CA4,inhibitor
Hexamethylene diamine,CA6,inhibitor
Hexamethylene diamine,CA9,inhibitor
"Hexane-1,6-Diol",HRAS,unknown
"Hexane-1,6-Diol",NR3C1,inhibitor
"Hexane-1,6-Diol",PLA2G1B,inhibitor
Hexanoyl-CoA,ECHS1,unknown
Hexatantalum Dodecabromide,CAMK2A,unknown
Hexatantalum Dodecabromide,UBA1,unknown
Hexestrol,AKR1C1,unknown
Hexestrol,ESR1,unknown
Hexestrol,ESR2,inhibitor
Hexestrol,NR1I2,unknown
Hexestrol,NR1I3,unknown
Hexobarbital,CHRNA4,antagonist
Hexobarbital,CHRNA7,antagonist
Hexobarbital,GABRA1,potentiator
Hexobarbital,GABRA2,potentiator
Hexobarbital,GABRA3,potentiator
Hexobarbital,GABRA4,potentiator
Hexobarbital,GABRA5,potentiator
Hexobarbital,GABRA6,potentiator
Hexobarbital,GRIA2,antagonist
Hexobarbital,GRIK2,antagonist
Hexocyclium,CHRM1,antagonist
Hexocyclium,CHRM2,antagonist
Hexocyclium,CHRM3,antagonist
Hexocyclium,CHRM4,antagonist
Hexylcaine,SCN10A,inhibitor
Hexylcaine,SCN5A,inhibitor
Hexylresorcinol,TGM2,inhibitor
Hexylresorcinol,TOP1,inhibitor
Hexylresorcinol,TYR,inhibitor
Histamine,HRH1,agonist
Histamine,HRH2,agonist
Histamine,HRH3,agonist
Histamine,HRH4,agonist
Histamine,SLC18A2,unknown
Histidine,HAL,unknown
Histidine,HARS1,unknown
Histidine,HDC,unknown
Histidine,SLC38A3,unknown
Histrelin,GNRHR,agonist
Homatropine,CHRM1,antagonist
Homatropine,CHRM2,antagonist
Homatropine,CHRM3,antagonist
Homatropine,CHRM4,antagonist
Homatropine,CHRM5,antagonist
Homatropine methylbromide,CHRM1,antagonist
Homatropine methylbromide,CHRM2,antagonist
Homatropine methylbromide,CHRM3,antagonist
Homatropine methylbromide,CHRM4,antagonist
Homatropine methylbromide,CHRM5,antagonist
Homosalate,AR,antagonist
Homosalate,ESR1,unknown
Homosalate,PGR,antagonist
Homoserine Lactone,SLC9A1,inhibitor
Honokiol,ALOX5,inhibitor
Honokiol,PTGS1,inhibitor
Honokiol,PTGS2,inhibitor
Huperzine A,ACHE,inhibitor
Huperzine A,ALOX5,inhibitor
Huperzine A,AMY2A,inhibitor
Huperzine B,ACHE,unknown
Hyaluronic acid,C1QBP,binder
Hyaluronic acid,CD44,binder
Hyaluronic acid,HABP2,binder
Hyaluronic acid,HABP4,binder
Hyaluronic acid,HAPLN1,binder
Hyaluronic acid,HAPLN3,binder
Hyaluronic acid,HMMR,binder
Hyaluronic acid,ICAM1,inhibitor;binder
Hyaluronic acid,IMPG2,binder
Hyaluronic acid,LAYN,binder
Hyaluronic acid,LYVE1,modulator
Hyaluronic acid,NCAN,binder
Hyaluronic acid,STAB2,binder
Hyaluronic acid,TNFAIP6,binder
Hyaluronic acid,VCAN,binder
Hycanthone,ABCB1,inhibitor
Hydralazine,AOC3,inhibitor
Hydralazine,HIF1A,inducer
Hydralazine,P4HA1,inhibitor
Hydrochlorothiazide,ACE,modulator
Hydrochlorothiazide,KCNMA1,inhibitor
Hydrochlorothiazide,SLC12A3,inhibitor
Hydrocodone,OPRD1,agonist
Hydrocodone,OPRM1,agonist
Hydrocodone,SIGMAR1,ligand
Hydrocortamate,NR3C1,agonist
Hydrocortisone,ANXA1,agonist
Hydrocortisone,NR3C1,agonist
Hydrocortisone aceponate,ANXA1,unknown
Hydrocortisone aceponate,HSD11B2,unknown
Hydrocortisone aceponate,HSD3B1,unknown
Hydrocortisone aceponate,NR3C1,unknown
Hydrocortisone acetate,ANXA1,agonist
Hydrocortisone acetate,HSD11B2,inhibitor
Hydrocortisone acetate,HSD3B1,inhibitor
Hydrocortisone acetate,NR3C1,agonist
Hydrocortisone butyrate,ANXA1,agonist
Hydrocortisone butyrate,HSD11B2,inhibitor
Hydrocortisone butyrate,HSD3B1,inhibitor
Hydrocortisone butyrate,NR3C1,agonist
Hydrocortisone cypionate,ANXA1,unknown
Hydrocortisone cypionate,HSD11B2,unknown
Hydrocortisone cypionate,HSD3B1,unknown
Hydrocortisone cypionate,NR3C1,unknown
Hydrocortisone phosphate,ANXA1,unknown
Hydrocortisone phosphate,HSD11B2,unknown
Hydrocortisone phosphate,HSD3B1,unknown
Hydrocortisone phosphate,NR3C1,unknown
Hydrocortisone probutate,ANXA1,agonist
Hydrocortisone probutate,HSD11B2,inhibitor
Hydrocortisone probutate,HSD3B1,inhibitor
Hydrocortisone probutate,NR3C1,agonist
Hydrocortisone valerate,ANXA1,agonist
Hydrocortisone valerate,HSD11B2,inhibitor
Hydrocortisone valerate,HSD3B1,inhibitor
Hydrocortisone valerate,NR3C1,agonist
Hydroflumethiazide,ATP1A1,inducer
Hydroflumethiazide,CA1,inhibitor
Hydroflumethiazide,CA12,inhibitor
Hydroflumethiazide,CA2,inhibitor
Hydroflumethiazide,CA4,inhibitor
Hydroflumethiazide,CA7,inhibitor
Hydroflumethiazide,CA9,inhibitor
Hydroflumethiazide,KCNMA1,inducer
Hydroflumethiazide,SLC12A1,inhibitor
Hydrogen peroxide,PTPN1,inhibitor
Hydromethylthionine mesylate,MAPT,inhibitor
Hydromorphone,OPRD1,partial agonist
Hydromorphone,OPRK1,agonist
Hydromorphone,OPRM1,agonist
Hydroquinone,CYSLTR1,activator
Hydroquinone,ITGA2B,antagonist
Hydroquinone,ITGB3,antagonist
Hydroquinone,TYR,inhibitor
Hydroxocobalamin,AMN,other
Hydroxocobalamin,CUBN,other
Hydroxocobalamin,MMAA,other/unknown
Hydroxocobalamin,MMACHC,other/unknown
Hydroxocobalamin,MMUT,cofactor
Hydroxocobalamin,MTR,cofactor
Hydroxocobalamin,TCN1,other
Hydroxyaminovaline,MMP13,inhibitor
Hydroxyaminovaline,MMP3,inhibitor
Hydroxyamphetamine,DRD2,antagonist
Hydroxyamphetamine,DRD4,antagonist
Hydroxyamphetamine,TAAR1,modulator
Hydroxychloroquine,ACE2,modulator
Hydroxychloroquine,TLR7,antagonist
Hydroxychloroquine,TLR9,antagonist
Hydroxycitronellal,TRPM8,activator
Hydroxyfasudil,CLCN2,activator
Hydroxyfasudil,PKIA,unknown
Hydroxyfasudil,PRKACA,unknown
Hydroxyfasudil,ROCK1,inhibitor
Hydroxyprogesterone caproate,PGR,agonist
Hydroxyurea,RRM1,inhibitor
Hydroxyurea,RRM2,modulator
Hydroxyzine,HRH1,inverse agonist
Hydroxyzine,KCNH2,inhibitor
Hymenialdisine,CDK1,unknown
Hymenialdisine,CDK2,inhibitor
Hymenialdisine,CDK5,inhibitor
Hyoscyamine,ADCY1,inhibitor
Hyoscyamine,CHRM1,antagonist
Hyoscyamine,CHRM2,antagonist
Hyoscyamine,CHRM3,antagonist
Hyoscyamine,CHRM4,antagonist
Hyoscyamine,CHRM5,antagonist
Hyperforin,ALOX5,inhibitor
Hyperforin,NR1I2,unknown
Hyperforin,PTGS1,inhibitor
Hyperforin,PYGM,inhibitor
Hypericin,GSTA1,unknown
Hypericin,GSTP1,inhibitor
Hypothemycin,MAPK1,unknown
Hypoxanthine,PNP,inhibitor
Hypromellose,EPCAM,unknown
IC261,CSNK1A1,inhibitor
IC261,CSNK1E,inhibitor
IC261,CSNK1G2,unknown
ICA-105665,KCNQ1,unknown
ICA-105665,KCNQ2,unknown
ICA-105665,KCNQ3,unknown
ICA-105665,KCNQ4,unknown
ICA-105665,KCNQ5,unknown
ICI-164384,ESR1,inhibitor
ICI-164384,ESR2,inhibitor
IDD552,AKR1B1,inhibitor
IDD594,AKR1B1,inhibitor
INCB-9471,CCR5,antagonist
INCB13739,HSD11B1,unknown
INCB3284,CCR2,unknown
INCB7839,ADAM9,unknown
ING-1,EPCAM,unknown
INS 316,P2RY11,agonist
INS 316,P2RY2,unknown
INS 316,P2RY4,agonist
INS 316,P2RY6,agonist
IOWH-032,CFTR,inhibitor
IPI-493,HSP90AA1,inhibitor
IPI-549,PIK3CG,inhibitor
IRX-5183,RARA,agonist
ISF402,INS,unknown
ISIS 113715,PTPN1,unknown
ISIS 325568,GCGR,unknown
ISO-1 F-18,TMEM97,ligand
ISO24,SRC,inhibitor
ISS-1018,TLR9,unknown
IT-139,HSPA5,inhibitor
IT-139,MAPK8,inhibitor
Ibandronate,FDPS,inhibitor
Ibandronate,GGPS1,inhibitor
Iberdomide,CRBN,inhibitor
Ibipinabant,CNR1,antagonist
Ibodutant,TACR2,antagonist
Ibrigampar,PPARG,agonist;partial agonist
Ibrolipim,LPL,modulator
Ibrutinib,BTK,inhibitor
Ibudilast,PDE3A,inhibitor
Ibudilast,PDE4A,inhibitor
Ibudilast,PDE4B,inhibitor
Ibudilast,PDE4C,inhibitor
Ibudilast,PDE4D,inhibitor
Ibuprofen,BCL2,modulator
Ibuprofen,CFTR,inhibitor
Ibuprofen,CXCL8,inhibitor
Ibuprofen,CXCR1,inhibitor
Ibuprofen,CXCR2,inhibitor
Ibuprofen,FABP2,binder
Ibuprofen,GP1BA,inducer
Ibuprofen,PPARA,activator
Ibuprofen,PPARG,activator
Ibuprofen,PTGS1,inhibitor
Ibuprofen,PTGS2,inhibitor
Ibuprofen,S100A7,inducer
Ibuprofen,THBD,inducer
Ibuproxam,ALOX5,inhibitor
Ibuproxam,CXCR1,inhibitor
Ibuproxam,CXCR2,inhibitor
Ibutamoren,GHSR,modulator
Ibutilide,CACNA1C,activator
Ibutilide,CACNA2D1,activator
Ibutilide,CACNB1,activator
Ibutilide,CACNG1,activator
Ibutilide,KCNH2,inhibitor
Ibutilide,KCNH6,inhibitor
Ibutilide,KCNH7,inhibitor
Ibutilide,KCNJ11,inhibitor
Ibutilide,KCNK1,inhibitor
Ibutilide,KCNK6,inhibitor
Icariin,PDE5A,inhibitor
Icaritin,ESR1,modulator
Icenticaftor,CFTR,potentiator
Iclaprim,DHFR,inhibitor
Iclepertin,SLC6A9,inhibitor
Icosapent,ACSL4,inducer
Icosapent,ALOX5,substrate
Icosapent,FABP7,agonist
Icosapent,FADS1,agonist
Icosapent,FFAR1,agonist
Icosapent,PPARA,activator
Icosapent,PPARD,agonist
Icosapent,PPARG,agonist;regulator
Icosapent,PTGS1,inhibitor
Icosapent,PTGS2,inhibitor
Icosapent,SLC8A1,inhibitor
Icosapent,TRPV1,inducer
Icotinib,EGFR,antagonist
Icotrokinra,IL23R,antagonist
Idarubicin,TOP2A,inhibitor
Idarubicin,TOP2B,modulator
Idasanutlin,ERBB4,inhibitor
Idasanutlin,MDM2,modulator
Idelalisib,PIK3CD,inhibitor
Idoxifene,ESR1,modulator
Idoxuridine,TK1,inhibitor
Idraparinux,F10,inhibitor
Idrapril,ACE,inhibitor
Idronoxil,ENOX2,unknown
Idronoxil,SPHK1,modulator
Idronoxil,XIAP,modulator
Idroxioleic acid,SGMS1,modulator
Idroxioleic acid,SGMS2,modulator
Ifenprodil,CELA1,inhibitor
Ifenprodil,GRIN1,antagonist
Ifenprodil,GRIN2B,antagonist
Ifenprodil,KCNJ3,antagonist
Ifenprodil,KCNJ5,antagonist
Ifenprodil,KCNJ6,antagonist
Ifetroban,TBXA2R,antagonist
Ifidancitinib,JAK1,inhibitor
Ifidancitinib,JAK3,inhibitor
Ifosfamide,NR1I2,activator
Ilacirnon,CCR2,antagonist
Ilantimod,AHR,antagonist
Ilepatril,ACE,modulator
Ilepatril,MME,modulator
Ilginatinib,JAK2,modulator
Ilomastat,ACAN,unknown
Ilomastat,ADAM28,unknown
Ilomastat,MMP1,inhibitor
Ilomastat,MMP12,inhibitor
Ilomastat,MMP13,inhibitor
Ilomastat,MMP14,inhibitor
Ilomastat,MMP2,inhibitor
Ilomastat,MMP3,inhibitor
Ilomastat,MMP8,inhibitor
Ilomastat,MMP9,inhibitor
Iloperidone,ADRA1A,antagonist
Iloperidone,ADRA2A,antagonist
Iloperidone,ADRA2B,antagonist
Iloperidone,ADRA2C,antagonist
Iloperidone,ADRB1,antagonist
Iloperidone,ADRB2,antagonist
Iloperidone,DRD1,antagonist
Iloperidone,DRD2,antagonist
Iloperidone,DRD3,antagonist
Iloperidone,DRD4,antagonist
Iloperidone,DRD5,antagonist
Iloperidone,HRH1,antagonist
Iloperidone,HTR1A,antagonist
Iloperidone,HTR2A,antagonist
Iloperidone,HTR2C,antagonist
Iloperidone,HTR6,antagonist
Iloperidone,HTR7,antagonist
Iloprost,PDE4A,inducer
Iloprost,PDE4B,inducer
Iloprost,PDE4C,inducer
Iloprost,PDE4D,inducer
Iloprost,PLAT,other/unknown
Iloprost,PTGDR2,agonist
Iloprost,PTGER1,agonist
Iloprost,PTGER2,agonist
Iloprost,PTGIR,agonist
Ilorasertib,AURKA,modulator
Ilorasertib,AURKB,modulator
Ilorasertib,AURKC,modulator
Imagabalin,CACNA2D1,agonist
Imaradenant,ADORA2A,antagonist
Imatinib,ABL1,inhibitor
Imatinib,BCR,inhibitor
Imatinib,CSF1R,antagonist
Imatinib,DDR1,antagonist
Imatinib,DDR2,antagonist
Imatinib,KIT,antagonist
Imatinib,MCL1,other/unknown
Imatinib,PDGFRA,antagonist
Imatinib,PDGFRB,antagonist
Imatinib,RET,inhibitor
Imazodan,PDE2A,inhibitor
Imazodan,PDE3A,inhibitor
Imazodan,PDE5A,inhibitor
Imeglimin,PRKAA1,modulator
Imeglimin,PRKAB1,modulator
Imeglimin,PRKAG1,modulator
Imepitoin,TSPO,agonist
Imetelstat,PTGES3,unknown
Imetelstat,SCYL1,unknown
Imetelstat,SMG6,unknown
Imetelstat,TERT,inhibitor
Imexon,RRM1,unknown
Imexon,RRM2,unknown
Imidacloprid,CHRFAM7A,unknown
Imidafenacin,CHRM1,antagonist
Imidafenacin,CHRM2,antagonist
Imidafenacin,CHRM3,antagonist
Imidapril,ACE,modulator
Imidazole,AK2,unknown
Imidazole,CYCS,unknown
Imidazole,DMC1,unknown
Imidazole,GPHN,unknown
Imidazole,LTA4H,unknown
Imidazole,MB,unknown
Imidazole,MYO1E,unknown
Imidazole,NOS2,unknown
Imidazole,PIM1,unknown
Imidocarb,ACHE,inhibitor
Imiglitazar,PPARA,modulator
Imiglitazar,PPARG,modulator
Imino-Tryptophan,DAO,unknown
Imipramine,ADRA1A,antagonist
Imipramine,ADRA1B,antagonist
Imipramine,ADRA1D,antagonist
Imipramine,CHRM1,antagonist
Imipramine,CHRM2,antagonist
Imipramine,CHRM3,antagonist
Imipramine,CHRM4,antagonist
Imipramine,CHRM5,antagonist
Imipramine,DRD2,binder
Imipramine,DRD5,binder
Imipramine,HRH1,antagonist
Imipramine,HTR1A,activator
Imipramine,HTR2A,antagonist
Imipramine,HTR2C,antagonist
Imipramine,HTR6,binder
Imipramine,HTR7,antagonist
Imipramine,KCND2,inhibitor
Imipramine,KCND3,inhibitor
Imipramine,KCNH1,inhibitor
Imipramine,KCNH2,inhibitor
Imipramine,SLC6A2,inhibitor
Imipramine,SLC6A3,inhibitor
Imipramine,SLC6A4,inhibitor
Imiquimod,TLR7,agonist
Imiquimod,TLR8,agonist
Imirestat,AKR1B1,inhibitor
Imitrodast,TBXAS1,inhibitor
Imlunestrant,ESR1,degradation
Immucillin-G,PNP,inhibitor
Implitapide,MTTP,inhibitor
Impromidine,HRH1,antagonist
Impromidine,HRH2,agonist
Impromidine,HRH3,agonist
Impromidine,HRH4,agonist
Imrecoxib,PTGS1,inhibitor
Imrecoxib,PTGS2,inhibitor
Inarigivir soproxil,NOD2,modulator
Inavolisib,PIK3CA,degradation
Inavolisib,PIK3CG,inhibitor
Incadronic acid,CASP3,activator
Incadronic acid,CASP4,activator
Incadronic acid,CASP7,activator
Incadronic acid,FDPS,inhibitor
Incyclinide,MMP2,inhibitor
Indacaterol,ADRB2,agonist
Indanidine,ADRA2C,agonist
Indantadol,MAOA,inhibitor
Indantadol,MAOB,inhibitor
Indapamide,KCNQ1,blocker
Indapamide,SLC12A3,inhibitor
Indatraline,SLC6A2,inhibitor
Indatraline,SLC6A3,inhibitor
Indatraline,SLC6A4,inhibitor
Indecainide,SCN5A,inhibitor
Indeglitazar,NCOA1,unknown
Indeglitazar,PPARA,agonist
Indeglitazar,PPARD,agonist
Indeglitazar,PPARG,agonist
Indigo,AHR,binder
Indigotindisulfonic acid,ADRA2C,agonist
Indiplon,GABRA1,agonist
Indirubin,AHR,agonist
Indirubin,CYP1A1,substrate
Indirubin-3'-monoxime,AHR,agonist
Indirubin-3'-monoxime,AURKA,inhibitor
Indirubin-3'-monoxime,AURKB,inhibitor
Indirubin-3'-monoxime,AURKC,inhibitor
Indirubin-3'-monoxime,CDK1,binder
Indirubin-3'-monoxime,CDK2,inhibitor
Indirubin-3'-monoxime,CDK5,inhibitor
Indirubin-3'-monoxime,CDK5R1,unknown
Indirubin-3'-monoxime,GSK3B,unknown
Indirubin-5-sulphonate,CDK1,binder
Indirubin-5-sulphonate,CDK2,inhibitor
Indirubin-5-sulphonate,CDK5,inhibitor
Indirubin-5-sulphonate,PYGM,unknown
Indisulam,CA9,modulator
Indole-3-carbinol,NFKBIA,inhibitor
Indoleacetic acid,KYAT1,unknown
Indoleacetic acid,PLA2G2E,unknown
Indoleacetic acid,SKP1,unknown
Indolepropionic acid,PLA2G2E,unknown
Indomethacin,AKR1C3,inhibitor
Indomethacin,EIF2AK2,inducer
Indomethacin,GLO1,inhibitor
Indomethacin,PLA2G2A,inhibitor
Indomethacin,PPARA,agonist
Indomethacin,PPARG,activator
Indomethacin,PTGDR2,other/unknown
Indomethacin,PTGR2,inhibitor
Indomethacin,PTGS1,inhibitor
Indomethacin,PTGS2,inhibitor
Indoprofen,CXCR1,inhibitor
Indoprofen,CXCR2,inhibitor
Indoprofen,FABP1,inhibitor
Indoprofen,PKM,inhibitor
Indoprofen,PTGS1,inhibitor
Indoprofen,PTGS2,inhibitor
Indoramin,ADRA1A,antagonist
Indoramin,ADRA1D,inhibitor
Indoramin,ADRA2B,inhibitor
Indoramin,ADRA2C,inhibitor
Indotecan,TOP1,inhibitor
Indoximod,IDO1,inhibitor
Inecalcitol,VDR,agonist
Infigratinib,FGFR1,inhibitor
Infigratinib,FGFR2,inhibitor
Infigratinib,FGFR3,inhibitor
Infigratinib,FGFR4,inhibitor
Ingenol mebutate,PRKCA,ligand
Ingenol mebutate,PRKCD,ligand
Inhibitor Idd 384,AKR1B1,inhibitor
Inhibitor of P38 Kinase,MAPK14,inhibitor
Iniparib,PARP1,unknown
Inobrodib,CREBBP,inhibitor
Inobrodib,EP300,inhibitor
Inogatran,F2,modulator
Inosine,PNP,unknown
Inosinic Acid,ADSS1,unknown
Inosinic Acid,IMPDH1,inhibitor
Inosinic Acid,IMPDH2,inhibitor
Inosinic Acid,PYGM,inhibitor
Inositol,APP,inhibitor
"Inositol 1,3,4,5-Tetrakisphosphate",AKT1,inhibitor
"Inositol 1,3,4,5-Tetrakisphosphate",BTK,inhibitor
"Inositol 1,3,4,5-Tetrakisphosphate",CYTH2,unknown
"Inositol 1,3,4,5-Tetrakisphosphate",CYTH3,unknown
"Inositol 1,3,4,5-Tetrakisphosphate",DAPP1,unknown
"Inositol 1,3,4,5-Tetrakisphosphate",ITPKA,unknown
"Inositol 1,3,4,5-Tetrakisphosphate",PDPK1,unknown
"Inositol 1,3,4,5-Tetrakisphosphate",PLEKHA4,unknown
"Inositol 1,3-Bisphosphate",EEA1,unknown
"Inositol 2,4,5-trisphosphate",PLCD1,unknown
Inositol nicotinate,HCAR2,agonist
Inositol nicotinate,HCAR3,agonist
"Inositol-(1,3,4,5,6)-Pentakisphosphate",CYTH3,unknown
Intepirdine,HTR6,antagonist
Intoplicine,TOP1,modulator
Inupadenant,ADORA2A,antagonist
Iobenguane,SLC6A2,modulator
Iodide,CA1,inhibitor
Iodide,CA2,inhibitor
Iodine,SLC5A5,substrate
Iodipamide,ALB,binder
Iodo-Willardiine,GRIA2,unknown
Iodo-Willardiine,GRIK1,agonist
Ioflupane I-123,SLC6A3,modulator
Iofolastat I-123,FOLH1,inhibitor
Iopodic acid,DIO3,antagonist
Ipamorelin,GHSR,modulator
Ipatasertib,AKT1,inhibitor
Ipragliflozin,SLC5A2,modulator
Ipratropium,CHRM1,antagonist
Ipratropium,CHRM2,antagonist
Ipratropium,CHRM3,antagonist
Iproniazid,MAOA,inhibitor
Iproniazid,MAOB,inhibitor
Ipsapirone,HTR1A,agonist
Iptacopan,CFB,inhibitor
Iralukast,CYSLTR1,modulator
Irbesartan,AGTR1,antagonist
Irbesartan,JUN,other/unknown
Irdabisant,HRH3,antagonist
Irindalone,SLC6A4,inhibitor
Irinotecan,TOP1,inhibitor
Irinotecan,TOP1MT,inhibitor
Irofulven,CHEK2,modulator
Irofulven,FUBP1,unknown
Iron,AHSP,unknown
Iron,CP,unknown
Iron,EGLN1,unknown
Iron,FEN1,unknown
Iron,FTH1,unknown
Iron,FXN,unknown
Iron,HBA1,activator
Iron,HDAC8,cofactor
Iron,NEIL1,unknown
Iron,NEIL2,unknown
Iron,POLB,unknown
Iron,TF,unknown
Iron,TFRC,unknown
Iron (III) oxide adipate,SLC22A8,inhibitor
Iron Dextran,FTH1,other
Iron Dextran,FTL,other
Iron Dextran,HBA1,activator
Iron Dextran,HBB,activator
Irosustat,CA2,unknown
Irosustat,STS,inhibitor
Iroxanadine,HSPA1A,modulator
Iroxanadine,HSPA1B,modulator
Isatin,MAOB,inhibitor
Isatoribine,TLR7,agonist
Isavuconazole,CACNA1C,inhibitor
Isavuconazole,KCNA5,inhibitor
Isavuconazole,KCND3,inhibitor
Isavuconazole,KCNH2,inhibitor
Isavuconazole,KCNJ11,inhibitor
Isavuconazole,KCNJ6,inhibitor
Isavuconazole,KCNJ9,inhibitor
Isavuconazole,KCNQ1,inhibitor
Isavuconazole,SCN5A,inhibitor
Isoamyl alcohol,REN,inhibitor
Isobutyric acid,FFAR2,agonist
Isocarboxazid,MAOA,inhibitor
Isocarboxazid,MAOB,inhibitor
Isocitric Acid,ACO2,unknown
Isocitric Acid,IDH1,unknown
Isocitric Acid,IDH2,unknown
Isoconazole,CYP17A1,inhibitor
Isocyanomethane,MB,unknown
Isoetharine,ADRB1,agonist
Isoetharine,ADRB2,agonist
Isoflavone,PPARA,agonist
Isoflavone,PPARG,agonist
Isoflurane,ATP2C1,inhibitor
Isoflurane,ATP5F1D,unknown
Isoflurane,CALM3,other/unknown
Isoflurane,CHRNA4,antagonist
Isoflurane,CHRNB2,antagonist
Isoflurane,GABRA1,agonist
Isoflurane,GABRQ,positive allosteric modulator
Isoflurane,GLRA1,agonist
Isoflurane,GRIA1,antagonist
Isoflurane,KCNA1,inducer
Isoflurophate,ACHE,inhibitor
Isoflurophate,BCHE,inhibitor
Isoflurophate,TF,unknown
Isoformononetin,ALDH2,inhibitor
Isoleucine,ACADSB,unknown
Isoleucine,BCAT1,unknown
Isoleucine,BCAT2,unknown
Isoleucine,IARS1,unknown
Isoleucine,IARS2,unknown
Isometheptene,ADRA1A,agonist
Isometheptene,SLC18A2,inhibitor
Isonicotinic acid,HCAR2,inhibitor
Isopentyl Pyrophosphate,FDPS,inhibitor
Isoprenaline,ADRB1,agonist
Isoprenaline,ADRB2,agonist
Isoprenaline,ADRB3,agonist
Isoprenaline,IL12B,modulator
Isoprenaline,SOD1,stabilization
Isopropamide,CHRM3,antagonist
Isopropamide,CHRM4,antagonist
Isopropyl alcohol,GCH1,inhibitor
Isopropyl alcohol,HMOX1,inhibitor
Isopropyl alcohol,NOS3,inhibitor
Isopropyl alcohol,NR1H2,inhibitor
Isopropyl alcohol,PLA2G2A,inhibitor
Isopropyl alcohol,TNF,inhibitor
Isoquercetin,ACE,inhibitor
Isoquercetin,AKR1B1,inhibitor
Isorhamnetin,CYP1B1,inhibitor
Isosorbide,GUCY1B2,activator
Isosorbide dinitrate,NPR1,agonist
Isosorbide mononitrate,GUCY1A2,activator
Isospaglumic acid,GRM3,agonist
Isothipendyl,HRH1,antagonist
Isotretinoin,RARA,agonist;other/unknown
Isotretinoin,RARG,agonist
Ispinesib,KIF11,inhibitor
Ispronicline,CHRNA4,modulator
Ispronicline,CHRNB2,modulator
Isradipine,CACNA1C,inhibitor
Isradipine,CACNA1D,inhibitor
Isradipine,CACNA1H,inhibitor
Isradipine,CACNA1S,inhibitor
Isradipine,CACNA2D1,inhibitor
Isradipine,CACNA2D2,inhibitor
Isradipine,CACNB2,inhibitor
Istaroxime,ATP1A1,inhibitor
Istaroxime,ATP1A2,inhibitor
Istaroxime,ATP1A3,inhibitor
Istaroxime,ATP1B1,inhibitor
Istaroxime,ATP1B2,inhibitor
Istaroxime,ATP1B3,inhibitor
Istaroxime,ATP2A2,unknown
Istradefylline,ADORA1,antagonist
Istradefylline,ADORA2A,antagonist
Itacitinib,JAK1,inhibitor
Itacitinib,JAK2,inhibitor
Itacnosertib,ACVR1,inhibitor
Itacnosertib,TGFBR1,inhibitor
Itameline,CHRM1,agonist
Itanapraced,APH1A,modulator
Itanapraced,APH1B,modulator
Itanapraced,NCSTN,modulator
Itanapraced,PSEN1,modulator
Itanapraced,PSENEN,modulator
Itopride,ACHE,inhibitor
Itopride,DRD2,unknown
Itriglumide,CCKBR,antagonist
Iturelix,GNRHR,antagonist
Ivabradine,HCN2,inhibitor
Ivacaftor,CFTR,potentiator
Ivarmacitinib,JAK1,inhibitor
Ivosidenib,IDH1,inhibitor
Ixabepilone,TUBB3,inhibitor
Ixazomib,PSMB5,inhibitor
Izilendustat,EGLN1,inhibitor
Izonsteride,SRD5A1,modulator
Izonsteride,SRD5A2,modulator
JAB-3068,PTPN11,inhibitor
JNJ-17216498,HRH3,antagonist
JNJ-27390467,TPSB2,unknown
JNJ-28312141,FLT3,inhibitor
JNJ-28312141,KIT,inhibitor
JNJ-28312141,LCK,inhibitor
JNJ-28312141,NTRK3,inhibitor
JNJ-37822681,DRD2,antagonist
JNJ-38877605,MET,inhibitor
JNJ-39220675,HRH3,antagonist
JNJ-39393406,CHRNA7,modulator
JNJ-40411813,GRM2,modulator
JNJ-42165279,FAAH,inhibitor
JNJ-54175446,P2RX7,antagonist
JQ1,BRD4,inhibitor
JQ1,BRDT,inhibitor
JTC-801 free base,OPRL1,antagonist
Jaspisamide A,ACTA1,unknown
K-00546,ABL2,unknown
K-00546,CAMK4,unknown
K-00546,CDK1,inhibitor
K-00546,CDK2,inhibitor
K-00546,CLK3,unknown
K-00546,CSNK1G3,unknown
K-00546,FLT1,inhibitor
K-00546,SLK,unknown
K-252a,MAP2K1,unknown
K-252a,MET,unknown
K201 free base,ANXA5,unknown
KAI-1455,PRKCE,unknown
KAND567,CX3CR1,unknown
KB-141,THRA,unknown
KB-141,THRB,unknown
KB002,CSF2,unknown
KB002,CSF2RA,unknown
KB3305,NR3C1,inhibitor
KC706,MAPK11,unknown
KC706,MAPK12,unknown
KC706,MAPK13,unknown
KC706,MAPK14,unknown
KD3010,PPARD,unknown
KD7040,NOS2,unknown
KH064,PLA2G2A,inhibitor
KIN-3248,FGFR2,inhibitor
KIN-3248,FGFR3,inhibitor
KOS-2187,MLN,unknown
KOS-2187,MLNR,agonist
KW-2450 free base,IGF1R,inhibitor
KW-2450 free base,INSR,inhibitor
KW-6356,ADORA2A,antagonist
KX-2361,SRC,inhibitor
Kabiramide C,ACTA1,unknown
Kaempherol,AKR1B1,inhibitor
Kaempherol,ALOX15,inhibitor
Kaempherol,ALOX5,inhibitor
Kaempherol,AR,inhibitor
Kaempherol,CYP1B1,inhibitor
Kaempherol,GLO1,inhibitor
Kaempherol,HSD17B1,inhibitor
Kaempherol,UGT3A1,unknown
Kappadione,F10,agonist
Kappadione,F2,agonist
Kappadione,F7,agonist
Kappadione,F9,agonist
Kappadione,GGCX,agonist
Kappadione,PROC,agonist
Kappadione,PROS1,agonist
Kelatorphan,ANPEP,inhibitor
Kelatorphan,ENPEP,inhibitor
Kelatorphan,LTA4H,unknown
Ketamine,BCHE,inhibitor
Ketamine,CHRM5,binder
Ketamine,CHRNA7,antagonist
Ketamine,DRD2,agonist;partial agonist
Ketamine,GRIN3A,antagonist
Ketamine,HTR1F,antagonist
Ketamine,HTR2C,antagonist
Ketamine,HTR3A,potentiator
Ketamine,NOS1,inhibitor
Ketamine,OPRD1,binder
Ketamine,OPRK1,agonist
Ketamine,OPRM1,binder
Ketamine,SLC6A2,inhibitor
Ketamine,TACR1,antagonist
Ketanserin,HTR2A,inverse agonist
Ketazolam,GABRG3,ligand
Ketazolam,GABRQ,positive allosteric modulator
Ketobemidone,GRIN3B,antagonist
Ketobemidone,OPRD1,agonist
Ketobemidone,OPRK1,agonist
Ketobemidone,OPRM1,agonist
Ketoconazole,AR,binder
Ketoconazole,CYP17A1,inhibitor
Ketoconazole,CYP21A2,inhibitor
Ketoconazole,KCNH2,inhibitor
Ketoconazole,NR1I2,antagonist
Ketoconazole,NR1I3,antagonist
Ketodarolutamide,AR,antagonist
Ketoprofen,CXCR1,other
Ketoprofen,PTGS1,inhibitor
Ketoprofen,PTGS2,inhibitor
Ketorolac,PTGS1,inhibitor
Ketorolac,PTGS2,inhibitor
Ketotifen,HRH1,antagonist
Ketotifen,PGD,inhibitor
Kifunensine,MAN1B1,unknown
Kifunensine,MAN2A1,unknown
Kojic acid,TYR,inhibitor
Kynurenic Acid,AHR,unknown
Kynurenic Acid,GPR35,unknown
Kynurenic Acid,GRIN1,inhibitor
Kynurenic Acid,GRIN2A,inhibitor
Kynurenic Acid,GRIN2B,inhibitor
L-2-amino-3-butynoic acid,CTH,unknown
L-377202,TOP2A,modulator
L-377202,TOP2B,modulator
"L-709,587",FKBP1A,inhibitor
L-778123,FNTA,modulator
L-778123,FNTB,modulator
L-778123,PGGT1B,modulator
L-Alpha-Glycerophosphorylserine,ANXA5,unknown
L-Baclofen,GABBR1,agonist
L-Dilinoleoyllecithin,PCTP,unknown
L-Eflornithine,ODC1,unknown
L-Glutamine,CTPS1,antagonist;substrate
L-Glutamine,GLUL,product of
L-Glutamine,PPAT,substrate
L-Myo-Inositol-1-Phosphate,IMPA1,unknown
L-Phospholactate,PKM,unknown
L-Saccharopine,AASS,unknown
L-cysteic acid,CDC25B,inhibitor
L-cysteic acid,CTSL,inhibitor
L-cysteic acid,GLIPR2,unknown
L-cysteic acid,PTPN1,inhibitor
L-homoarginine,NOS3,inhibitor
L-methionine (R)-S-oxide,APP,inhibitor
L-methionine (S)-S-oxide,RAB5A,unknown
L-thioproline,ANXA5,unknown
L-tyrosinamide,BPHL,unknown
L-tyrosinamide,NPY,unknown
LAX-101,CASP1,unknown
LAX-101,PLD1,unknown
LB-100,PPP2CA,inhibitor
LCL-161,BIRC2,modulator
LCL-161,BIRC3,modulator
LCL-161,BIRC5,modulator
LCL-161,BIRC7,modulator
LCL-161,NAIP,modulator
LCL-161,XIAP,modulator
LFA703,ITGAL,inhibitor
LG-100268,RARA,agonist
LG-100268,RXRB,unknown
LGD-1550,JUN,unknown
LGD-1550,RARA,unknown
LGD-1550,RARB,unknown
LGD-1550,RARG,unknown
LGD-2226,AR,inhibitor
LGD-6972,GCGR,antagonist
LGD2941,AR,modulator
LGH-447,PIM2,modulator
LI-301,HTR1A,unknown
LI-301,OPRM1,unknown
LJP 1082,APOH,unknown
LNS-8801,GPER1,agonist
LX-2931,SGPL1,inhibitor
LX1031,TPH1,unknown
LY-2090314,GSK3A,modulator
LY-2090314,GSK3B,modulator
LY-2300559,CYSLTR1,modulator
LY-2300559,GRM2,modulator
LY-2334737,RRM2,modulator
LY-2599506,GCK,inhibitor
LY-2608204,CHEK1,inhibitor
LY-2608204,GCK,activator
LY-2623091,NR3C2,antagonist
LY-2624803,HRH1,modulator
LY-2874455,FGFR2,modulator
LY-2881835,FFAR1,modulator
LY-294002,PIK3CG,inhibitor
LY-294002,PIM1,unknown
LY-3023414,MTOR,modulator
LY-3023414,PIK3CA,modulator
LY-3200882,TGFBR1,inhibitor
LY-377604,ADRB3,agonist
LY-517717,F10,inhibitor
LY-518674,PPARA,agonist
LY2275796,EIF4E,unknown
LY249543,MTHFD1,unknown
LY374571,MTHFD1,unknown
Labetalol,ADRA1D,antagonist
Labetalol,ADRB1,antagonist
Labetalol,ADRB2,antagonist
Labradimil,BDKRB2,agonist
Lacidipine,CACNA1A,antagonist
Lacosamide,DPYSL2,modulator
Lacosamide,SCN10A,blocker
Lacosamide,SCN11A,inhibitor
Lacosamide,SCN3A,blocker
Lacosamide,SCN9A,blocker
Lactose,GLB1,unknown
Lactose,GLT6D1,unknown
Lactose,GLTP,unknown
Lactose,LGALS3,unknown
Ladostigil,ACHE,inhibitor
Ladostigil,MAOA,inhibitor
Ladostigil,MAOB,inhibitor
Laduviglusib,CDK1,inhibitor
Laduviglusib,GSK3A,inhibitor
Laduviglusib,GSK3B,inhibitor
Laduviglusib,MAPK1,inhibitor
Laevulinic Acid,ALAD,inhibitor
Lamifiban,ITGA2B,modulator
Lamifiban,ITGB3,modulator
Lamotrigine,ADORA1,inhibitor
Lamotrigine,ADORA2A,inhibitor
Lamotrigine,ADRA1A,inhibitor
Lamotrigine,ADRA2A,inhibitor
Lamotrigine,ADRB1,inhibitor
Lamotrigine,CACNA1E,inhibitor
Lamotrigine,CHRNA1,inhibitor
Lamotrigine,DRD2,agonist;inhibitor
Lamotrigine,DRD5,inhibitor
Lamotrigine,GABRG3,inhibitor
Lamotrigine,GABRQ,antagonist;inducer
Lamotrigine,GRIA1,inhibitor
Lamotrigine,HRH1,antagonist
Lamotrigine,HTR2A,inhibitor
Lamotrigine,HTR3A,inhibitor
Lamotrigine,OPRK1,inhibitor
Lamotrigine,SCN11A,blocker
Lamotrigine,SCN9A,inhibitor
Landiolol,ADRB1,antagonist
Landiolol,ADRB2,antagonist
Landipirdine,HTR2A,antagonist
Landipirdine,HTR6,antagonist
Lanepitant,TACR1,antagonist
Lanifibranor,PPARA,agonist
Lanifibranor,PPARD,agonist
Lanifibranor,PPARG,agonist
Laniquidar,ABCB4,modulator
Lanosterol,LSS,unknown
Lanperisone,SCN4A,modulator
Lanraplenib,SYK,inhibitor
Lanreotide,SSTR2,agonist
Lanreotide,SSTR5,agonist
Lansoprazole,ATP4A,inhibitor
Lansoprazole,MAPT,binder
Lapachone,RBP3,unknown
Lapachone,TOP1,modulator
Lapatinib,EEF2K,inhibitor
Lapatinib,EGFR,antagonist
Lapatinib,ERBB2,antagonist
Laquinimod,CXCL2,modulator
Laquinimod,NFKB1,modulator
Laquinimod,NFKB2,modulator
Laquinimod,REL,modulator
Laquinimod,RELA,modulator
Laquinimod,RELB,modulator
Larazotide,HP,modulator
Laropiprant,HMGCR,inhibitor
Laropiprant,PTGDR,inhibitor
Laropiprant,PTGDR2,inhibitor
Laropiprant,PTGER2,inhibitor
Laropiprant,PTGFR,inhibitor
Laropiprant,PTGIR,inhibitor
Laropiprant,TBXA2R,inhibitor
Larotrectinib,NTRK1,inhibitor
Larotrectinib,NTRK2,inhibitor
Larotrectinib,NTRK3,inhibitor
Lasmiditan,HTR1F,agonist
Lasofoxifene,CNR2,inverse agonist
Lasofoxifene,ESR1,antagonist;agonist;negative modulator
Lasofoxifene,ESR2,agonist
Latanoprost,PTGFR,agonist
Latanoprostene bunod,PTGFR,agonist
Latrepirdine,HRH1,inhibitor
Latrepirdine,HTR6,inhibitor
Latrunculin A,ACTA1,inhibitor
Latrunculin A,GSN,unknown
Latrunculin B,ACTA1,unknown
Latrunculin B,MRTFA,unknown
Latrunculin B,SPIRE2,unknown
Lauric acid,ADH5,unknown
Lauric acid,C8G,unknown
Lauric acid,GLTP,unknown
Lauric acid,GM2A,unknown
Lauric acid,HNF4A,unknown
Lauric acid,LTF,inhibitor
Lauric acid,LY96,unknown
Lauric acid,PLA2G2A,inhibitor
Lauric acid,PLA2G2D,unknown
Lauric acid,PPARA,unknown
Lauric acid,TLR4,inhibitor
Lauric acid,VLDLR,unknown
Lauryl alcohol diphosphonic acid,FDPS,inhibitor
Lauryl alcohol diphosphonic acid,GGPS1,unknown
Lavendustin A,EGFR,inhibitor
Lavendustin A,LCK,inhibitor
Lavoltidine,HRH2,antagonist
Lazabemide,MAOB,inhibitor
Lazertinib,EGFR,inhibitor
Lazucirnon,CCR3,inhibitor
Lecimibide,CES1,modulator
Lecozotan,HTR1A,antagonist
Lecozotan,HTR1F,regulator
Leflunomide,AHR,agonist
Leflunomide,DHODH,inhibitor
Leflunomide,PTK2B,antagonist
Lefradafiban,ITGA2B,modulator
Lefradafiban,ITGB3,modulator
Lemborexant,HCRTR1,antagonist
Lemborexant,HCRTR2,antagonist
Lenabasum,TNF,inhibitor
Lenalidomide,CDH5,antagonist
Lenalidomide,CRBN,inhibitor
Lenalidomide,PTGS2,negative modulator
Lenalidomide,TNF,inhibitor
Lenalidomide,TNFSF11,inhibitor
Leniolisib,PIK3CD,inhibitor
Lensiprazine,DRD2,inhibitor
Lenvatinib,FGFR1,inhibitor
Lenvatinib,FGFR2,inhibitor
Lenvatinib,FGFR3,inhibitor
Lenvatinib,FGFR4,inhibitor
Lenvatinib,FLT1,inhibitor
Lenvatinib,FLT4,inhibitor
Lenvatinib,KDR,inhibitor
Lenvatinib,KIT,inhibitor
Lenvatinib,PDGFRA,inhibitor
Lenvatinib,RET,inhibitor
Leptin,LEPR,unknown
Lercanidipine,CACNA2D1,blocker
Lercanidipine,CACNG1,inhibitor
Lergotrile,HTR6,agonist
Leriglitazone,PPARG,agonist
Lerociclib,CDK4,inhibitor
Lerociclib,CDK6,inhibitor
Lesinurad,SLC22A11,inhibitor
Lesinurad,SLC22A12,inhibitor
Lesogaberan,GABBR1,modulator
Lesogaberan,GABBR2,modulator
Lesopitron,HTR1A,unknown
Lestaurtinib,FLT3,modulator
Letaxaban,F10,inhibitor
Letrozole,CYP19A1,antagonist
Leucine,BCAT1,unknown
Leucine,BCAT2,unknown
Leucine,LARS1,unknown
Leucine,LARS2,unknown
Leucine,LCMT1,unknown
Leucine,LCMT2,unknown
Leucine - Reduced Carbonyl,SPINK6,unknown
Leucine Phosphonic Acid,LAP3,unknown
Leucovorin,DHFR,modulator
Leucovorin,SLC46A1,modulator
Leukotriene B4,LTB4R,agonist
Leukotriene B4,LTB4R2,inhibitor
Leukotriene B4,PPARA,activator
Leukotriene C4,ABCC1,unknown
Leukotriene C4,CYSLTR1,agonist
Leukotriene C4,CYSLTR2,agonist
Leukotriene D4,CYSLTR1,agonist
Leukotriene D4,CYSLTR2,agonist
Levacetylmethadol,CHRNA3,antagonist
Levacetylmethadol,CHRNB4,other/unknown
Levacetylmethadol,OPRM1,agonist
Levallorphan,CHRNA2,antagonist
Levallorphan,OPRM1,partial agonist
Levamisole,ALPG,inhibitor
Levamisole,ALPL,inhibitor
Levamisole,CHRNA3,agonist
Levamlodipine,CACNA1C,antagonist
Levamlodipine,CACNA1D,antagonist
Levamlodipine,NOS2,agonist
Levamlodipine,NOS3,agonist
Levetiracetam,CACNA1B,inhibitor
Levetiracetam,HTR3A,antagonist
Levetiracetam,SV2A,agonist
Levobetaxolol,ADRB1,antagonist
Levobunolol,ADRB1,antagonist
Levobunolol,ADRB2,antagonist
Levobupivacaine,SCN10A,inhibitor
Levocabastine,HRH1,antagonist
Levocabastine,NTSR2,partial antagonist
Levocarnitine,CES1,unknown
Levocarnitine,CPT1A,activator
Levocarnitine,CPT1B,activator
Levocarnitine,CPT2,unknown
Levocarnitine,CRAT,unknown
Levocarnitine,CROT,unknown
Levocarnitine,MPO,unknown
Levocarnitine,SLC22A4,unknown
Levocarnitine,SLC22A5,unknown
Levocarnitine,SLC25A20,unknown
Levocarnitine,SLC25A29,unknown
Levocarnitine,XDH,unknown
Levocetirizine,HRH1,antagonist;inhibitor
Levodopa,DRD1,agonist
Levodopa,DRD2,agonist
Levodopa,DRD3,agonist
Levodopa,DRD4,agonist
Levodopa,DRD5,agonist
Levoketoconazole,CYP11A1,inhibitor
Levoketoconazole,CYP11B1,inhibitor
Levoketoconazole,CYP11B2,inhibitor
Levoketoconazole,CYP17A1,inhibitor
Levoketoconazole,CYP51A1,inhibitor
Levomenthol,CACNA1A,antagonist
Levomenthol,OPRK1,agonist
Levomenthol,TRPA1,inhibitor;inducer
Levomenthol,TRPM8,inducer
Levomenthol,TRPV3,inducer
Levomilnacipran,SLC6A2,inhibitor
Levomilnacipran,SLC6A4,inhibitor
Levonordefrin,ADRA1A,inhibitor
Levonordefrin,ADRA1B,inhibitor
Levonordefrin,ADRA1D,inhibitor
Levonordefrin,ADRA2C,agonist
Levonorgestrel,AR,binder
Levonorgestrel,ESR1,other/unknown
Levonorgestrel,NR3C1,binder
Levonorgestrel,PGR,modulator
Levonorgestrel,SHBG,inhibitor;binder
Levonorgestrel,SRD5A1,inhibitor
Levopropoxyphene,OPRM1,modulator
Levorphanol,OPRD1,agonist
Levorphanol,OPRK1,agonist
Levorphanol,OPRM1,agonist
Levosalbutamol,ADRB2,agonist
Levosimendan,KCNJ11,inducer
Levosimendan,KCNJ8,inducer
Levosimendan,PDE3A,inhibitor
Levosimendan,TNNC1,potentiator
Levosulpiride,DRD2,antagonist
Levothyroxine,ITGAV,binder
Levothyroxine,ITGB3,binder
Levothyroxine,THRA,agonist
Levothyroxine,THRB,agonist
Lexacalcitol,VDR,agonist
Lexibulin,TUBA1A,unknown
Lexibulin,TUBA1B,unknown
Lexibulin,TUBA1C,unknown
Lexibulin,TUBA3D,unknown
Lexibulin,TUBA3E,unknown
Lexibulin,TUBA4A,unknown
Lexibulin,TUBA4B,unknown
Lexibulin,TUBB,unknown
Lexibulin,TUBB1,unknown
Lexibulin,TUBB2A,unknown
Lexibulin,TUBB2B,unknown
Lexibulin,TUBB3,unknown
Lexibulin,TUBB4A,unknown
Lexibulin,TUBB4B,unknown
Lexibulin,TUBB6,unknown
Lexipafant,PTAFR,modulator
Liarozole,CYP19A1,inhibitor
Liarozole,CYP26A1,inhibitor
Licochalcone A,PTPN1,inhibitor
Licofelone,ALOX5,inhibitor
Licofelone,PLA2G2E,unknown
Licofelone,PTGS2,unknown
Licogliflozin,SLC5A1,inhibitor
Licogliflozin,SLC5A2,inhibitor
Licostinel,F2,inhibitor
Lidocaine,EGFR,antagonist
Lidocaine,ORM1,unknown
Lidocaine,ORM2,unknown
Lidocaine,SCN10A,inhibitor
Lidocaine,SCN11A,blocker
Lidocaine,SCN4A,unknown
Lidocaine,SCN5A,inhibitor
Lidocaine,SCN9A,inhibitor
Lidoflazine,SCN3A,inhibitor
Lidoflazine,SLC29A1,inhibitor
Lidorestat,AKR1B1,inhibitor
Lificiguat,EZH2,inhibitor
Lificiguat,GUCY1A1,activator
Lificiguat,GUCY1B1,activator
Lificiguat,HIF1A,inhibitor
Lifirafenib,BRAF,inhibitor
Lifitegrast,ICAM1,inhibitor
Lifitegrast,ITGAL,antagonist
Ligandrol,AR,antagonist;agonist
Limaprost,PTGER1,agonist
Limaprost,PTGER2,agonist
Limaprost,PTGER3,agonist
Limaprost,PTGER4,unknown
Linaclotide,GUCY2C,agonist
Linagliptin,DPP4,inhibitor
Linaprazan,ATP4A,modulator
Linaprazan,ATP4B,modulator
Lindane,ESR1,antagonist
Lindane,GABRB1,antagonist
Lindane,GABRB3,antagonist
Lindane,GABRR1,antagonist
Lindane,GLRA1,antagonist
Lindane,GLRA2,antagonist
Lindane,GLRA3,antagonist
Lindane,GLRB,antagonist
Lindane,NR1I2,activator
Lindane,PGR,antagonist
Linerixibat,SLC10A2,modulator
Linetastine,ALOX5,inhibitor
Linetastine,PRKCB,inhibitor
Linifanib,CSF1R,unknown
Linifanib,FLT1,unknown
Linifanib,FLT3,unknown
Linifanib,FLT4,modulator
Linifanib,KDR,unknown
Linifanib,KIT,unknown
Linoleic acid,FABP4,inhibitor
Linopirdine,KCNQ3,modulator
Linotroban,TBXA2R,antagonist
Linrodostat,IDO1,inhibitor
Linsitinib,IGF1R,inhibitor
Linsitinib,INSR,inhibitor
Lintitript,CCKAR,antagonist
Lintopride,HTR4,modulator
Linzagolix,GNRHR,antagonist
Liothyronine,PCNA,antagonist
Liothyronine,THRA,agonist
Liothyronine,THRB,agonist
Liotrix,THRA,agonist
Liotrix,THRB,agonist
Lipoic acid,ACHE,inhibitor
Lipoic acid,LIAS,unknown
Lipoic acid,LIPT1,unknown
Lipoic acid,PTGS2,inhibitor
Lipoic acid,SLC5A6,unknown
Liposomal prostaglandin E1,GP1BA,unknown
Lipotecan,TOP1,inhibitor
Lirametostat,EZH2,inhibitor
Lirequinil,TSPO,agonist
Lirimilast,PDE4A,inhibitor
Lirimilast,PDE4B,inhibitor
Lirimilast,PDE4D,inhibitor
Lisaftoclax,BCL2,inhibitor
Lisdexamfetamine,TAAR1,agonist
Lisinopril,ACE,inhibitor
Lisinopril,REN,inhibitor
Lisuride,ADRA2A,other/unknown
Lisuride,ADRA2B,other/unknown
Lisuride,ADRA2C,other/unknown
Lisuride,DRD1,antagonist
Lisuride,DRD2,agonist
Lisuride,DRD3,agonist
Lisuride,DRD4,agonist
Lisuride,DRD5,antagonist
Lisuride,HTR1A,agonist
Lisuride,HTR1B,agonist
Lisuride,HTR1D,agonist
Lisuride,HTR2A,agonist
Lisuride,HTR2B,antagonist
Lisuride,HTR2C,agonist
Lisuride,HTR7,unknown
Lithium carbonate,GRIA3,unknown
Lithium carbonate,GSK3A,inhibitor
Lithium carbonate,GSK3B,unknown
Lithium carbonate,IMPA1,unknown
Lithium carbonate,IMPA2,unknown
Lithium cation,GRIA3,potentiator
Lithium cation,GSK3B,inhibitor
Lithium cation,IMPA1,inhibitor
Lithium cation,IMPA2,inhibitor
Lithium chloride,GSK3A,inhibitor
Lithium citrate,GRIA3,unknown
Lithium citrate,GSK3B,unknown
Lithium citrate,IMPA1,unknown
Lithium citrate,IMPA2,unknown
Lithium succinate,GRIA3,unknown
Lithium succinate,GSK3B,unknown
Lithium succinate,IMPA1,unknown
Lithium succinate,IMPA2,unknown
Litoxetine,SLC6A4,modulator
Litronesib,KIF11,modulator
Lividomycin A,TERT,inhibitor
Lixivaptan,AVPR2,antagonist
Lixivaptan,HDC,inhibitor
Lobeglitazone,PPARA,agonist
Lobeglitazone,PPARG,activator
Lobeline,CHRNA10,unknown
Lobeline,CHRNA7,unknown
Lobeline,CHRNA9,unknown
Lobeline,SLC18A2,inhibitor
Locnartecan,TOP1,inhibitor
Lofentanil,OPRD1,inhibitor
Lofentanil,OPRK1,inhibitor
Lofentanil,OPRM1,inhibitor
Lofexidine,ADRA1A,agonist
Lofexidine,ADRA2A,agonist
Lofexidine,HTR1A,agonist
Lofexidine,HTR1D,agonist
Lofexidine,HTR2C,agonist
Lofexidine,HTR7,agonist
Lomefloxacin,TOP2A,inhibitor
Lomefloxacin,TOP2B,inhibitor
Lomerizine,ABCB1,inhibitor
Lomerizine,CACNA1B,inhibitor
Lomerizine,SCN5A,inhibitor
Lomitapide,MTTP,inhibitor
Lomustine,STMN4,antagonist
Lonafarnib,FNTA,inhibitor
Lonafarnib,FNTB,inhibitor
Lonaprisan,AR,inhibitor
Lonaprisan,NR3C1,inhibitor
Lonaprisan,PGR,inhibitor
Londamocitinib,JAK1,inhibitor
Londamocitinib,JAK2,inhibitor
Londamocitinib,JAK3,inhibitor
Lonidamine,CFTR,unknown
Lonidamine,HK1,unknown
Loperamide,CACNA1A,blocker
Loperamide,CALM3,inhibitor
Loperamide,KCNH2,blocker
Loperamide,OPRD1,agonist
Loperamide,OPRK1,agonist
Loperamide,OPRM1,agonist
Loperamide,POMC,modulator
Loprazolam,GABRG3,ligand
Loprazolam,GABRQ,positive allosteric modulator
Loratadine,HRH1,antagonist
Loratadine,KCNH2,antagonist
Lorazepam,GABRG3,ligand
Lorazepam,GABRQ,positive allosteric modulator
Lorazepam,TSPO,modulator
Lorcaserin,HTR2C,agonist
Lorlatinib,ALK,inhibitor
Lorlatinib,FER,unknown
Lorlatinib,FES,inhibitor
Lorlatinib,NTRK1,inhibitor
Lorlatinib,NTRK2,inhibitor
Lorlatinib,NTRK3,inhibitor
Lorlatinib,PTK2,inhibitor
Lorlatinib,PTK2B,inhibitor
Lorlatinib,ROS1,inhibitor
Lorlatinib,STYK1,inhibitor
Lorlatinib,TNK2,inhibitor
Lormetazepam,GABRG3,ligand
Lormetazepam,GABRQ,positive allosteric modulator
Lornoxicam,PTGS1,inhibitor
Lornoxicam,PTGS2,inhibitor
Lorpiprazole,ADRA1D,antagonist
Lorpiprazole,ADRA2C,antagonist
Lorpiprazole,HRH1,antagonist
Lorpiprazole,HTR2A,antagonist
Lorpiprazole,HTR2C,antagonist
Lorpiprazole,SLC6A4,antagonist
Losartan,AGTR1,antagonist
Losartan,EPOR,stimulator
Losmapimod,MAPK14,inhibitor
Losoxantrone,TOP2A,modulator
Losoxantrone,TOP2B,modulator
Loteprednol,NR3C1,agonist
Loteprednol etabonate,ESRRA,modulator
Loteprednol etabonate,ESRRB,modulator
Loteprednol etabonate,ESRRG,modulator
Loteprednol etabonate,NR3C1,agonist
Lotiglipron,GLP1R,agonist
Lotrafiban,ITGA2B,modulator
Lotrafiban,ITGB3,modulator
Lovastatin,HDAC2,inhibitor
Lovastatin,HMGCR,inhibitor
Lovastatin,ITGAL,inhibitor
Loxapine,ADRA1A,binder
Loxapine,ADRA1B,binder
Loxapine,ADRA2A,binder
Loxapine,ADRA2B,binder
Loxapine,ADRA2C,binder
Loxapine,ADRB1,binder
Loxapine,CHRM1,binder
Loxapine,CHRM2,binder
Loxapine,CHRM3,binder
Loxapine,CHRM4,binder
Loxapine,CHRM5,binder
Loxapine,DRD1,antagonist
Loxapine,DRD2,antagonist
Loxapine,DRD3,binder
Loxapine,DRD4,binder
Loxapine,DRD5,binder
Loxapine,HRH1,binder
Loxapine,HRH2,binder
Loxapine,HRH4,binder
Loxapine,HTR1A,binder
Loxapine,HTR1B,binder
Loxapine,HTR1D,binder
Loxapine,HTR1E,binder
Loxapine,HTR2A,antagonist
Loxapine,HTR2C,antagonist
Loxapine,HTR3A,binder
Loxapine,HTR5A,binder
Loxapine,HTR6,binder
Loxapine,HTR7,binder
Loxapine,SLC6A2,binder
Loxapine,SLC6A3,binder
Loxapine,SLC6A4,binder
Loxoprofen,PTGS1,antagonist
Loxoprofen,PTGS2,antagonist
Loxoribine,TLR7,agonist
Lpc-Ether,GM2A,unknown
Lpc-Ether,PLA2G1B,inhibitor
Lubazodone,HTR2A,inhibitor
Lubazodone,SLC6A4,inhibitor
Lubeluzole,SCN5A,inhibitor
Lubiprostone,CLCN2,inducer
Lucanthone,APEX1,inhibitor
Lucanthone,TOP1,inhibitor
Lucanthone,TOP2A,inhibitor
Lucanthone,TOP2B,inhibitor
Lucitanib,FGFR1,inhibitor
Lucitanib,FGFR2,inhibitor
Lucitanib,FGFR3,inhibitor
Lucitanib,FLT1,inhibitor
Lucitanib,FLT4,inhibitor
Lucitanib,KDR,inhibitor
Lucitanib,PDGFRA,inhibitor
Lucitanib,PDGFRB,inhibitor
Lufironil,P4HA1,modulator
Lumacaftor,CFTR,modulator
Lumateperone,DRD1,partial agonist
Lumateperone,DRD2,partial agonist
Lumateperone,HTR2A,antagonist
Lumateperone,SLC6A4,inhibitor
Lumefantrine,ATP1A1,binder
Lumichrome,BLVRB,unknown
Lumiracoxib,PTGS1,inhibitor
Lumiracoxib,PTGS2,inhibitor
Lunacalcipol,CYP24A1,unknown
Lunacalcipol,VDR,unknown
Lupeol,ELANE,inhibitor
Lupeol,TOP2A,inhibitor
Lupeol,TOP2B,inhibitor
Luprostiol,AR,inhibitor
Lurasidone,ADRA2A,antagonist
Lurasidone,ADRA2C,antagonist
Lurasidone,DRD2,antagonist
Lurasidone,HTR1A,antagonist
Lurasidone,HTR2A,antagonist
Lurasidone,HTR7,antagonist
Lurtotecan,TOP1,inhibitor
Lusutrombopag,MPL,agonist
Luteolin,LPCAT1,inhibitor
Luteolin,LPCAT2,inhibitor
Luteolin,STAT3,inhibitor
Luteolin,TOP1,inhibitor
Lutetium Lu 177 dotatate,SSTR1,agonist
Lutetium Lu 177 dotatate,SSTR2,agonist
Lutetium Lu 177 dotatate,SSTR3,agonist
Lutetium Lu 177 dotatate,SSTR4,agonist
Lutetium Lu 177 dotatate,SSTR5,agonist
Luvadaxistat,DAO,inhibitor
Luvixasertib,TTK,inhibitor
Luxdegalutamide,AR,degradation
Luxeptinib,BTK,inhibitor
Lypressin,AVPR1A,unknown
Lypressin,AVPR1B,unknown
Lypressin,AVPR2,unknown
Lysergic acid diethylamide,HTR1A,inhibitor
Lysergic acid diethylamide,HTR2A,inhibitor
Lysergic acid diethylamide,HTR2B,agonist
Lysergic acid diethylamide,HTR6,unknown
Lysine,KARS1,unknown
Lysine,SLC7A1,unknown
Lysine,SLC7A2,unknown
Lysine,SLC7A3,unknown
Lysine,SLC7A4,unknown
Lysine Nz-Carboxylic Acid,CDK2,inhibitor
Lysophosphotidylserine,F2,unknown
M-2698,AKT1,inhibitor
M-2698,AKT3,inhibitor
M-2698,RPS6KB1,inhibitor
M-Cresol,INS,unknown
M0002,AVPR2,unknown
MAK-683,EED,inhibitor
MB-07803,FBP1,modulator
MB-07803,FBP2,modulator
MB07811,THRB,unknown
MBX-2982,GPR119,agonist
MCC,AIFM1,unknown
MDL72527,SMOX,inhibitor
MDX-214,EGFR,unknown
ME-344,MAPKAP1,inhibitor
ME-344,MTOR,inhibitor
MF-300,HPGD,inhibitor
MF101,ESR2,unknown
MF268,ACHE,inhibitor
MIV-701,CTSK,unknown
MIV-711,CTSK,inhibitor
MK-0249,HRH3,agonist
MK-0354,GPER1,unknown
MK-0354,HCAR2,inhibitor
MK-0668,ITGA4,inhibitor
MK-0668,ITGB1,inhibitor
MK-0731,KIF11,inhibitor
MK-0752,APH1A,inhibitor
MK-0752,APH1B,modulator
MK-0752,NCSTN,modulator
MK-0752,PSEN1,modulator
MK-0752,PSENEN,modulator
MK-0773,AR,modulator
MK-0812,CCR2,antagonist
MK-0873,PDE4A,inhibitor
MK-0873,PDE4B,inhibitor
MK-0873,PDE4D,inhibitor
MK-1496,PLK1,inhibitor
MK-212,HTR2C,modulator
MK-2206,AKT3,modulator
MK-2206,UBE2T,inhibitor
MK-3207,CALCRL,antagonist
MK-5108,AURKA,regulator
MK-5108,AURKB,inhibitor
MK-8719,OGA,inhibitor
MK-8776,CHEK1,inhibitor
MK-886,ALOX5,modulator
MK-886,ALOX5AP,inhibitor
MKC-1,CDK1,inhibitor
MKC-1,CDK2,inhibitor
MKC-1,CDK4,inhibitor
MLN-977,ALOX5,inhibitor
MLN0415,IKBKB,unknown
MLN3897,CCR1,unknown
MLN8054,AURKA,inhibitor
MM3122,TMPRSS2,inhibitor
MMDA,HTR2A,agonist
MMDA,MAOA,inhibitor
MMDA,MAOB,inhibitor
MMDA,SLC18A1,inhibitor
MMDA,SLC18A2,inhibitor
MMDA,SLC6A2,negative modulator
MMDA,SLC6A3,negative modulator
MMDA,SLC6A4,negative modulator
MMI-175,BACE1,unknown
MN-246,ADRB3,unknown
MOL-4239,STAT3,inhibitor
MPI-674,CYP19A1,unknown
MRK-409,GABRA2,modulator
MRK-409,GABRA3,modulator
MSX-122,CXCR4,antagonist;partial antagonist
Macimorelin,GHSR,agonist
Macitentan,EDNRA,antagonist
Macitentan,EDNRB,antagonist
Mafenide,CA12,inhibitor
Mafenide,CA14,inhibitor
Mafenide,CA2,inhibitor
Mafenide,CA4,inhibitor
Mafenide,CA6,antagonist
Magnesium acetate,ATP1A1,unknown
Magnesium acetate tetrahydrate,GRIN3B,ligand
Magnesium carbonate,GRIN3B,blocker
Magnesium cation,ATP1A1,unknown
Magnesium lactate,ATP1A1,unknown
Magnesium levulinate,ATP1A1,unknown
Magnesium salicylate,PTGS1,inhibitor
Magnesium salicylate,PTGS2,inhibitor
Magnesium sulfate,CACNA1A,inhibitor;blocker
Mahatinib,TNK2,inhibitor
Malathion,ACHE,inhibitor
Malathion,BCHE,inhibitor
Maleic acid,GOT1,unknown
Malonate Ion,SDF2,unknown
Malonic acid,SNRPA,unknown
Malonic acid,SRC,unknown
Maltose,AMY2B,unknown
Maltose,GAA,inhibitor
Maltose,GANAB,inhibitor
Maltose,GANC,inhibitor
Maltose,MGAM,inhibitor
Managlinat dialanetil,FBP1,unknown
Managlinat dialanetil,FBP2,modulator
Manganese cation,ARG1,cofactor
Manganese cation,GLUL,unknown
Manganese cation,IDH3A,cofactor
Manganese cation,IDH3G,cofactor
Manganese cation,PCK1,cofactor
Manganese cation,PPP1CC,cofactor
Manganese cation,SOD2,cofactor
Manganese cation,TAB1,unknown
Manidipine,CACNA1A,blocker
Manidipine,CACNA1C,inhibitor
Manidipine,CACNA1D,inhibitor
Manidipine,CACNA1G,inhibitor
Manidipine,CACNA1H,inhibitor
Manidipine,CACNA1I,inhibitor;blocker
Manifaxine,SLC6A2,modulator
Manifaxine,SLC6A3,modulator
Manitimus,DHODH,unknown
Mannose 6-phosphate,IGF2R,modulator
Mant-Adp,MYH14,unknown
Mapracorat,NR3C1,agonist
Maprotiline,ADRA1D,antagonist
Maprotiline,ADRA2C,antagonist
Maprotiline,CHRM1,antagonist
Maprotiline,CHRM2,antagonist
Maprotiline,CHRM3,antagonist
Maprotiline,CHRM4,antagonist
Maprotiline,CHRM5,antagonist
Maprotiline,DRD2,binder
Maprotiline,HRH1,antagonist
Maprotiline,HTR2A,binder
Maprotiline,HTR2C,binder
Maprotiline,HTR7,antagonist
Maprotiline,SLC6A2,inhibitor
Maralixibat,SLC10A1,inhibitor
Maralixibat,SLC10A2,inhibitor
Maraviroc,CCR5,antagonist;inhibitor
Mardepodect,PDE10A,inhibitor
Marimastat,MMP1,inhibitor
Marimastat,MMP10,antagonist
Marimastat,MMP11,antagonist
Marimastat,MMP12,inhibitor
Marimastat,MMP13,inhibitor
Marimastat,MMP14,inhibitor
Marimastat,MMP15,inhibitor
Marimastat,MMP16,inhibitor
Marimastat,MMP17,inhibitor
Marimastat,MMP19,inhibitor
Marimastat,MMP2,inhibitor
Marimastat,MMP20,inhibitor
Marimastat,MMP21,inhibitor
Marimastat,MMP23B,inhibitor
Marimastat,MMP24,inhibitor
Marimastat,MMP25,inhibitor
Marimastat,MMP26,inhibitor
Marimastat,MMP27,inhibitor
Marimastat,MMP28,inhibitor
Marimastat,MMP3,antagonist
Marimastat,MMP7,antagonist
Marimastat,MMP8,inhibitor
Marimastat,MMP9,inhibitor
Martinostat,HDAC1,inhibitor
Martinostat,HDAC2,inhibitor
Martinostat,HDAC3,inhibitor
Martinostat,HDAC4,inhibitor
Martinostat,HDAC5,inhibitor
Martinostat,HDAC6,inhibitor
Martinostat,HDAC7,inhibitor
Martinostat,HDAC8,inhibitor
Martinostat,HDAC9,inhibitor
Masilukast,CYSLTR1,modulator
Masitinib,SRC,inhibitor
Masoprocol,ALOX5,inhibitor
Masoprocol,ERBB2,modulator
Masoprocol,SHBG,unknown
Masoprocol,TRPM7,inhibitor
Matairesinol,DHRS4L2,unknown
Mavacamten,MYH7,inhibitory allosteric modulator
Mavatrep,TRPV1,antagonist
Mavoglurant,GRM5,modulator
Mavorixafor,CXCR4,antagonist;inhibitor
Mazapertine,ADRA1A,inhibitor
Mazapertine,ADRA1B,inhibitor
Mazapertine,ADRA1D,inhibitor
Mazapertine,ADRA2A,inhibitor
Mazapertine,ADRA2B,inhibitor
Mazapertine,ADRA2C,inhibitor
Mazapertine,DRD2,inhibitor
Mazapertine,DRD3,inhibitor
Mazapertine,HTR1A,inhibitor
Mazapertine,HTR2A,inhibitor
Mazindol,SLC18A2,unknown
Mazindol,SLC6A2,inhibitor
Mazindol,SLC6A3,inhibitor
Mazindol,SLC6A4,inhibitor
"Mdl 101,146",CELA1,inhibitor
"Mdl 101,146",ELANE,inhibitor
Mdl-29951,FBP1,unknown
Mdl-29951,FBP2,inhibitor
Mdl-29951,GRIN1,inhibitor
Mdl-29951,GRIN2A,inhibitor
Mdl-29951,GRIN2B,inhibitor
Mebendazole,TUBA1A,inhibitor
Mebendazole,TUBB4B,inhibitor
Mebeverine,CHRM5,antagonist
Mebhydrolin,HRH1,antagonist
Mebhydrolin,NR1H4,antagonist
Mebutamate,GABRG3,modulator
Mecamylamine,CHRNA2,antagonist
Mecamylamine,CHRNA4,antagonist
Mecamylamine,CHRNA7,antagonist
Mecamylamine,CHRNB2,antagonist
Meclinertant,NTSR1,antagonist
Meclizine,HRH1,antagonist
Meclizine,NR1I3,inverse agonist
Meclofenamic acid,ALOX5,inhibitor
Meclofenamic acid,KCNQ2,other
Meclofenamic acid,KCNQ3,other
Meclofenamic acid,PTGS1,inhibitor
Meclofenamic acid,PTGS2,inhibitor
Mecobalamin,MTR,cofactor
Medazepam,GABRG3,ligand
Medazepam,GABRQ,positive allosteric modulator
Medetomidine,ADRA1A,inhibitor
Medetomidine,ADRA1B,inhibitor
Medetomidine,ADRA1D,inhibitor
Medetomidine,ADRA2A,inhibitor
Medetomidine,ADRA2B,inhibitor
Medetomidine,ADRA2C,inhibitor
Medrogestone,PGR,ligand
Medroxyprogesterone acetate,ABCB1,inhibitor
Medroxyprogesterone acetate,ESR1,agonist
Medroxyprogesterone acetate,GABRQ,inhibitor
Medroxyprogesterone acetate,PGR,agonist
Medrysone,ESRRA,modulator
Medrysone,ESRRB,modulator
Medrysone,ESRRG,modulator
Medrysone,NR3C1,agonist
Mefenamic acid,PTGS1,inhibitor
Mefenamic acid,PTGS2,inhibitor
Mefloquine,ADORA2A,antagonist
Megestrol,PGR,binder
Megestrol acetate,NR3C1,agonist
Megestrol acetate,PGR,agonist
Meglutol,HMGCR,inhibitor
Melagatran,F10,inhibitor
Melagatran,F2,inhibitor
Melagatran,PLG,inhibitor
Melagatran,PRSS1,inhibitor
Melatonin,CALM3,antagonist
Melatonin,CALR,modulator
Melatonin,EPX,inhibitor
Melatonin,ESR1,antagonist
Melatonin,MPO,inhibitor
Melatonin,MTNR1A,agonist
Melatonin,MTNR1B,agonist
Melatonin,NQO2,inhibitor
Melatonin,RORB,agonist
Melogliptin,DPP4,inhibitor
Meloxicam,PTGS1,inhibitor
Meloxicam,PTGS2,inhibitor
Melperone,DRD2,antagonist
Meluadrine,ADRB2,modulator
Memantine,CHRNA7,antagonist
Memantine,DRD2,antagonist;agonist
Memantine,GABRQ,binder
Memantine,GRIN1,binder
Memantine,GRIN3B,antagonist
Memantine,HTR3A,antagonist
Menadione,AOX1,inhibitor
Menadione,BGLAP,agonist
Menadione,F2,activator
Menadione,F9,activator
Menadione,GGCX,cofactor
Menadione,NQO1,unknown
Menadione,NQO2,unknown
Menadione,PROC,activator
Menadione,PROS1,activator
Menadione,VKORC1,cofactor
Menadione,VKORC1L1,cofactor
Menthyl salicylate,PTGS1,antagonist
Menthyl salicylate,PTGS2,antagonist
Mepenzolate,CHRM1,antagonist
Mepenzolate,CHRM3,antagonist
Mepenzolate,CHRM5,antagonist
Meperidine,CES1,unknown
Meperidine,CHRM5,binder
Meperidine,GRIN1,antagonist
Meperidine,GRIN2A,antagonist
Meperidine,GRIN2B,antagonist
Meperidine,GRIN2C,antagonist
Meperidine,GRIN2D,antagonist
Meperidine,OPRK1,agonist
Meperidine,OPRM1,agonist
Meperidine,SLC6A2,inhibitor
Meperidine,SLC6A3,inhibitor
Meperidine,SLC6A4,binder
Mephentermine,ADRA2C,agonist
Mephentermine,ADRB3,agonist
Mephentermine,DRD2,agonist
Mephenytoin,NR1I2,activator
Mephenytoin,SCN5A,inhibitor
Mepindolol,ADRB3,modulator
Mepivacaine,SCN10A,inhibitor
Meprednisone,NR3C1,modulator
Meprobamate,GABRA1,agonist
Meprobamate,GABRA2,agonist
Meprobamate,GABRA3,agonist
Meprobamate,GABRA4,agonist
Meprobamate,GABRA5,agonist
Meprobamate,GABRA6,agonist
Meprobamate,GABRQ,positive allosteric modulator
Meprobamate,PDF,inhibitor
Meprobamate,PRKCE,stimulator
Meptazinol,BCHE,inhibitor
Mepyramine,HRH1,antagonist
Mequitazine,HRH1,antagonist
Mercaptoethanol,ALAD,inhibitor
Mercaptoethanol,CA2,inhibitor
Mercaptoethanol,CDC25B,inhibitor
Mercaptoethanol,FGF2,inhibitor
Mercaptoethanol,GLO1,inhibitor
Mercaptoethanol,LGALS1,unknown
Mercaptoethanol,PDF,inhibitor
Mercaptoethanol,PNPO,unknown
Mercaptoethanol,SCMH1,unknown
Mercaptoethanol,SERPINA1,inhibitor
Mercaptopurine,HPRT1,inhibitor
Mercaptopurine,IMPDH1,inhibitor
Mercaptopurine,IMPDH2,inhibitor
Mercaptopurine,PPAT,inhibitor
Mercuribenzoic Acid,CA2,inhibitor
Mercuric iodide,SULT2A1,unknown
Merestinib,MET,modulator
Merimepodib,EGFR,inhibitor
Merimepodib,ERBB2,inhibitor
Merimepodib,IMPDH1,inhibitor
Mersalyl,ALPL,antagonist
Mersalyl,AQP1,unknown
Mersalyl,SLC16A1,antagonist
Mesalazine,ALOX5,inhibitor
Mesalazine,CHUK,inhibitor
Mesalazine,IKBKB,inhibitor
Mesalazine,NOS2,inhibitor
Mesalazine,PPARG,agonist
Mesalazine,PTGS1,inhibitor
Mesalazine,PTGS2,inhibitor
Mescaline,HTR2A,inhibitor
Mesobiliverdin IV alpha,BLVRB,unknown
Mesoridazine,DRD2,antagonist
Mesoridazine,HTR2A,antagonist
Mesoxalic acid,ME2,unknown
Mestranol,ESR1,agonist
Mesulergine,ADORA3,inhibitor
Mesulergine,HTR3A,inhibitor
Mesulergine,HTR3B,inhibitor
Mesulergine,HTR7,inhibitor
Metadoxine,SLC6A1,modulator
Metamfetamine,ADRA1B,antagonist
Metamfetamine,ADRA2A,agonist
Metamfetamine,ADRA2B,agonist
Metamfetamine,ADRA2C,agonist
Metamfetamine,DRD2,agonist
Metamfetamine,MAOA,inhibitor
Metamfetamine,MAOB,inhibitor
Metamfetamine,SLC18A1,inhibitor
Metamfetamine,SLC18A2,inhibitor
Metamfetamine,SLC6A2,negative modulator
Metamfetamine,SLC6A3,negative modulator
Metamfetamine,SLC6A4,negative modulator
Metamfetamine,TAAR1,agonist
Metamizole,PTGS1,inhibitor
Metaraminol,ADRA1A,agonist
Metaraminol,DRD2,agonist
Metazamide,G6PD,inhibitor
Metenkefalin,OGFR,modulator
Metenkefalin,OPRD1,agonist
Metenkefalin,OPRM1,agonist
Metergoline,HTR1B,antagonist
Metergoline,HTR1D,antagonist
Metergoline,HTR1E,antagonist
Metergoline,HTR1F,antagonist
Metergoline,HTR2A,antagonist
Metergoline,HTR2B,antagonist
Metergoline,HTR2C,antagonist
Metergoline,HTR5A,antagonist
Metergoline,SCN2A,inhibitor
Metformin,ACACB,activator
Metformin,ETFDH,inhibitor
Metformin,GPD1,inhibitor
Metformin,PRKAB1,inducer;activator
Metformin,SLC47A1,modulator
Methacholine,CHRM1,agonist
Methacholine,CHRM2,agonist
Methacholine,CHRM3,agonist
Methacholine,CHRM4,agonist
Methacholine,CHRM5,agonist
Methacrylyl-Coenzyme A,ACAD8,unknown
Methadone,CHRNA3,antagonist
Methadone,CHRNA4,antagonist
Methadone,CHRNA7,agonist
Methadone,CHRNB2,antagonist
Methadone,GRIN3B,antagonist
Methadone,HTR3A,antagonist
Methadone,OPRD1,agonist
Methadone,OPRM1,agonist
Methadyl acetate,OPRM1,agonist
Methanesulfonyl Fluoride,ACHE,inhibitor
Methantheline,CHRM1,antagonist
Methantheline,CHRM2,unknown
Methantheline,CHRM3,unknown
Methantheline,CHRM4,unknown
Methantheline,CHRM5,antagonist
Methantheline,HRH2,antagonist
Metharbital,CHRNA4,antagonist
Metharbital,CHRNA7,antagonist
Metharbital,GABRA1,potentiator
Metharbital,GABRA2,potentiator
Metharbital,GABRA3,potentiator
Metharbital,GABRA4,potentiator
Metharbital,GABRA5,potentiator
Metharbital,GABRA6,potentiator
Metharbital,GABRG3,modulator
Metharbital,GABRQ,positive allosteric modulator
Metharbital,GRIA2,antagonist
Metharbital,GRIK2,antagonist
Methazolamide,CA1,inhibitor
Methazolamide,CA2,inhibitor
Methazolamide,CA3,inhibitor
Methazolamide,CA4,inhibitor
Methazolamide,CA7,inhibitor
Methdilazine,HRH1,antagonist
Methimazole,TPO,substrate;inhibitor
Methionine,BHMT,product of
Methionine,BHMT2,product of
Methionine,METAP2,product of
Methionine,MTR,product of
Methionine,MTRR,product of
Methocarbamol,CA1,inhibitor
Methohexital,GABRA1,antagonist
Methotrexate,ATIC,inhibitor
Methotrexate,DHFR,inhibitor
Methotrexate,SLC19A1,modulator
Methotrexate,SLC46A1,modulator
Methotrexate,TYMS,inhibitor
Methotrimeprazine,ADRA1A,antagonist
Methotrimeprazine,ADRA1B,antagonist
Methotrimeprazine,ADRA1D,antagonist
Methotrimeprazine,ADRA2A,antagonist
Methotrimeprazine,ADRA2B,antagonist
Methotrimeprazine,ADRA2C,antagonist
Methotrimeprazine,CHRM1,antagonist
Methotrimeprazine,CHRM2,antagonist
Methotrimeprazine,CHRM3,antagonist
Methotrimeprazine,CHRM4,antagonist
Methotrimeprazine,CHRM5,antagonist
Methotrimeprazine,DRD1,antagonist
Methotrimeprazine,DRD2,antagonist
Methotrimeprazine,DRD3,antagonist
Methotrimeprazine,DRD4,antagonist
Methotrimeprazine,DRD5,antagonist
Methotrimeprazine,HRH1,antagonist
Methotrimeprazine,HTR2A,antagonist
Methotrimeprazine,HTR2C,antagonist
Methoxamine,ADRA1A,agonist
Methoxamine,ADRA1B,agonist
Methoxamine,ADRA1D,binder
Methoxsalen,CYP2A6,binder
Methoxy arachidonyl fluorophosphonate,FAAH,unknown
Methoxy arachidonyl fluorophosphonate,PLA2G4A,inhibitor
Methoxyflurane,ATP2C1,inhibitor
Methoxyflurane,GABRA1,agonist
Methoxyflurane,GABRQ,positive allosteric modulator
Methoxyflurane,GLRA1,agonist
Methoxyflurane,GRIA1,antagonist
Methoxyflurane,KCNA1,inducer
Methoxyflurane,MT-ND1,unknown
Methoxyphenamine,ADRB2,regulator
Methscopolamine,CHRM2,antagonist
Methscopolamine,CHRM3,antagonist
Methscopolamine bromide,CHRM1,antagonist
Methscopolamine bromide,CHRM2,antagonist
Methscopolamine bromide,CHRM3,antagonist
Methsuximide,CACNA1G,inhibitor
Methyclothiazide,CA1,inhibitor
Methyclothiazide,CA2,inhibitor
Methyclothiazide,CA4,inhibitor
Methyclothiazide,SLC12A1,inhibitor
Methyl Methylsulfinylmethyl Sulfide,FKBP1A,inhibitor
Methyl alpha-D-mannoside,MBL2,unknown
Methyl aminolevulinate,FECH,activator
Methyl beta-L-fucopyranoside,MBL2,unknown
Methyl isocyanate,TRPA1,activator
Methyl nonanoate,IGHG1,unknown
Methyl nonanoate,LCN2,unknown
Methyl salicylate,TRPA1,activator
Methyldopa,ADRA2A,agonist
Methyldopa,DDC,inhibitor
Methyldopa,DRD2,agonist
Methylecgonine,IGHG2,unknown
Methylecgonine,IGKC,unknown
Methylene blue,GUCY1A2,inhibitor
Methylene blue,MAOA,inhibitor
Methylene blue,NOS1,inhibitor
Methylergometrine,DRD1,antagonist
Methylergometrine,HTR2B,agonist
Methylethylamine,MB,unknown
Methylinositol,APP,inhibitor
Methylnaltrexone,MC4R,agonist
Methylnaltrexone,OPRK1,antagonist
Methylnaltrexone,OPRM1,antagonist
Methylparaben,TRPA1,activator
Methylphenidate,HTR1A,agonist
Methylphenidate,SLC6A2,inhibitor
Methylphenidate,SLC6A3,inhibitor
Methylphenobarbital,CHRNA4,antagonist
Methylphenobarbital,CHRNA7,antagonist
Methylphenobarbital,GABRA1,potentiator
Methylphenobarbital,GABRA2,potentiator
Methylphenobarbital,GABRA3,potentiator
Methylphenobarbital,GABRA4,potentiator
Methylphenobarbital,GABRA5,potentiator
Methylphenobarbital,GABRA6,potentiator
Methylphenobarbital,GRIA2,antagonist
Methylphenobarbital,GRIK2,antagonist
Methylphenobarbital,NR1I2,activator
Methylphosphinate,ACHE,unknown
Methylphosphinic Acid,ACHE,inhibitor
Methylphosphinic Acid,BCHE,inhibitor
Methylprednisolone,ANXA1,agonist
Methylprednisolone,NR3C1,agonist
Methyltestosterone,AR,agonist
Methyltestosterone,ESR1,partial agonist
Methylthioninium,ACHE,inhibitor
Methylumbelliferyl chitotriose,LYZ,unknown
Methyprylon,GABRA1,agonist
Methyprylon,GABRQ,positive allosteric modulator
Methysergide,HTR1A,agonist
Methysergide,HTR1B,binder
Methysergide,HTR1E,binder
Methysergide,HTR1F,binder
Methysergide,HTR2A,antagonist
Methysergide,HTR2B,antagonist
Methysergide,HTR2C,antagonist
Methysergide,HTR7,antagonist
Metiamide,HRH2,antagonist
Metipranolol,ADRB1,antagonist
Metipranolol,ADRB2,antagonist
Metixene,CHRM1,modulator
Metixene,CHRM5,antagonist
Metoclopramide,CHRM1,agonist
Metoclopramide,DRD2,antagonist
Metoclopramide,HTR3A,antagonist
Metoclopramide,HTR4,agonist
Metocurine,CHRM2,antagonist
Metocurine,CHRNA2,antagonist
Metocurine iodide,CHRNA2,antagonist
Metocurine iodide,CHRNA4,modulator
Metocurine iodide,CHRNB2,modulator
Metolazone,SLC12A3,inhibitor
Metoprine,HNMT,inhibitor
Metoprine,PDF,inhibitor
Metoprolol,ADRB1,antagonist
Metoprolol,ADRB2,antagonist
Metoprolol,ADRB3,inhibitor
Metribolone,AR,activator
Metribolone,KLK3,activator
Metribolone,NCOA2,unknown
Metribolone,NR3C2,unknown
Metribolone,PGR,inhibitor
Metrifudil,ADORA1,inhibitor
Metrifudil,ADORA2A,inhibitor
Metrifudil,ADORA3,inhibitor
Metyrapone,CYP11B1,inhibitor
Metyrosine,TH,binder
Mevalonic acid,HMGCR,inhibitor
Mevastatin,HMGCR,inhibitor
Mevociclib,CDK7,inhibitor
Mexazolam,GABRG3,ligand
Mexazolam,GABRQ,positive allosteric modulator
Mexiletine,AHR,agonist
Mexiletine,SCN5A,inhibitor
Mezilamine,ADRA2A,inhibitor
Mezilamine,ADRA2B,inhibitor
Mezilamine,ADRA2C,inhibitor
Mianserin,ADRA1D,antagonist
Mianserin,ADRA2A,antagonist
Mianserin,ADRA2B,antagonist
Mianserin,ADRA2C,antagonist
Mianserin,DRD2,antagonist
Mianserin,DRD3,binder
Mianserin,DRD5,binder
Mianserin,HRH1,antagonist
Mianserin,HRH4,binder
Mianserin,HTR1A,blocker
Mianserin,HTR1F,binder
Mianserin,HTR2A,antagonist
Mianserin,HTR2B,binder
Mianserin,HTR2C,antagonist
Mianserin,HTR6,binder
Mianserin,HTR7,antagonist
Mianserin,OPRK1,agonist
Mianserin,SLC6A2,inhibitor
Mianserin,SLC6A3,binder
Mianserin,SLC6A4,inhibitor
Mibefradil,CACNA1C,inhibitor
Mibefradil,CACNA1D,inhibitor
Mibefradil,CACNA1F,inhibitor
Mibefradil,CACNA1G,inhibitor
Mibefradil,CACNA1H,inhibitor
Mibefradil,CACNA1I,inhibitor
Mibefradil,CACNA1S,inhibitor
Mibefradil,CACNB1,inhibitor
Mibefradil,CACNB2,inhibitor
Mibefradil,CACNB3,inhibitor
Mibefradil,CACNB4,inhibitor
Mibolerone,AR,agonist
Miconazole,CACNB4,inhibitor
Miconazole,KCNJ4,inhibitor
Miconazole,KCNN3,inhibitor
Miconazole,NOS2,inhibitor
Miconazole,NOS3,inhibitor
Miconazole,NR1I2,partial agonist
Midazolam,ADORA2A,potentiator
Midazolam,GABRG3,ligand
Midazolam,GABRQ,positive allosteric modulator
Midazolam,TSPO,modulator
Midodrine,ADRA1A,agonist
Midodrine,ADRA1B,agonist
Midodrine,ADRA1D,agonist
Midomafetamine,HTR2A,agonist
Midomafetamine,HTR2B,agonist
Midomafetamine,HTR2C,agonist
Midomafetamine,SLC18A2,inhibitor
Midomafetamine,SLC6A2,negative modulator
Midomafetamine,SLC6A3,negative modulator
Midomafetamine,SLC6A4,negative modulator
Midostaurin,FLT3,antagonist;inhibitor
Midostaurin,KDR,antagonist;inhibitor
Midostaurin,KIT,antagonist;inhibitor
Midostaurin,PDGFRA,antagonist;inhibitor
Midostaurin,PDGFRB,antagonist;inhibitor
Midostaurin,PRKCA,antagonist;inhibitor
Midostaurin,PRKCG,inhibitor
Mifamurtide,NOD2,ligand
Mifamurtide,TLR4,ligand
Mifepristone,NR1I2,agonist
Mifepristone,NR3C1,antagonist
Mifepristone,PGR,antagonist
Migalastat,GLA,stabilization
Miglitol,GAA,antagonist
Miglitol,GANAB,antagonist
Miglitol,GANC,antagonist
Miglitol,MGAM,antagonist;inhibitor
Miglustat,UGCG,inhibitor
Milacemide,MAOB,modulator
Milademetan,F8,other/unknown
Milataxel,TUBB,unknown
Milataxel,TUBB1,unknown
Milciclib Maleate,CDK2,inhibitor
Milfasartan,AGTR1,antagonist
Milnacipran,GRIN3B,inhibitor
Milnacipran,SLC6A2,inhibitor
Milnacipran,SLC6A4,inhibitor
Milrinone,PDE3A,inhibitor
Milsaperidone,ADRA1D,antagonist
Milsaperidone,ADRA2A,antagonist
Milsaperidone,ADRA2B,antagonist
Milsaperidone,ADRA2C,antagonist
Milsaperidone,DRD2,antagonist
Milsaperidone,DRD3,antagonist
Milsaperidone,DRD4,antagonist
Milsaperidone,DRD5,antagonist
Milsaperidone,HRH1,antagonist
Milsaperidone,HTR1A,antagonist
Milsaperidone,HTR1B,antagonist
Milsaperidone,HTR2A,antagonist
Milsaperidone,HTR2C,antagonist
Milsaperidone,HTR6,antagonist
Miltefosine,ABCB1,substrate
Miltefosine,PLA2G1B,inhibitor
Milveterol,ADRB2,agonist
Milvexian,F11,inhibitor
Mimopezil,ACHE,inhibitor
Mimosine,CCL2,inhibitor
Mimosine,SHMT1,inhibitor
Mimosine,TYR,inhibitor
Minamestane,CYP19A1,inhibitor
Minaprine,ACHE,inhibitor
Minaprine,CHRM1,agonist
Minaprine,DRD1,agonist
Minaprine,DRD2,agonist
Minaprine,HTR2A,antagonist
Minaprine,HTR2B,antagonist
Minaprine,HTR2C,antagonist
Minaprine,MAOA,inhibitor
Minaprine,SLC6A4,inhibitor
Minnelide,HSPA1A,inhibitor
Minnelide,HSPA1B,inhibitor
Minocycline,ALOX5,inhibitor
Minocycline,CASP1,negative modulator
Minocycline,CASP3,negative modulator
Minocycline,CYCS,negative modulator
Minocycline,IL1B,modulator
Minocycline,MAPK9,inhibitor
Minocycline,MMP9,inhibitor
Minocycline,NOS2,inhibitor
Minocycline,VEGFA,inhibitor
Minodronic acid,FDPS,inhibitor
Minodronic acid,GGPS1,inhibitor
Minoxidil,KCNJ1,inducer
Minoxidil,PTGS1,inducer
Mipitroban,TBXA2R,modulator
Mipsagargin,FOLH1,inhibitor
Mirabegron,ADRB1,agonist
Mirabegron,ADRB3,agonist
Miransertib,AKT1,inhibitor
Miransertib,AKT3,modulator
Mirdametinib,MAP2K1,inhibitor
Mirdametinib,MAP2K2,unknown
Miridesap,APCS,modulator
Mirogabalin,CACNA2D1,modulator
Mirtazapine,ADRA1D,antagonist
Mirtazapine,ADRA2A,antagonist
Mirtazapine,HRH1,antagonist
Mirtazapine,HTR2A,antagonist
Mirtazapine,HTR2C,antagonist
Mirtazapine,OPRK1,agonist
Misoprostol,PTGER1,agonist
Misoprostol,PTGER2,agonist
Misoprostol,PTGER3,agonist
Misoprostol,PTGER4,agonist
Misoprostol,PTGIR,antagonist
Mitapivat,CYP19A1,inhibitor
Mitapivat,PKLR,activator
Mitemcinal,MLNR,agonist
Mitiglinide,ABCC8,inhibitor
Mitiglinide,KCNJ10,blocker
Mitiglinide,PPARG,agonist
Mitiperstat,MPO,inhibitor
Mito-4509,APP,unknown
Mitoflaxone,VWF,inhibitor
Mitoglitazone,INSR,modulator
Mitoguazone,AMD1,inhibitor
Mitonafide,TOP2A,modulator
Mitonafide,TOP2B,modulator
Mitotane,AR,antagonist
Mitotane,CYP11B1,inducer
Mitotane,ESR1,binder
Mitotane,FDX1,unknown
Mitotane,PGR,antagonist
Mitoxantrone,TOP2A,inhibitor
Mitoxantrone,TOP2B,modulator
Mivacurium,BCHE,unknown
Mivacurium,CHRM2,antagonist;partial agonist
Mivacurium,CHRM3,antagonist
Mivacurium,CHRNA2,antagonist
Mivavotinib,FLT3,inhibitor
Mivavotinib,SYK,inhibitor
Mizacorat,NR3C1,modulator
Mizolastine,HRH1,antagonist
Mizoribine,IMPDH1,inhibitor
Mobocertinib,EGFR,inhibitor
Mocetinostat,HDAC1,inhibitor
Mocetinostat,HDAC2,unknown
Mocetinostat,HDAC3,unknown
Moclobemide,MAOA,antagonist;inhibitor
Moclobemide,MAOB,antagonist
Mocravimod,S1PR1,agonist
Modafinil,ADRA1B,partial agonist
Modafinil,SLC6A3,inhibitor
Moexipril,ACE,inhibitor
Moexiprilat,ACE,modulator
Mofegiline,MAOB,modulator
Molibresib,BRD4,modulator
Molidustat,EGLN2,inhibitor
Molindone,CHRM1,other/unknown
Molindone,DRD2,antagonist
Molindone,HTR1A,antagonist
Molindone,HTR2A,antagonist
Molsidomine,GUCY1A2,agonist
Momelotinib,ACVR1,inhibitor
Momelotinib,FLT3,inhibitor
Momelotinib,JAK1,inhibitor
Momelotinib,JAK2,inhibitor
Momelotinib,JAK3,inhibitor
Momelotinib,TYK2,inhibitor
Mometasone,NR3C1,agonist
Mometasone,PGR,agonist
Mometasone furoate,NR3C1,agonist
Mometasone furoate,PGR,modulator
Monastrol,KIF11,unknown
Monobenzone,TYR,inhibitor
Monofluorophosphate ion,PYGM,inhibitor
Monoisopropylphosphorylserine,ACHE,unknown
Monoisopropylphosphorylserine,PRSS1,unknown
Monoisopropylphosphorylserine,PRSS2,unknown
Monothioglycerol,PREP,unknown
Montelukast,ALOX5,other/unknown
Montelukast,CYSLTR1,antagonist
Moricizine,SCN5A,inhibitor
Morin,ESR2,inhibitor
Morin,FASN,inhibitor
Morin,MCL1,inhibitor
Morin,SLC22A12,inhibitor
Morniflumate,ALOX5,antagonist
Morniflumate,LTB4R,antagonist
Morniflumate,PTGS1,modulator
Morniflumate,PTGS2,modulator
Morniflumate,TBXA2R,unknown
Morphine,LY96,activator
Morphine,OPRD1,agonist
Morphine,OPRK1,agonist
Morphine,OPRM1,agonist
Morphine glucuronide,OPRD1,unknown
Morphine glucuronide,OPRK1,unknown
Morphine glucuronide,OPRM1,agonist
Mosapride,HTR4,agonist
Motesanib,KDR,inhibitor
Motesanib,KIT,inhibitor
Motexafin gadolinium,PRDX5,modulator
Motexafin gadolinium,RRM2,unknown
Motexafin gadolinium,TXNRD1,unknown
Motexafin gadolinium,TXNRD2,unknown
Motexafin lutetium,KLK3,modulator
Motolimod,TLR8,modulator
Motuporin,PPP1CC,unknown
Moxifloxacin,PON1,inhibitor
Moxifloxacin,TOP2A,inhibitor
Moxisylyte,ADRA1D,modulator
Moxisylyte,ADRA2C,antagonist
Moxonidine,ADRA2A,agonist
Moxonidine,ADRA2B,inhibitor
Moxonidine,ADRA2C,inhibitor
Moxonidine,NISCH,agonist
Mubritinib,EGFR,inhibitor
Mubritinib,ERBB2,inhibitor
Muparfostat,FLT4,modulator
Muraglitazar,PPARA,modulator
Muraglitazar,PPARG,modulator
Murizatoclax,MCL1,inhibitor
Muscimol,GABRA1,unknown
Muscimol,GABRB3,unknown
Muscimol,GABRG2,unknown
Muvalaplin,LPA,inhibitor
Mycophenolate mofetil,IMPDH1,inhibitor;inducer
Mycophenolate mofetil,IMPDH2,inhibitor
Mycophenolate mofetil,PTGER2,modulator
Mycophenolate mofetil,PTS,inhibitor
Mycophenolic acid,IMPDH1,inhibitor
Mycophenolic acid,IMPDH2,inhibitor
Myricetin,JAK1,unknown
Myricetin,PIK3CG,inhibitor
Myristic acid,ABL1,inhibitor
Myristic acid,ARF1,unknown
Myristic acid,ARF6,unknown
Myristic acid,CALM1,inhibitor
Myristic acid,CALM2,inhibitor
Myristic acid,CALM3,inhibitor
Myristic acid,ECI2,unknown
Myristic acid,FKBP1A,inhibitor
Myristic acid,GM2A,unknown
Myristic acid,GUCA1A,unknown
Myristic acid,HNF4A,unknown
Myristic acid,INS,unknown
Myristic acid,LY96,unknown
Myristic acid,NCOA1,unknown
Myristic acid,PKIA,unknown
Myristic acid,PPARA,unknown
Myristic acid,PPP3CA,unknown
Myristic acid,PPP3R1,unknown
Myristic acid,PRKACA,unknown
Myristic acid,PVR,unknown
Myristic acid,RCVRN,unknown
Myristic acid,TLR4,inhibitor
Myristic acid,TRAPPC3,unknown
Myristoyl-Coa,NMT2,unknown
Myrrh,NR1H4,antagonist
Myrrh,NR1I2,partial agonist
Myrrh,PPARA,agonist
Myxothiazol,UQCRC1,unknown
N(6)-(pyridoxal phosphate)-L-lysine,AGXT,unknown
N(6)-(pyridoxal phosphate)-L-lysine,KYAT1,unknown
N(6)-(pyridoxal phosphate)-L-lysine,ODC1,unknown
N(6)-(pyridoxal phosphate)-L-lysine,PYGM,unknown
N(6)-dimethylallyladenine,CDK2,inhibitor
N(G)-Iminoethylornithine,NOS1,inhibitor
N(G)-Iminoethylornithine,NOS2,inhibitor
N(G)-Iminoethylornithine,NOS3,inhibitor
"N,N-dimethylarginine",NOS2,inhibitor
"N,N-dimethylarginine",NOS3,inhibitor
"N,N-dimethylformamide",CELA1,inhibitor
"N,N-dimethylformamide",REN,inhibitor
"N,O6-Disulfo-Glucosamine",ANXA5,unknown
"N,O6-Disulfo-Glucosamine",FGF1,inhibitor
"N,O6-Disulfo-Glucosamine",FGF2,inhibitor
"N,O6-Disulfo-Glucosamine",HGF,inhibitor
"N,O6-Disulfo-Glucosamine",HS3ST3A1,unknown
N-(2-Aminoethyl)-1-aziridineethanamine,ACE2,inhibitor
N-(Chlorophenyl)-N'-hydroxyguanidine,NOS3,inhibitor
N-(Phosphonoacetyl)-L-Ornithine,OTC,unknown
N-(biphenyl-4-ylsulfonyl)-D-leucine,MMP12,inhibitor
N-(carboxycarbonyl)-D-phenylalanine,HIF1AN,unknown
N-(pyridin-3-ylmethyl)aniline,LTA4H,inhibitor
N-1-methylheptylformamide,ADH1C,unknown
N-6022,CBR1,inhibitor
N-Acetyl-Serine,F13A1,unknown
N-Acetyl-glucosamine thiazoline,HEXB,unknown
N-Acetylalanine,AKR1B1,inhibitor
N-Acetylglucosamine,B4GALT1,unknown
N-Acetylglucosamine,B4GALT4,unknown
N-Acetylglucosamine,NAGK,unknown
N-Acetylglucosamine,NAGLU,activator
N-Acetylglucosamine,NAGPA,unknown
N-Acetylglucosamine,RENBP,unknown
N-Acetylmethionine,RHO,unknown
"N-Alpha-Acetyl-3,5-Diiodotyrosylglycine",PAM,unknown
N-Benzyl-4-Sulfamoyl-Benzamide,CA2,inhibitor
N-Benzylformamide,ADH1B,unknown
N-Butyl Isocyanide,MB,unknown
N-Caffeoyltyramine,TYR,inhibitor
N-Carbamoyl-Alanine,PRDX2,unknown
N-Carbamoylphenylalanine,CPA1,unknown
N-Cyclohexyl-N'-(4-Iodophenyl)Urea,EPHX2,inhibitor
N-Cyclohexyl-N'-(Propyl)Phenyl Urea,EPHX2,inhibitor
N-Cyclohexyl-N'-Decylurea,EPHX2,inhibitor
N-Cyclopentyl-N-Cyclobutylformamide,ADH1A,unknown
N-Ethyl-5'-Carboxamido Adenosine,HSP90B1,unknown
N-Ethylmaleimide,CLC,unknown
N-Formylmethionine,B2M,unknown
N-Formylmethionine,CLPP,unknown
N-Formylmethionine,COX4I1,unknown
N-Formylmethionine,COX5A,unknown
N-Formylmethionine,COX5B,unknown
N-Formylmethionine,COX6A2,unknown
N-Formylmethionine,COX6B1,unknown
N-Formylmethionine,COX6C,unknown
N-Formylmethionine,COX7A1,unknown
N-Formylmethionine,COX7B,unknown
N-Formylmethionine,COX7C,unknown
N-Formylmethionine,COX8A,unknown
N-Formylmethionine,HLA-B,unknown
N-Formylmethionine,MT-CO1,unknown
N-Formylmethionine,MT-CO2,unknown
N-Formylmethionine,MT-CO3,unknown
N-Formylmethionine,MT-ND1,unknown
N-Formylmethionine,MT-ND3,inhibitor
N-Formylmethionine,RABGGTA,unknown
N-Formylmethionine,RABGGTB,unknown
N-Formylmethionine,RNASE1,unknown
N-Formylmethionine,S100B,unknown
N-Formylmethionine,S100G,unknown
N-Formylmethionine,SERPINC1,inhibitor
N-Formylmethionine,UBC,unknown
N-Formylpiperidine,ADH1C,unknown
N-Heptylformamide,ADH1B,unknown
N-Hydroxy-4-phosphonobutanamide,TPI1,unknown
N-Methyl-N-(Methylbenzyl)Formamide,REN,inhibitor
N-Methylleucine,CXCL10,inhibitor
N-Methylmesoporphyrin,FECH,inhibitor
N-Methylmesoporphyrin containing copper,FECH,inhibitor
N-Methylnaloxonium,CES1,inhibitor
N-Propargyl-1(S)-Aminoindan,MAOB,inhibitor
N-Propyl Isocyanide,MB,unknown
N-Pyridoxyl-Glycine-5-Monophosphate,ODC1,inhibitor
N-Pyridoxyl-Glycine-5-Monophosphate,SHMT1,unknown
N-Tridecanoic Acid,PLA2G1B,inhibitor
N-Tridecanoic Acid,PLA2G2A,inhibitor
N-Tridecanoic Acid,PLA2G2E,unknown
N-Valeric Acid,FFAR2,agonist
N-[(4-methoxyphenyl)sulfonyl]-D-alanine,MMP12,inhibitor
N-[3-(aminomethyl)benzyl]acetamidine,NOS1,inhibitor
N-[3-(aminomethyl)benzyl]acetamidine,NOS2,inhibitor
N-[3-(aminomethyl)benzyl]acetamidine,NOS3,inhibitor
N-[4-(benzyloxy)phenyl]glycinamide,LTA4H,inhibitor
N-[O-Phosphono-Pyridoxyl]-Isoleucine,BCAT2,unknown
N-acetyl-D-glucosamine-6-phosphate,GNPDA1,unknown
N-acetyl-N'-beta-D-glucopyranosyl urea,PYGM,inhibitor
N-acetyl-alpha-D-glucosamine,ACE,inhibitor
N-acetyl-alpha-D-glucosamine,ACHE,inhibitor
N-acetyl-alpha-D-glucosamine,GBA1,inhibitor
N-acetyl-alpha-D-glucosamine,IGHG1,unknown
N-acetyl-alpha-D-glucosamine,SIGLEC7,unknown
N-acetyl-alpha-neuraminic acid,AZGP1,unknown
N-acetyl-alpha-neuraminic acid,CES1,inhibitor
N-acetyl-alpha-neuraminic acid,MBL2,unknown
N-acetyl-alpha-neuraminic acid,REG1A,unknown
N-acetyl-alpha-neuraminic acid,SELE,inhibitor
N-acetyl-alpha-neuraminic acid,SELP,inhibitor
N-acetyl-alpha-neuraminic acid,SIGLEC1,unknown
N-acetylhistamine,QPCT,unknown
N-acetylserotonin,MTNR1A,inhibitor
N-acetylserotonin,SPR,unknown
N-beta-D-glucopyranosylacetamide,PYGL,unknown
N-beta-D-glucopyranosylacetamide,PYGM,inhibitor
N-cyclohexyltaurine,EN2,unknown
N-cyclohexyltaurine,SULT2B1,unknown
N-omega-nitro-L-arginine methyl ester,NOS3,inhibitor
N-omega-propyl-L-arginine,NOS1,unknown
N-omega-propyl-L-arginine,NOS2,unknown
N-oxo-2-(phenylsulfonylamino)ethanamide,MMP12,inhibitor
N-phenyl-1H-pyrazole-3-carboxamide,CDK2,inhibitor
N-phenylthiourea,TYR,inhibitor
N-sulfo-flavin mononucleotide,HAO1,unknown
N6-Benzyl Adenosine-5'-Diphosphate,SRC,inhibitor
NADH,AASS,unknown
NADH,ACADS,unknown
NADH,ADH1A,unknown
NADH,ADH1B,unknown
NADH,ADH1C,unknown
NADH,ADH4,unknown
NADH,ADH5,unknown
NADH,ADH7,unknown
NADH,AKR1B1,unknown
NADH,AKR1C1,unknown
NADH,AKR1C2,unknown
NADH,AKR1C3,unknown
NADH,AKR1C4,unknown
NADH,ALDH1A1,unknown
NADH,ALDH1A2,unknown
NADH,ALDH1A3,unknown
NADH,ALDH1B1,unknown
NADH,ALDH2,unknown
NADH,ALDH3A1,unknown
NADH,ALDH3A2,unknown
NADH,ALDH3B1,unknown
NADH,ALDH3B2,unknown
NADH,ALDH4A1,unknown
NADH,ALDH5A1,unknown
NADH,ALDH6A1,unknown
NADH,ALDH7A1,unknown
NADH,ALDH9A1,unknown
NADH,AMT,unknown
NADH,BDH1,unknown
NADH,BLVRA,unknown
NADH,BLVRB,unknown
NADH,CDO1,unknown
NADH,COXFA4,unknown
NADH,COXFA4L2,unknown
NADH,CYB5R3,unknown
NADH,CYP17A1,unknown
NADH,CYP4A11,unknown
NADH,DHCR7,unknown
NADH,DHFR,unknown
NADH,DLAT,unknown
NADH,DLD,unknown
NADH,EHHADH,unknown
NADH,GAPDH,unknown
NADH,GAPDHS,unknown
NADH,GFUS,unknown
NADH,GLUD1,unknown
NADH,GLUD2,unknown
NADH,GPD1,unknown
NADH,GSR,unknown
NADH,H6PD,unknown
NADH,HADH,unknown
NADH,HADHA,unknown
NADH,HIBADH,unknown
NADH,HMGCR,unknown
NADH,HMOX1,unknown
NADH,HMOX2,unknown
NADH,HPGD,unknown
NADH,HSD11B1,unknown
NADH,HSD11B2,unknown
NADH,HSD17B1,unknown
NADH,HSD17B10,unknown
NADH,HSD17B2,unknown
NADH,HSD17B3,unknown
NADH,HSD17B4,unknown
NADH,HSD17B7,unknown
NADH,HSD17B8,unknown
NADH,HSD3B1,unknown
NADH,HSD3B2,unknown
NADH,IDH3A,unknown
NADH,IDH3B,unknown
NADH,IDH3G,unknown
NADH,IMPDH1,unknown
NADH,IMPDH2,unknown
NADH,LDHA,unknown
NADH,LDHAL6A,unknown
NADH,LDHAL6B,unknown
NADH,LDHB,unknown
NADH,LDHC,unknown
NADH,MDH1,unknown
NADH,MDH2,unknown
NADH,ME1,unknown
NADH,ME2,unknown
NADH,ME3,unknown
NADH,MSMO1,unknown
NADH,MT-ND1,binder
NADH,MT-ND2,binder
NADH,MT-ND3,binder
NADH,MT-ND4,unknown
NADH,MT-ND4L,unknown
NADH,MT-ND5,unknown
NADH,MT-ND6,unknown
NADH,MTHFD1,unknown
NADH,MTHFD2,unknown
NADH,NDUFA1,unknown
NADH,NDUFA10,unknown
NADH,NDUFA11,unknown
NADH,NDUFA12,unknown
NADH,NDUFA13,unknown
NADH,NDUFA2,unknown
NADH,NDUFA3,unknown
NADH,NDUFA5,unknown
NADH,NDUFA6,unknown
NADH,NDUFA7,unknown
NADH,NDUFA8,unknown
NADH,NDUFA9,unknown
NADH,NDUFAB1,unknown
NADH,NDUFB1,unknown
NADH,NDUFB10,unknown
NADH,NDUFB2,unknown
NADH,NDUFB3,unknown
NADH,NDUFB4,unknown
NADH,NDUFB5,unknown
NADH,NDUFB6,unknown
NADH,NDUFB7,unknown
NADH,NDUFB8,unknown
NADH,NDUFB9,unknown
NADH,NDUFC1,unknown
NADH,NDUFC2,unknown
NADH,NDUFS1,unknown
NADH,NDUFS2,unknown
NADH,NDUFS3,unknown
NADH,NDUFS4,unknown
NADH,NDUFS5,unknown
NADH,NDUFS6,unknown
NADH,NDUFS7,unknown
NADH,NDUFS8,unknown
NADH,NDUFV1,unknown
NADH,NDUFV2,unknown
NADH,NDUFV3,unknown
NADH,NNT,unknown
NADH,NQO2,unknown
NADH,NSDHL,unknown
NADH,OGDH,unknown
NADH,PDHA1,unknown
NADH,PDHA2,unknown
NADH,PDHB,unknown
NADH,PHGDH,unknown
NADH,PYCR1,unknown
NADH,PYCR2,unknown
NADH,QDPR,unknown
NADH,RDH5,unknown
NADH,SORD,unknown
NADH,TYR,unknown
NADH,UGDH,unknown
NADPH,AASS,unknown
NADPH,DPYD,unknown
NADPH,TXNRD1,unknown
NAP-226-90,ACHE,inhibitor
NCX 1015,NR3C1,modulator
NCX 701,PTGS1,modulator
NCX 701,PTGS2,modulator
NCX 950,ADRB2,unknown
ND1251,OPRL1,agonist
ND1251,SMPD4,inhibitor
ND7001,PDE2A,unknown
NF-kappaB Decoy,NFKB1,inhibitor
NGD-4715,MCHR1,antagonist
NGX267,CHRM1,agonist
NM-3,VEGFA,inhibitor
NM-3,VEGFB,inhibitor
NM-3,VEGFC,inhibitor
NM-3,VEGFD,inhibitor
NM-702,TBXAS1,unknown
NN344,INSR,unknown
NOX-700,NFKB1,unknown
NOX-700,NFKB2,unknown
NP-50301,ESR1,unknown
NP-51,MAPK10,inhibitor
NP-51,MAPK8,inhibitor
NP-51,MAPK9,inhibitor
NP-G2-044,FSCN1,inhibitor
NPI 32101,CSF2RB,unknown
NPS-2143,CASR,antagonist
NRP409,CRYM,unknown
NRP409,THRA,unknown
NS-2359,SLC6A2,inhibitor
NS-2359,SLC6A3,inhibitor
NS-2359,SLC6A4,inhibitor
NS-398,PTGS2,inhibitor
NT-219,IRS1,inhibitor
NT-219,IRS2,inhibitor
NT-219,STAT3,inhibitor
NU1025,PARP1,inhibitor
NV-52,TBXAS1,unknown
NVP-LEQ-506,SMO,inhibitor
NXN-188,HTR1B,unknown
NXN-188,HTR1D,unknown
NXN-188,NOS1,unknown
Nabilone,CNR1,partial agonist
Nabilone,CNR2,partial agonist
Nabiximols,AANAT,inhibitor
Nabiximols,ACAT1,inhibitor
Nabiximols,CACNA1G,unknown
Nabiximols,CACNA1H,unknown
Nabiximols,CACNA1I,unknown
Nabiximols,CAT,inhibitor
Nabiximols,CHRNA7,unknown
Nabiximols,CNR1,unknown
Nabiximols,CNR2,unknown
Nabiximols,CRYZ,inhibitor
Nabiximols,CYP17A1,inhibitor
Nabiximols,CYP1A1,inhibitor
Nabiximols,CYP1A2,inhibitor
Nabiximols,CYP1B1,inhibitor
Nabiximols,CYP2D6,substrate;inhibitor
Nabiximols,CYP3A5,inhibitor
Nabiximols,CYP3A7,inhibitor
Nabiximols,FAAH,inhibitor;inducer
Nabiximols,GLRA1,unknown
Nabiximols,GLRA3,unknown
Nabiximols,GLRB,unknown
Nabiximols,GPR12,inverse agonist
Nabiximols,GPR18,unknown
Nabiximols,GPR55,unknown
Nabiximols,GPX1,stimulator
Nabiximols,GSR,stimulator
Nabiximols,HMGCR,stimulator
Nabiximols,HTR1A,unknown
Nabiximols,HTR2A,unknown
Nabiximols,IDO1,inhibitor
Nabiximols,NAAA,inhibitor
Nabiximols,OPRD1,unknown
Nabiximols,OPRM1,unknown
Nabiximols,PPARG,unknown
Nabiximols,PTGS1,inhibitor
Nabiximols,PTGS2,inhibitor
Nabiximols,SOD1,inhibitor
Nabiximols,TRPA1,unknown
Nabiximols,TRPM8,unknown
Nabiximols,TRPV1,unknown
Nabiximols,TRPV2,unknown
Nabiximols,TRPV3,unknown
Nabiximols,TRPV4,unknown
Nabiximols,VDAC1,unknown
Nabumetone,PTGS1,inhibitor
Nabumetone,PTGS2,inhibitor
Nadide,ALDH2,inhibitor
Nadide,BLVRA,inhibitor
Nadide,GAA,inhibitor
Nadide,GANAB,inhibitor
Nadide,GANC,inhibitor
Nadide,GSR,inhibitor
Nadide,HMGCR,inhibitor
Nadide,HSD17B1,inhibitor
Nadide,IMPDH2,inhibitor
Nadide,MGAM,inhibitor
Nadolol,ADRB1,antagonist
Nadolol,ADRB2,antagonist
Nadroparin,F10,modulator
Nadroparin,FOS,inhibitor
Nadroparin,MYC,inhibitor
Nadroparin,SELP,inhibitor
Nadroparin,SERPINC1,potentiator
Nafamostat,F10,inhibitor
Nafamostat,F12,inhibitor
Nafamostat,F2,inhibitor
Nafamostat,ICAM1,inhibitor
Nafamostat,KLK1,inhibitor
Nafamostat,PRSS1,inhibitor
Nafamostat,TNF,other/unknown
Nafarelin,GNRHR,agonist
Nafarelin,GNRHR2,agonist
Nafoxidine,ESR1,inhibitor
Nafoxidine,ESR2,inhibitor
Naftifine,SQLE,inhibitor
Naftopidil,ADRA1A,inhibitor
Nalbuphine,OPRD1,antagonist
Nalbuphine,OPRK1,agonist
Nalbuphine,OPRM1,antagonist
Naldemedine,OPRD1,antagonist
Naldemedine,OPRK1,antagonist
Naldemedine,OPRM1,antagonist
Nalidixic acid,TOP2A,inhibitor
Nalidixic acid,TOP2B,inhibitor
Nalmefene,OPRD1,antagonist
Nalmefene,OPRK1,partial agonist
Nalmefene,OPRM1,antagonist
Nalorphine,OPRK1,agonist
Naloxegol,OPRM1,antagonist
Naloxone,CES1,binder
Naloxone,ESR1,antagonist
Naloxone,OPRD1,antagonist
Naloxone,OPRK1,antagonist
Naloxone,OPRM1,antagonist
Naloxone,TLR4,inhibitor
Naltrexone,OPRD1,antagonist
Naltrexone,OPRK1,antagonist
Naltrexone,OPRM1,antagonist
Naltrexone,SIGMAR1,antagonist
Naluzotan,HTR1A,agonist
Namitecan,TOP1,inhibitor
Namodenoson,ADORA3,agonist
Nanatinostat,HDAC1,inhibitor
Nanatinostat,HDAC2,inhibitor
Nanatinostat,HDAC3,inhibitor
Nandrolone,AR,agonist
Nandrolone decanoate,AR,agonist
Nandrolone decanoate,DRD4,modulator
Nandrolone decanoate,FOS,inducer
Nandrolone decanoate,HTR1B,modulator
Nandrolone decanoate,HTR2C,modulator
Nandrolone decanoate,IGF1R,inducer
Nandrolone phenpropionate,AR,agonist
Napabucasin,STAT3,inhibitor
Naphazoline,ADRA1A,agonist
Naphazoline,ADRA2A,agonist
Naphazoline,DRD2,agonist
Naphthalene Trisulfonate,FGF1,inhibitor
Naphthyridine Inhibitor,TGFBR1,unknown
Naporafenib,RAF1,inhibitor
Naproxcinod,PTGS1,modulator
Naproxcinod,PTGS2,modulator
Naproxen,PNLIP,inhibitor
Naproxen,PTGS1,inhibitor
Naproxen,PTGS2,inhibitor
Napsagatran anhydrous,F2,inhibitor
Naquotinib,EGFR,inhibitor
Naratriptan,HTR1A,agonist
Naratriptan,HTR1B,agonist
Naratriptan,HTR1D,agonist
Naratriptan,HTR1F,agonist
Naringenin,AKR1C1,antagonist
Naringenin,CYP19A1,inhibitor
Naringenin,CYP1B1,unknown
Naringenin,ESR1,unknown
Naringenin,ESR2,partial agonist
Naringenin,GLO1,inhibitor
Naringenin,HSD17B1,inhibitor
Naringenin,KANSL3,unknown
Naringenin,SHBG,unknown
Naronapride,HTR4,agonist
Nastorazepide,CCKBR,modulator
Nateglinide,ABCC8,inhibitor
Nateglinide,PPARG,agonist
Navacaprant,OPRK1,antagonist
Navarixin,CXCR1,antagonist
Navarixin,CXCR2,modulator
Navarixin,MADCAM1,other/unknown
Naveglitazar,PPARA,modulator
Naveglitazar,PPARG,modulator
Navitoclax,BAD,unknown
Navitoclax,BCL2,inhibitor
Navitoclax,BCL2L1,inhibitor
Navitoclax,BCL2L2,inhibitor
Navitoclax,CCND1,inhibitor
Navtemadlin,MDM2,modulator
Naxifylline,ADORA1,antagonist
Nazartinib,EGFR,inhibitor
Nebicapone,COMT,inhibitor
Nebivolol,ADRB1,antagonist
Nebivolol,ADRB2,antagonist
Nebivolol,ADRB3,agonist
Nebularine,ADA,inhibitor
Nedisertib,PRKDC,inhibitor
Nedocromil,CYSLTR1,antagonist
Nedocromil,CYSLTR2,antagonist
Nedocromil,FPR1,antagonist
Nedocromil,PTGDR,unknown
Nefazodone,ADRA1A,antagonist
Nefazodone,ADRA1B,other/unknown
Nefazodone,ADRA2A,antagonist
Nefazodone,HTR1A,antagonist
Nefazodone,HTR2A,antagonist
Nefazodone,HTR2C,antagonist
Nefazodone,KCNH2,antagonist
Nefazodone,SLC6A2,inhibitor
Nefazodone,SLC6A3,inhibitor
Nefazodone,SLC6A4,inhibitor
Neflamapimod,MAPK11,inhibitor
Neflamapimod,MAPK12,inhibitor
Neflamapimod,MAPK14,inhibitor
Neladenoson bialanate,ADORA1,agonist
Nelarabine,LIG1,inhibitor
Nelarabine,POLA1,inhibitor
Nelarabine,PRIM1,inhibitor
Nelarabine,RRM1,inhibitor
Nelivaptan,AVPR1A,inhibitor
Nelivaptan,AVPR1B,antagonist
Nelivaptan,AVPR2,inhibitor
Nelivaptan,OXTR,inhibitor
Nelonemdaz,GRIN2B,antagonist
Nelonicline,CHRNA7,modulator
Nelotanserin,HTR2A,modulator
Nemonapride,DRD2,agonist
Nemtabrutinib,BTK,inhibitor
Neomycin,CASR,activator
Neostigmine,ACHE,inhibitor
Neovastat,MMP12,unknown
Neovastat,MMP2,unknown
Neovastat,MMP9,unknown
Nepadutant,TACR2,antagonist
Nepafenac,PTGS1,inhibitor
Nepafenac,PTGS2,inhibitor
Neramexane,GRIN3A,unknown
Nerandomilast,PDE4B,inhibitor
Neratinib,EGFR,inhibitor
Neratinib,ERBB2,inhibitor
Neratinib,KDR,inhibitor
Neridronic Acid,FDPS,inhibitor
Nerisopam,HTR1A,agonist
Nerispirdine,KCNH2,blocker
Nerispirdine,SCN11A,blocker
Netarsudil,ROCK1,inhibitor
Netarsudil,ROCK2,inhibitor
Netarsudil,SLC6A2,inhibitor
Netazepide,CCKBR,inhibitor
Netoglitazone,PPARG,modulator
Netupitant,TACR1,antagonist
Nevanimibe,SOAT1,modulator
Nevanimibe,SOAT2,modulator
Niacin,DGAT2,inhibitor
Niacin,HCAR2,agonist
Niacin,HCAR3,agonist
Niacin,NNMT,binder
Niacin,QPRT,binder
Nialamide,COMT,unknown
Nialamide,MAOA,unknown
Nialamide,MAOB,unknown
Nicaraven,PARP1,modulator
Nicardipine,ADRA1A,antagonist
Nicardipine,ADRA1B,antagonist
Nicardipine,ADRA1D,antagonist
Nicardipine,CACNA1C,inhibitor
Nicardipine,CACNA1D,inhibitor
Nicardipine,CACNA1G,inhibitor
Nicardipine,CACNA1H,inhibitor
Nicardipine,CACNA1I,inhibitor
Nicardipine,CACNA2D1,inhibitor
Nicardipine,CACNB2,inhibitor
Nicardipine,CALM3,other/unknown
Nicardipine,CHRM1,antagonist
Nicardipine,CHRM2,antagonist
Nicardipine,CHRM3,antagonist
Nicardipine,CHRM4,antagonist
Nicardipine,CHRM5,antagonist
Nicardipine,PDE1A,inhibitor
Nicardipine,PDE1B,inhibitor
Nicergoline,ADRA1A,antagonist
Nicorandil,ABCC9,activator
Nicotinamide,BST1,product of
Nicotinamide,LDHA,unknown
Nicotinamide,PARP1,binder
Nicotinamide,SIRT5,unknown
Nicotinamide Mononucleotide,BST1,unknown
Nicotinamide Mononucleotide,NMNAT1,unknown
Nicotinamide Mononucleotide,NMNAT3,unknown
Nicotine,CHAT,inhibitor
Nicotine,CHRNA10,agonist
Nicotine,CHRNA2,agonist
Nicotine,CHRNA3,agonist
Nicotine,CHRNA4,agonist
Nicotine,CHRNA5,agonist
Nicotine,CHRNA6,agonist
Nicotine,CHRNA7,agonist
Nicotine,CHRNA9,agonist
Nicotine,CHRNB2,agonist
Nicotine,CHRNB3,agonist
Nicotine,CHRNB4,agonist
Nicotine,CYP19A1,inhibitor
Nicoxamat,TYR,inhibitor
Nidufexor,NR1H4,agonist
Nifedipine,CACNA1C,inhibitor
Nifedipine,CACNA1D,inhibitor
Nifedipine,CACNA1I,inhibitor
Nifedipine,CACNA1S,inhibitor
Nifedipine,CACNB2,inhibitor
Nifedipine,CALM3,inhibitor
Nifedipine,KCND3,inhibitor
Nifedipine,NR1I2,agonist
Niflumic acid,CLCNKA,inducer
Niflumic acid,PLA2G1B,inhibitor
Niflumic acid,PLA2G4A,unknown
Niflumic acid,PTGS1,unknown
Niflumic acid,PTGS2,inhibitor
Niflumic acid,UGT1A9,unknown
Niguldipine,ADRA1A,antagonist
Niguldipine,ADRA1B,inhibitor
Niguldipine,ADRA1D,inhibitor
Niguldipine,CACNA1C,inhibitor
Nilotinib,ABL1,inhibitor
Nilotinib,CSF3R,inhibitor
Nilotinib,DDR1,inhibitor
Nilotinib,KIT,inhibitor
Nilotinib,PDGFRB,inhibitor
Nilutamide,AR,antagonist
Nilvadipine,CACNA1C,inhibitor
Nilvadipine,CACNA1D,inhibitor
Nilvadipine,CACNA1H,inhibitor
Nilvadipine,CACNA1I,inhibitor
Nilvadipine,CACNA1S,inhibitor
Nilvadipine,CACNA2D1,inhibitor
Nilvadipine,CACNA2D3,inhibitor
Nilvadipine,CACNB2,inhibitor
Nilvadipine,CACNB4,blocker
Nimesulide,LTF,inhibitor
Nimesulide,PLA2G2E,unknown
Nimesulide,PTGS2,inhibitor
Nimesulide,TNFSF10,modulator
Nimodipine,AHR,agonist
Nimodipine,CACNA1C,inhibitor
Nimodipine,CACNA1D,inhibitor
Nimodipine,CACNA1F,inhibitor
Nimodipine,CACNA1S,inhibitor
Nimodipine,CACNB1,inhibitor
Nimodipine,CACNB2,inhibitor
Nimodipine,CACNB3,inhibitor
Nimodipine,CACNB4,inhibitor
Nimodipine,NR3C2,antagonist
Nintedanib,FGFR1,inhibitor
Nintedanib,FGFR2,inhibitor
Nintedanib,FGFR3,inhibitor
Nintedanib,FLT1,inhibitor
Nintedanib,FLT3,inhibitor
Nintedanib,FLT4,inhibitor
Nintedanib,KDR,inhibitor
Nintedanib,LCK,inhibitor
Nintedanib,LYN,inhibitor
Nintedanib,PDGFRA,inhibitor
Nintedanib,PDGFRB,inhibitor
Nintedanib,SRC,inhibitor
Nipecotic acid,ABAT,inhibitor
Nipecotic acid,ADORA3,inhibitor
Nipecotic acid,SLC6A1,inhibitor
Nipecotic acid,SLC6A11,inhibitor
Niperotidine,HRH2,antagonist
Niraparib,PARP1,inhibitor
Niraparib,PARP2,inhibitor
Niravoline,OPRK1,modulator
Niraxostat,XDH,inhibitor
Nirogacestat,APH1A,modulator
Nirogacestat,APH1B,modulator
Nirogacestat,NCSTN,modulator
Nirogacestat,PSEN1,inhibitor
Nirogacestat,PSEN2,inhibitor
Nirogacestat,PSENEN,modulator
Nisoldipine,CACNA1C,inhibitor
Nisoldipine,CACNA1D,inhibitor
Nisoldipine,CACNA1S,inhibitor
Nisoldipine,CACNA2D1,inhibitor
Nisoldipine,CACNB2,inhibitor
Nisoxetine,SLC6A2,inhibitor
Nisoxetine,SLC6A3,inhibitor
Nisoxetine,SLC6A4,inhibitor
Nitecapone,COMT,modulator
Nitisinone,HPD,inhibitor
Nitraquazone,PDE4A,inhibitor
Nitraquazone,PDE4B,inhibitor
Nitrate,CA1,inhibitor
Nitrate,CA2,inhibitor
Nitrazepam,GABRA1,antagonist
Nitrazepam,GABRG3,ligand
Nitrazepam,GABRQ,positive allosteric modulator
Nitrazepam,SCN1A,other/unknown
Nitrendipine,CACNA1A,inhibitor
Nitrendipine,CACNA1C,inhibitor
Nitrendipine,CACNA1D,inhibitor
Nitrendipine,CACNA1H,inhibitor
Nitrendipine,CACNA1S,inhibitor
Nitrendipine,CACNA2D1,inhibitor
Nitrendipine,CACNA2D2,inhibitor
Nitrendipine,CACNB2,inhibitor
Nitrendipine,KCNN3,inhibitor
Nitric Oxide,GUCY1A1,stimulator
Nitric Oxide,GUCY1A2,inducer
Nitric Oxide,GUCY1B1,stimulator
Nitric Oxide,IDO1,inhibitor
Nitric Oxide,MT1A,disruptor
Nitric Oxide,NOS3,product of
Nitrilotriacetic acid,LTF,inhibitor
Nitroarginine,NOS1,inhibitor
Nitroarginine,NOS3,inhibitor
Nitroaspirin,PTGS1,inhibitor
Nitroaspirin,PTGS2,inhibitor
Nitroglycerin,EGFR,activator
Nitroglycerin,GUCY1A1,modulator
Nitroglycerin,GUCY1B1,modulator
Nitroglycerin,NPR1,agonist
Nitromethyldethia coenzyme A,CS,unknown
Nitroprusside,GUCY1A1,modulator
Nitroprusside,GUCY1B1,modulator
Nitroprusside,ITPR1,antagonist
Nitroprusside,ITPR2,antagonist
Nitroprusside,ITPR3,antagonist
Nitroprusside,NPR1,agonist
Nitrosoethane,MB,unknown
Nitrous acid,HBA1,oxidizer
Nitrous acid,HBB,oxidizer
Nitrous acid,MB,oxidizer
Nitroxoline,METAP2,inhibitor
Nivocasan,CASP1,modulator
Nizatidine,HRH2,antagonist
Noberastine,HRH1,antagonist
Nocodazole,HPGDS,unknown
Nogalamycin,TOP1,intercalation
Nojirimycine Tetrazole,LCT,unknown
Nojirimycine Tetrazole,LCTL,unknown
Nojirimycine Tetrazole,PYGM,inhibitor
Nomegestrol acetate,ESR1,modulator
Nomifensine,DRD2,antagonist
Nomifensine,MAOA,unknown
Nomifensine,MAOB,unknown
Nomifensine,MPO,unknown
Nomifensine,SLC18A2,unknown
Nomifensine,SLC6A2,unknown
Nomifensine,SLC6A3,unknown
Nomifensine,SLC6A4,unknown
Nona-arginine,NOS2,modulator
Nonivamide,TRPV1,agonist
Norclozapine,CHRM1,modulator
Norclozapine,DRD2,unknown
Norclozapine,DRD3,unknown
Nordazepam,GABRG3,ligand
Nordazepam,GABRQ,positive allosteric modulator
Norelgestromin,ALB,binder
Norelgestromin,AR,partial agonist
Norelgestromin,PGR,agonist
Norepinephrine,ADRA1A,agonist
Norepinephrine,ADRA1B,agonist
Norepinephrine,ADRA1D,agonist
Norepinephrine,ADRA2A,agonist
Norepinephrine,ADRA2B,agonist
Norepinephrine,ADRA2C,agonist
Norepinephrine,ADRB1,agonist
Norepinephrine,ADRB2,agonist
Norepinephrine,ADRB3,agonist
Norepinephrine,PAH,inhibitor
Norepinephrine,SLC18A1,binder
Norepinephrine,SLC18A2,binder
Norethisterone,AR,agonist
Norethisterone,NR3C1,agonist
Norethisterone,PGR,agonist
Norethynodrel,AR,unknown
Norethynodrel,ESR1,unknown
Norethynodrel,SHBG,unknown
Norfloxacin,TOP2A,inhibitor
Norfloxacin,TOP2B,inhibitor
Norgestimate,AR,partial agonist
Norgestimate,ESR1,agonist
Norgestimate,PGR,agonist
Norgestrel,AR,agonist
Norgestrel,PGR,agonist
Norgestrel,SRD5A1,inhibitor
Norleucine,HNF1A,inhibitor
Nortriptyline,ADRA1A,antagonist
Nortriptyline,ADRA1B,antagonist
Nortriptyline,ADRA1D,antagonist
Nortriptyline,ADRA2C,antagonist
Nortriptyline,ADRB3,antagonist
Nortriptyline,CHRM5,antagonist
Nortriptyline,DRD2,antagonist
Nortriptyline,HRH1,antagonist
Nortriptyline,HTR1A,antagonist
Nortriptyline,HTR2A,antagonist
Nortriptyline,HTR2C,antagonist;downregulator
Nortriptyline,SIGMAR1,binder
Nortriptyline,SLC6A2,inhibitor
Nortriptyline,SLC6A4,inhibitor
Norvaline,GATM,unknown
Norvaline,OTC,unknown
Noscapine,SIGMAR1,unknown
Novo Nordisk a/S Compound,PTPN1,inhibitor
Novobiocin,TOP2A,inhibitor
Novobiocin,TOP2B,inhibitor
Novolimus,MTOR,inhibitor
Nusinersen,SMN1,antisense oligonucleotide
Nutlin-3,TP53,inhibitor
Nylidrin,CACNA1I,antagonist;agonist
Nylidrin,IFNAR2,agonist
O-Benzylsulfonyl-Serine,PRSS2,unknown
O-acetyl-L-serine,PTGS1,inhibitor
O2-Sulfo-Glucuronic Acid,FGF1,unknown
O2-Sulfo-Glucuronic Acid,HGF,unknown
O2-Sulfo-Glucuronic Acid,HS3ST3A1,unknown
O3-Sulfonylgalactose,MBL2,unknown
OBE101,HRH1,unknown
OBE101,HRH3,unknown
OBP-801,HDAC1,inhibitor
OMS-103HP,IL1R1,unknown
OMS-103HP,TNF,unknown
ONO-2952,TSPO,antagonist
ONO-5334,CTSK,inhibitor
ONT-093,ABCB1,inhibitor
OPB-111077,STAT3,inhibitor
OPC-14523,HTR1A,modulator
OPC-14523,SIGMAR1,modulator
OPC-14523,SLC6A4,unknown
OPC-28326,ADRA1D,antagonist
OPC-28326,ADRA2B,unknown
OPC-28326,ADRA2C,unknown
OPC-28326,HTR2B,unknown
OPC-51803,AVPR2,agonist
ORE-1001,ACE2,inhibitor
ORE-1001,CPN1,unknown
ORE-1001,CPN2,unknown
ORG-25435,GABRG3,modulator
ORG-25935,SLC6A9,inhibitor
ORG-31710,PGR,modulator
ORG-34517,NR3C1,antagonist
ORM-12741,ADRA2C,antagonist
ORP-101,OPRK1,inhibitor
ORP-101,OPRM1,inhibitor
OSI-027,MTOR,inhibitor
OSI-461,PDE5A,unknown
OSI-7904L,TYMS,unknown
OSI-930,FLT1,unknown
OSI-930,KDR,modulator
OSI-930,KIT,modulator
OT-551,NFE2L2,inhibitor
OT-730,ADRB3,antagonist
OTX-008,LGALS1,inhibitor
Obatoclax,BCL2,inhibitor
Obatoclax,BCL2L1,inhibitor
Obatoclax,MCL1,inhibitor
Obeticholic acid,NR1H4,agonist
Obicetrapib,CETP,inhibitor
Obidoxime,ACHE,inhibitor
Obinepitide,NPY2R,unknown
Obinepitide,NPY4R,unknown
Oblimersen,BCL2,inhibitor
Ocadusertib,RIPK1,inhibitor
Ocaperidone,ADRA1A,unknown
Ocaperidone,ADRA1B,unknown
Ocaperidone,ADRA1D,unknown
Ocaperidone,ADRA2A,unknown
Ocaperidone,ADRA2B,unknown
Ocaperidone,ADRA2C,unknown
Ocaperidone,DRD2,modulator
Ocaperidone,HRH1,unknown
Ocaperidone,HTR2A,modulator
Ocaperidone,HTR2B,unknown
Ocaperidone,HTR2C,unknown
Ocedurenone,NR3C2,antagonist
Ocinaplon,GABRG3,modulator
Octanoyl-Coenzyme A,ACADM,unknown
Octanoyl-Coenzyme A,ECHS1,unknown
Octanoyl-Coenzyme A,ECI1,unknown
Octocrylene,ESR1,unknown
Octocrylene,ESR2,unknown
Octopamine,F10,inhibitor
Octylphenoxy polyethoxyethanol,TNNC2,unknown
Odanacatib,CTSK,inhibitor
Odapipam,DRD1,antagonist
Odevixibat,SLC10A2,inhibitor
Odiparcil,F2,inhibitor
Ofloxacin,TOP2A,inhibitor
Oglemilast,PDE4A,inhibitor
Oglemilast,PDE4B,inhibitor
Oglemilast,PDE4D,inhibitor
Olafertinib,EGFR,inhibitor
Olanzapine,ADRA1A,antagonist
Olanzapine,ADRA1B,antagonist
Olanzapine,ADRB3,inhibitor
Olanzapine,CHRM1,antagonist
Olanzapine,CHRM2,antagonist
Olanzapine,CHRM3,antagonist
Olanzapine,CHRM4,antagonist
Olanzapine,DRD1,antagonist
Olanzapine,DRD2,antagonist
Olanzapine,DRD3,antagonist
Olanzapine,DRD4,antagonist
Olanzapine,DRD5,antagonist
Olanzapine,GABRG3,inhibitor
Olanzapine,HRH1,antagonist
Olanzapine,HTR1F,inhibitor
Olanzapine,HTR2A,antagonist
Olanzapine,HTR2C,antagonist
Olanzapine,HTR3A,antagonist
Olanzapine,HTR6,antagonist
Olaparib,AKR1C3,inhibitor
Olaparib,PARP1,inhibitor
Olaparib,PARP2,inhibitor
Olaparib,PARP3,inhibitor
Olcegepant,CALCA,unknown
Olcegepant,CALCRL,antagonist
Oleandrin,ATP1A1,inhibitor
Oleandrin,ATP1A2,inhibitor
Oleandrin,ATP1A3,inhibitor
Oleandrin,ATP1B1,inhibitor
Oleandrin,ATP1B2,inhibitor
Oleandrin,ATP1B3,inhibitor
Oleandrin,BCL2,downregulator
Oleandrin,CASP3,regulator
Oleandrin,CASP8,regulator
Oleandrin,CXCL8,inhibitor
Oleandrin,EGF,inhibitor
Oleandrin,EPHB2,activator
Oleandrin,MMP2,inhibitor;downregulator
Oleandrin,MMP9,inhibitor;downregulator
Oleandrin,MTOR,downregulator
Oleandrin,NGF,inhibitor
Oleandrin,RELA,inhibitor
Oleic Acid,FABP1,inhibitor
Oleic Acid,FABP4,inhibitor
Oleic Acid,PMP2,unknown
Oleic Acid,PPARA,unknown
Oleic Acid,PPARD,unknown
Oleic Acid,PPARG,ligand
Oleic Acid,RXRA,unknown
Oleic monoethanolamide,CNR1,inhibitor
Oleic monoethanolamide,GPR119,agonist
Oleic monoethanolamide,GPR55,agonist
Oleic monoethanolamide,PPARA,agonist
Oleoyl-estrone,GRM2,agonist
Oleoyl-estrone,GRM3,agonist
Oliceridine,OPRM1,agonist
Olitigaltin,LGALS3,inhibitor
Olmesartan,AGTR1,antagonist
Olmutinib,EGFR,inhibitor
Olodanrigan,AGTR2,antagonist
Olodaterol,ADRB2,agonist
Olomoucine,CDK1,binder
Olomoucine,CDK2,inhibitor
Olomoucine,CDK5,inhibitor
Olomoucine,MAPK1,unknown
Olopatadine,HRH1,antagonist
Olopatadine,HRH2,antagonist
Olopatadine,HRH3,antagonist
Olopatadine,S100A1,antagonist
Olopatadine,S100A12,antagonist
Olopatadine,S100A13,other/unknown
Olopatadine,S100A2,antagonist
Olopatadine,S100B,other/unknown
Olorinab,CNR2,agonist
Olsalazine,PTGS2,inhibitor
Olsalazine,TPMT,inhibitor
Olsalazine,XDH,inhibitor
Oltipraz,TGM2,inhibitor
Olutasidenib,IDH1,inhibitor
Omacetaxine mepesuccinate,RPL3,antagonist
Omapatrilat,ACE,modulator
Omapatrilat,MME,modulator
Omarigliptin,DPP4,modulator
Omaveloxolone,KEAP1,inhibitor
Omaveloxolone,NFE2L2,activator
Omecamtiv Mecarbil,MYBPC3,modulator
Omega-3 fatty acids,PPARA,activator
Omega-3 fatty acids,PPARG,ligand
Omega-3 fatty acids,SREBF1,inhibitor
Omega-3-acid ethyl esters,SREBF1,inhibitor
Omega-3-carboxylic acids,DGAT2,antagonist
Omega-3-carboxylic acids,ECHS1,potentiator
Omega-3-carboxylic acids,ELOVL4,potentiator
Omega-3-carboxylic acids,HADH,potentiator
Omega-3-carboxylic acids,HSD17B10,potentiator
Omega-3-carboxylic acids,LPL,stimulator
Omeprazole,AHR,agonist
Omeprazole,ATP4A,inhibitor
Omeprazole,ATP4B,modulator
Omidenepag isopropyl,PTGER1,agonist
Omidenepag isopropyl,PTGER2,agonist
Omigapil,GAPDH,modulator
Omilancor,LANCL2,agonist
Omipalisib,PIK3CG,modulator
Onalespib,HSP90AA1,inhibitor
Onametostat,PRMT5,inhibitor
Onapristone,ADGRD1,unknown
Onapristone,NR3C1,unknown
Onapristone,PGR,modulator
Onatasertib,MTOR,modulator
Ondansetron,HTR1A,other/unknown
Ondansetron,HTR1B,other/unknown
Ondansetron,HTR3A,antagonist
Ondansetron,HTR4,agonist
Ondansetron,OPRM1,other/unknown
Onvansertib,PLK1,inhibitor
Opaganib,SPHK2,inhibitor
Opicapone,COMT,inhibitor
Opium,OPRD1,agonist
Opium,OPRK1,agonist
Opium,OPRM1,agonist
Opnurasib,KRAS,inhibitor
Orantinib,AURKA,inhibitor
Orantinib,AURKB,inhibitor
Orantinib,FGFR1,inhibitor
Orantinib,KDR,inhibitor
Orantinib,PPARG,agonist
Orbofiban,ITGA2B,modulator
Orbofiban,ITGB3,modulator
Orciprenaline,ADRB2,agonist
Ordopidine,DRD2,modulator
Orelabrutinib,BTK,inhibitor
Orforglipron,GLP1R,agonist
Orlistat,CNR1,inhibitor
Orlistat,FASN,inhibitor
Orlistat,LIPF,inhibitor
Orlistat,PNLIP,inhibitor
Orludodstat,DHODH,inhibitor
Ormeloxifene,ESR1,modulator
Ormeloxifene,ESR2,modulator
Ornithine,ARG1,unknown
Ornithine,ARG2,unknown
Ornithine,GATM,unknown
Ornithine,OAT,unknown
Ornithine,OAZ1,unknown
Ornithine,OTC,unknown
Ornithine,SLC25A15,unknown
Ornithine,SLC25A2,unknown
Ornithine,SLC7A1,unknown
Ornithine,SLC7A2,unknown
Orotic acid,DHODH,unknown
Orphenadrine,GRIN1,antagonist
Orphenadrine,GRIN2D,antagonist
Orphenadrine,GRIN3A,antagonist
Orphenadrine,GRIN3B,antagonist
Orphenadrine,HRH1,antagonist
Orphenadrine,SCN10A,inhibitor
Orphenadrine,SLC6A2,inhibitor
Ortataxel,TNF,inhibitor
Orteronel,CYP17A1,modulator
Orvepitant,TACR1,antagonist
Osanetant,TACR3,antagonist
Oseltamivir,NEU1,inhibitor
Oseltamivir,NEU2,inhibitor
Osemozotan,HTR1A,agonist
Osilodrostat,CYP11B1,inhibitor
Osilodrostat,CYP11B2,inhibitor
Osimertinib,EGFR,inhibitor;regulator
Osivelotor,HBA1,inhibitor
Osoresnontrine,PDE9A,inhibitor
Ospemifene,ESR1,antagonist;agonist
Otamixaban,F10,inhibitor
Otenabant,CNR1,antagonist
Ouabain,ATP1A1,inhibitor
Ouabain,ATP1A2,inhibitor
Ouabain,ATP1A3,inhibitor
Ovalicin,METAP1,unknown
Ovalicin,METAP2,unknown
Oxacillin,SLC15A1,binder
Oxacillin,SLC15A2,binder
Oxalic Acid,SRC,inhibitor
Oxaloacetate Ion,CS,unknown
Oxaloacetate Ion,SPR,unknown
Oxametacin,PTGS1,inhibitor
Oxametacin,PTGS2,inhibitor
Oxamic Acid,ABAT,inhibitor
Oxamic Acid,LDHA,unknown
Oxamic Acid,LDHB,unknown
Oxandrolone,AR,agonist
Oxaprozin,PTGS1,inhibitor
Oxaprozin,PTGS2,inhibitor
Oxatomide,HRH1,antagonist
Oxazepam,GABRG3,ligand
Oxazepam,GABRQ,positive allosteric modulator
Oxazepam,TSPO,agonist
Oxazepam acetate,GABRG3,ligand
Oxazepam acetate,GABRQ,positive allosteric modulator
Oxcarbazepine,SCN11A,blocker
Oxcarbazepine,SCN4B,inhibitor
Oxeglitazar,PPARA,modulator
Oxeglitazar,PPARG,modulator
Oxethazaine,GAST,inhibition of synthesis
Oxibendazole,TUBB4B,unknown
Oxiconazole,NR1I2,partial agonist
Oxitropium,CHRM5,modulator
Oxomemazine,CHRM1,agonist
Oxomemazine,HRH1,antagonist
Oxprenolol,ADRB1,antagonist
Oxprenolol,ADRB2,antagonist
Oxprenolol,ADRB3,unknown
Oxtriphylline,ADORA1,antagonist
Oxtriphylline,ADORA2A,antagonist
Oxtriphylline,HDAC2,activator
Oxtriphylline,PDE3A,inhibitor
Oxtriphylline,PDE4A,inhibitor
Oxybenzone,AR,antagonist
Oxybenzone,ESR1,unknown
Oxybenzone,ESR2,unknown
Oxybenzone,LIPE,inhibitor
Oxybenzone,PGR,antagonist
Oxybuprocaine,SCN10A,inhibitor
Oxybutynin,CHRM1,antagonist
Oxybutynin,CHRM2,antagonist
Oxybutynin,CHRM3,antagonist
Oxycodegol,OPRD1,agonist
Oxycodegol,OPRK1,agonist
Oxycodegol,OPRM1,agonist
Oxycodone,CACNA1B,inhibitor
Oxycodone,OPRD1,agonist
Oxycodone,OPRK1,agonist
Oxycodone,OPRM1,agonist
Oxygen,MT-CO1,agonist;activator
Oxygen,NOX1,agonist;activator
Oxymetazoline,ADRA1A,partial agonist
Oxymetazoline,ADRA1B,agonist
Oxymetazoline,ADRA1D,agonist
Oxymetazoline,ADRA2A,agonist;partial agonist
Oxymetazoline,ADRA2B,agonist
Oxymetazoline,ADRA2C,agonist
Oxymetazoline,HTR1A,agonist
Oxymetazoline,HTR1B,agonist
Oxymetazoline,HTR1D,agonist
Oxymetholone,AR,agonist;activator
Oxymorphone,OPRD1,antagonist
Oxymorphone,OPRM1,agonist
Oxyphenbutazone,ALB,modulator
Oxyphenbutazone,PLA2G2E,unknown
Oxyphencyclimine,CHRM1,antagonist
Oxyphencyclimine,CHRM2,antagonist
Oxyphencyclimine,CHRM3,antagonist
Oxyphencyclimine,CHRM5,binder
Oxyphenonium,CHRM1,antagonist
Oxypurinol,XDH,inhibitor
Oxyquinoline,METAP2,inhibitor
Ozagrel,MAPK14,inhibitor
Ozanimod,S1PR1,agonist
Ozanimod,S1PR5,agonist
Ozarelix,GNRHR,modulator
P-(2'-Iodo-5'-Thenoyl)Hydrotropic Acid,PTGS1,inhibitor
P-Anisic Acid,PLA2G1B,inhibitor
P-Anisic Acid,PLA2G2E,unknown
P-Hydroxybenzaldehyde,ABAT,inhibitor
P-Hydroxybenzaldehyde,MAOB,inhibitor
P-Nitrophenol,AMY2B,unknown
P-Nitrophenol,SULT1A1,unknown
P54,NFKB1,unknown
P54,NFKB2,unknown
PAC-1,CASP3,activator
PAS219,SRC,inhibitor
PASBN,SRC,inhibitor
PBT-1033,MAPT,modulator
PCO-371,PTH1R,agonist
PD-166326,ABL1,inhibitor
PD-166326,EGFR,inhibitor
PD-166326,FGFR1,inhibitor
PD-166326,KIT,inhibitor
PD-166326,LCK,inhibitor
PD-166326,MAPK14,inhibitor
PD-166326,PDGFRA,inhibitor
PD-166326,PDGFRB,inhibitor
PD-166326,SRC,inhibitor
PD-168393,EGFR,inhibitor
PD-168393,ERBB2,inhibitor
PD-168393,SRC,unknown
PD-169316,ALOX5,inhibitor
PD-173952,FGFR1,inhibitor
PD-173952,LCK,inhibitor
PD-173952,PDGFRA,inhibitor
PD-173952,PDGFRB,inhibitor
PD-173952,SRC,inhibitor
PD-98059,MAP2K1,inhibitor
PD-98059,MAP2K2,inhibitor
PD150606,CAPNS1,unknown
PD173955,FGFR1,inhibitor
PD173955,LCK,inhibitor
PD173955,PDGFRA,inhibitor
PD173955,PDGFRB,inhibitor
PD173955,SRC,inhibitor
PF-00217830,DRD2,modulator
PF-00356231,MMP12,inhibitor
PF-00489791,PDE5A,inhibitor
PF-00610355,ADRB2,agonist
PF-03463275,SLC6A9,inhibitor
PF-03758309,PAK4,inhibitor
PF-03814735,AURKA,inhibitor
PF-03814735,AURKB,inhibitor
PF-03882845,NR3C2,modulator
PF-04217903,MET,inhibitor
PF-04418948,PTGER2,antagonist
PF-04447943,PDE9A,inhibitor
PF-04620110,DGAT1,inhibitor
PF-04691502,MTOR,modulator
PF-04691502,PIK3CG,modulator
PF-04937319,GCK,modulator
PF-04991532,GCK,activator
PF-04995274,HTR4,agonist
PF-05089771,SCN9A,blocker
PF-05089771,SLC22A12,inhibitor
PF-05105679,TRPM8,modulator
PF-05175157,ACACB,inhibitor
PF-05241328,SCN9A,inhibitor
PF-06260414,AR,modulator
PF-06291874,GCGR,antagonist
PF-06821497,EZH2,inhibitor
PF-06882961,GLP1R,agonist
PF-07059013,HBB,modulator
PF-232798,CCR5,antagonist
PF-4191834,ALOX5,inhibitor
PF-477736,CHEK1,inhibitor
PF-5190457,GHSR,modulator
PG-530742,MMP3,inhibitor
PG-530742,MMP9,unknown
PH-284,AVPR1A,unknown
PH-284,AVPR1B,unknown
PH-797804,MAPK14,unknown
PHA-767491,CDC7,modulator
PHA-793887,CDK1,inhibitor
PHA-793887,CDK2,inhibitor
PHA-793887,CDK4,inhibitor
PI-103,PIK3CG,inhibitor
PIK-75,PIK3CB,inhibitor
PIK-75,PIK3CG,inhibitor
PIK-75,PRKDC,inhibitor
PL-3994,NPR1,agonist
PLX-4720,BRAF,inhibitor
PLX-4720,KDR,inhibitor
PMX-205,C5AR1,antagonist
PNU177836,PTPN1,inhibitor
PP-121,ABL1,inhibitor
PP-121,EGFR,inhibitor
PP-121,HCK,inhibitor
PP-121,KDR,inhibitor
PP-121,MTOR,inhibitor
PP-121,PDGFRA,inhibitor
PP-121,PIK3CB,inhibitor
PP-121,PIK3CG,inhibitor
PP-121,PRKDC,inhibitor
PP-121,SRC,inhibitor
PPI-2458,METAP2,inhibitor
PPL-100,SERPINA1,unknown
PPL-100,SERPINA5,unknown
PPL-100,SERPING1,unknown
PQ-10,PDE10A,unknown
PR-104,TNF,unknown
PR-15,COL1A1,unknown
PR-15,COL1A2,unknown
PR-15,COL3A1,unknown
PRLX 93936,VDAC2,unknown
PRLX 93936,VDAC3,unknown
PRX-07034,HTR6,antagonist
PRX-08066,HTR2B,antagonist
PSI-697,SELP,inhibitor
PSN357,PYGL,unknown
PSN357,PYGM,modulator
PSN9301,DPP4,unknown
PT-2385,EPAS1,inhibitor
PT-2385,HIF1A,inhibitor
PTI-110,APP,inhibitor
PTX-100,FNTA,modulator
PTX-100,FNTB,modulator
PW2101,ADRB1,unknown
PW2101,ADRB2,unknown
PW2101,ADRB3,unknown
PX-102,NR1H4,agonist
PX-12,TXN,inhibitor
PX-12,TXNRD1,inhibitor
PX-478,HIF1A,inhibitor
PXS-4728A free base,AOC3,inhibitor
PZ-128,F2R,antagonist
Paclitaxel,BCL2,inhibitor
Paclitaxel,NR1I2,inducer
Paclitaxel,TUBB1,inhibitor
Paclitaxel docosahexaenoic acid,BCL2,unknown
Pacritinib,FLT3,inhibitor
Pacritinib,JAK2,inhibitor
Pacritinib,JAK3,modulator
Pactimibe,CES1,inhibitor
Padnarsertib,PAK4,inhibitor
Padsevonil,SV2A,inhibitor
Pafolacianine,FOLR1,ligand
Pagoclone,GABRA2,unknown
Pagoclone,GABRA3,unknown
Pagoclone,GABRG3,modulator
Palbociclib,CDK4,inhibitor
Palbociclib,CDK6,inhibitor
Palifosfamide,DNMT1,inhibitor
Paliperidone,ADRA1A,antagonist
Paliperidone,ADRA1B,antagonist
Paliperidone,ADRA2A,antagonist
Paliperidone,ADRA2B,antagonist
Paliperidone,ADRA2C,agonist
Paliperidone,DRD1,antagonist
Paliperidone,DRD2,antagonist
Paliperidone,DRD3,antagonist
Paliperidone,DRD4,antagonist
Paliperidone,HRH1,antagonist
Paliperidone,HTR1A,antagonist
Paliperidone,HTR1D,antagonist
Paliperidone,HTR2A,antagonist
Paliperidone,HTR2C,antagonist
Paliperidone,HTR7,antagonist
Paliroden,GRIA2,modulator
Palmidrol,CNR2,agonist
Palmidrol,GPR119,agonist
Palmidrol,GPR55,agonist
Palmitic Acid,CYP2C8,unknown
Palmitic Acid,FABP4,inhibitor
Palmitic Acid,FABP5,inhibitor
Palmitic Acid,HNF4G,unknown
Palmitic Acid,LALBA,unknown
Palmitic Acid,PAEP,unknown
Palmitic Acid,PMP2,unknown
Palmitic Acid,PPARA,unknown
Palmitic Acid,PPT1,unknown
Palmitic Acid,RHO,unknown
Palmitic Acid,TRAPPC3,unknown
Palmitoyl-Linoleoyl Phosphatidylcholine,PCTP,unknown
Palomid 529,MAPKAP1,inhibitor
Palonosetron,HTR3A,antagonist
Palosuran,UTS2R,inhibitor
Palovarotene,RARG,agonist
Paltusotine,SSTR2,agonist
Palupiprant,PTGER4,antagonist
Pam2csk4,TLR2,agonist
Pam2csk4,TLR6,agonist
Pamapimod,MAPK14,inhibitor
Pamidronic acid,CASP3,activator
Pamidronic acid,CASP9,activator
Pamidronic acid,FDPS,inhibitor
Pamidronic acid,GGPS1,inhibitor
Panadiplon,GABRA1,inhibitor
Panadiplon,GABRB2,inhibitor
Panadiplon,GABRG2,inhibitor
Panamesine,SIGMAR1,binder
Pancuronium,CHRM2,antagonist
Pancuronium,CHRM3,antagonist
Pancuronium,CHRNA2,antagonist
Panobinostat,HDAC1,inhibitor
Panobinostat,HDAC6,inhibitor
Panomifene,ESR1,modulator
Pantoprazole,ATP4A,inhibitor
Pantoprazole,ATP4B,modulator
Pantoprazole,DDAH1,inhibitor
Pantothenoylaminoethenethiol,PPCDC,unknown
Papaverine,PDE10A,inhibitor
Papaverine,PDE1B,inhibitor
Papaverine,PDE4B,inhibitor
Papaverine,PDE4D,inhibitor
Papaverine,PDE5A,inhibitor
Paquinimod,S100A9,inhibitor
Para-Bromobenzyl Alcohol,ADH1C,unknown
Para-Mercury-Benzenesulfonic Acid,CLC,unknown
Para-Mercury-Benzenesulfonic Acid,ESR2,inhibitor
Parachlorophenol,SCN4A,unknown
Paramethadione,CACNA1G,blocker
Paramethadione,CACNA1I,inhibitor
Paramethasone,NR3C1,agonist
Paramethasone,SERPINA6,binder
Paraoxon,ACHE,inhibitor
Paraoxon,CA1,inhibitor
Paraoxon,CA2,inhibitor
Paraoxon,CNR1,inhibitor
Paratoulene phosphate,SRC,inhibitor
Pardoprunox,DRD2,agonist
Pardoprunox,DRD3,unknown
Pardoprunox,DRD4,unknown
Pardoprunox,HTR1A,unknown
Parecoxib,LTF,inhibitor
Parecoxib,PTGS2,inhibitor
Pargyline,MAOA,inhibitor
Pargyline,MAOB,inhibitor
Paricalcitol,VDR,agonist
Paromomycin,RPL10L,inhibitor
Paromomycin,RPSA,inhibitor
Paroxetine,ADRA1D,binder
Paroxetine,ADRA2C,binder
Paroxetine,ADRB3,inhibitor
Paroxetine,CHRM5,inhibitor
Paroxetine,DRD2,other/unknown
Paroxetine,DRD5,other/unknown
Paroxetine,HRH1,inhibitor
Paroxetine,HTR2A,agonist
Paroxetine,HTR2B,agonist
Paroxetine,SLC6A2,inhibitor
Paroxetine,SLC6A4,inhibitor
Parsaclisib,PIK3CD,inhibitor
Parthenolide,IKBKB,inhibitor
Parthenolide,NFKB1,inhibitor
Parthenolide,NFKB2,inhibitor
Parthenolide,REL,inhibitor
Parthenolide,RELA,inhibitor
Parthenolide,RELB,inhibitor
Pasireotide,SSTR1,inhibitor
Pasireotide,SSTR2,inhibitor
Pasireotide,SSTR3,inhibitor
Pasireotide,SSTR5,inhibitor
Patamostat,PRSS1,modulator
Patent Blue,ALB,binder
Patupilone,TUBA1A,unknown
Patupilone,TUBA1B,unknown
Patupilone,TUBA1C,unknown
Patupilone,TUBA3D,unknown
Patupilone,TUBA4A,unknown
Patupilone,TUBA8,unknown
Patupilone,TUBB,unknown
Patupilone,TUBB1,unknown
Patupilone,TUBB3,unknown
Patupilone,TUBB4A,unknown
Patupilone,TUBB4B,unknown
Pavinetant,TACR3,antagonist
Paxalisib,PIK3CG,inhibitor
Pazopanib,FGF1,inhibitor
Pazopanib,FGFR3,inhibitor
Pazopanib,FLT1,inhibitor
Pazopanib,FLT4,inhibitor
Pazopanib,ITK,inhibitor
Pazopanib,KDR,inhibitor
Pazopanib,KIT,inhibitor
Pazopanib,PDGFRA,inhibitor
Pazopanib,PDGFRB,inhibitor
Pazopanib,SH2B3,inhibitor
Pecavaptan,AVPR1A,antagonist
Pecavaptan,AVPR2,antagonist
Peficitinib,JAK1,inhibitor
Peficitinib,JAK3,inhibitor
Pefloxacin,TOP2A,inhibitor
Pefloxacin,TOP2B,inhibitor
Pegamotecan,TOP1,inhibitor
Pegcantratinib,NTRK1,inhibitor
Pegdinetanib,KDR,modulator
Pegnivacogin,F9,inhibitor
Pegpleranib,PDGFB,unknown
Pelabresib,BRD4,modulator
Peldesine,PNP,inhibitor
Pelitinib,EGFR,modulator
Pelitrexol,GART,inhibitor
Pelubiprofen,PTGS1,modulator
Pelubiprofen,PTGS2,modulator
Pemafibrate,PPARA,agonist
Pemetrexed,ATIC,inhibitor
Pemetrexed,DHFR,inhibitor
Pemetrexed,GART,inhibitor
Pemetrexed,TYMS,inhibitor
Pemigatinib,FGFR1,inhibitor
Pemigatinib,FGFR2,inhibitor
Pemigatinib,FGFR3,inhibitor
Pemigatinib,FGFR4,inhibitor
Pemirolast,HRH1,antagonist
Pemrametostat,PRMT5,inhibitor
Penbutolol,ADRB1,antagonist;partial agonist
Penbutolol,ADRB2,antagonist;partial agonist
Penbutolol,HTR1A,antagonist
Penbutolol,HTR1B,antagonist
Penciclovir,TK1,inhibitor
Penfluridol,CACNA1G,blocker
Pentaerythritol tetranitrate,HBA1,agonist
Pentaerythritol tetranitrate,HBB,agonist
Pentagastrin,CCKBR,agonist
Pentaglyme,PFN2,unknown
Pentamidine,TPSAB1,inhibitor
Pentamidine,TRDMT1,other
Pentazocine,OPRK1,agonist
Pentazocine,OPRM1,antagonist
Pentazocine,SIGMAR1,agonist
Pentobarbital,CHRNA4,antagonist
Pentobarbital,CHRNA7,antagonist
Pentobarbital,GABRA1,potentiator
Pentobarbital,GABRA2,potentiator
Pentobarbital,GABRA3,potentiator
Pentobarbital,GABRA4,potentiator
Pentobarbital,GABRA5,potentiator
Pentobarbital,GABRA6,potentiator
Pentobarbital,GABRQ,positive allosteric modulator
Pentobarbital,GRIA2,antagonist
Pentobarbital,GRIK2,antagonist
Pentobarbital,GRIN3B,antagonist
Pentobarbital,NR1I2,activator
Pentolinium,CHRNA10,antagonist
Pentolinium,CHRNA3,antagonist
Pentolinium,CHRNA4,antagonist
Pentolinium,CHRNB4,antagonist
Pentosan polysulfate,FGF1,antagonist
Pentosan polysulfate,FGF2,antagonist
Pentosan polysulfate,FGF4,inhibitor
Pentostatin,ADA,inhibitor
Pentoxifylline,ADORA1,antagonist
Pentoxifylline,ADORA2A,agonist
Pentoxifylline,NT5E,inhibitor
Pentoxifylline,TNF,other/unknown
Pentoxyverine,KCNH2,inhibitor
Pentoxyverine,OPRK1,agonist
Pentoxyverine,OPRM1,antagonist
Pentoxyverine,SCN9A,inhibitor
Pentoxyverine,SIGMAR1,agonist
Peoniflorin,ADORA1,modulator
Peptide YY (3-36),NPY1R,unknown
Peptide YY (3-36),NPY2R,unknown
Peptide YY (3-36),NPY4R,unknown
Peptide YY (3-36),NPY5R,unknown
Perampanel,GRIA1,antagonist
Perampanel,GRIA2,inhibitor
Perampanel,GRIA3,inhibitor
Perampanel,GRIA4,inhibitor
Perazine,DRD2,modulator
Pergolide,ADRA1A,agonist
Pergolide,ADRA1B,agonist
Pergolide,ADRA1D,agonist
Pergolide,ADRA2C,agonist
Pergolide,DRD1,agonist
Pergolide,DRD2,agonist
Pergolide,DRD3,agonist
Pergolide,DRD4,agonist
Pergolide,DRD5,agonist
Pergolide,HTR1A,agonist
Pergolide,HTR1B,agonist
Pergolide,HTR1D,agonist
Pergolide,HTR2A,agonist
Pergolide,HTR2B,agonist
Pergolide,HTR2C,agonist
Perhexiline,CPT1A,inhibitor
Perhexiline,CPT1B,inhibitor
Perhexiline,CPT2,inhibitor
Perhexiline,KCNH2,unknown
Periciazine,ADRA1B,antagonist
Periciazine,ADRA2A,antagonist
Periciazine,AR,unknown
Periciazine,DRD1,antagonist
Perifosine,AKT1,unknown
Perifosine,MAPK1,unknown
Perifosine,PIK3CG,modulator
Perifosine,PRKCA,unknown
Perillyl alcohol,NRAS,modulator
Perindopril,ACE,inhibitor
Perindopril,SFRP4,inhibitor
Permethrin,ESR1,binder
Permethrin,NR1I2,agonist
Permethrin,SCN1A,inhibitor
Perospirone,ADRA1D,antagonist
Perospirone,DRD2,antagonist
Perospirone,DRD4,antagonist
Perospirone,HRH1,inverse agonist
Perospirone,HTR1A,partial agonist
Perospirone,HTR2A,inverse agonist
Perphenazine,CALM3,inhibitor
Perphenazine,DRD1,antagonist
Perphenazine,DRD2,antagonist
Petesicatib,CTSS,antagonist
Pevonedistat,NAE1,modulator
Pevonedistat,NEDD8,inhibitor
Pevonedistat,UBA3,modulator
Pexacerfont,CRHR1,antagonist
Pexidartinib,CSF1R,inhibitor
Pexidartinib,FLT3,inhibitor
Pexidartinib,KIT,inhibitor
Pexidartinib,PDGFRB,inhibitor
Pexmetinib,TEK,modulator
Phenacemide,SCN1A,inhibitor
Phenacetin,IMPDH1,inhibitor
Phenacetin,PTGS1,inhibitor
Phenazocine,OPRD1,inhibitor
Phenazocine,OPRK1,inhibitor
Phenazocine,OPRM1,inhibitor
Phenazopyridine,SCN1A,inhibitor
Phencyclidine,GRIN1,inhibitor
Phencyclidine,GRIN2A,inhibitor
Phencyclidine,GRIN2B,inhibitor
Phencyclidine,GRIN3A,antagonist
Phencyclidine,SIGMAR1,unknown
Phendimetrazine,ADRA1A,agonist
Phendimetrazine,ADRA1B,agonist
Phendimetrazine,SLC6A2,negative modulator
Phenelzine,ABAT,inhibitor
Phenelzine,AOC3,inhibitor
Phenelzine,GAD65,inhibitor
Phenelzine,GPT,inhibitor
Phenelzine,GPT2,inhibitor
Phenelzine,MAOA,antagonist
Phenelzine,MAOB,antagonist
Phenethyl Isothiocyanate,ACTA2,unknown
Phenethyl Isothiocyanate,ACTB,unknown
Phenethyl Isothiocyanate,ATP5F1B,unknown
Phenethyl Isothiocyanate,ATP5ME,unknown
Phenethyl Isothiocyanate,ATP5MG,unknown
Phenethyl Isothiocyanate,CYB5B,unknown
Phenethyl Isothiocyanate,DIABLO,unknown
Phenethyl Isothiocyanate,FBXO41,unknown
Phenethyl Isothiocyanate,HNRNPF,unknown
Phenethyl Isothiocyanate,HNRNPK,unknown
Phenethyl Isothiocyanate,HSPA4,unknown
Phenethyl Isothiocyanate,HSPB1,unknown
Phenethyl Isothiocyanate,HSPE1,unknown
Phenethyl Isothiocyanate,HSPH1,unknown
Phenethyl Isothiocyanate,MT-ND1,unknown
Phenethyl Isothiocyanate,NUDC,unknown
Phenethyl Isothiocyanate,PAPPA,unknown
Phenethyl Isothiocyanate,PSMA3,unknown
Phenethyl Isothiocyanate,PSMC3,unknown
Phenethyl Isothiocyanate,RANBP1,unknown
Phenethyl Isothiocyanate,S100A10,unknown
Phenethyl Isothiocyanate,SF3A3,unknown
Phenethyl Isothiocyanate,SMARCE1,unknown
Phenethyl Isothiocyanate,SUCLG2,unknown
Phenethyl Isothiocyanate,TPD52L2,unknown
Phenethyl Isothiocyanate,TPM1,unknown
Phenethyl Isothiocyanate,TPM3,unknown
Phenethyl Isothiocyanate,TPM4,unknown
Phenethyl Isothiocyanate,TUBA1A,unknown
Phenethyl Isothiocyanate,TUBA3D,unknown
Phenethyl Isothiocyanate,TUBA4A,unknown
Phenethyl Isothiocyanate,TUBB1,unknown
Phenethyl Isothiocyanate,TUBB2A,unknown
Phenethyl Isothiocyanate,TUBB3,unknown
Phenethyl Isothiocyanate,TUBB4B,unknown
Phenethyl Isothiocyanate,TXN,unknown
Phenethyl Isothiocyanate,UCHL1,unknown
Phenethyl Isothiocyanate,USP14,unknown
Phenethyl Isothiocyanate,VCP,unknown
Phenethyl Isothiocyanate,VIM,unknown
Phenethyl Isothiocyanate,YWHAB,unknown
Phenethyl Isothiocyanate,YWHAE,unknown
Phenethyl Isothiocyanate,YWHAH,unknown
Phenethyl Isothiocyanate,YWHAQ,unknown
Phenethyl Isothiocyanate,YWHAZ,unknown
Phenethylamine,HTR2A,inhibitor
Phenethylamine,PRSS1,unknown
Phenethylamine,PRSS2,unknown
Phenformin,KCNJ8,inhibitor
Phenformin,PRKAA1,activator
Phenformin,PRKAB1,activator
Phenformin,PRKAG1,activator
Phenindamine,HRH1,antagonist
Phenindione,VKORC1,inhibitor
Pheniramine,HRH1,inverse agonist
Pheniramine,HRH4,inverse agonist
Pheniramine,NR1I3,agonist
Phenmetrazine,SLC6A2,inhibitor
Phenmetrazine,SLC6A3,inhibitor
Phenobarbital,CHRNA4,antagonist
Phenobarbital,CHRNA7,antagonist
Phenobarbital,GABRA1,potentiator
Phenobarbital,GRIA2,antagonist
Phenobarbital,GRIK2,antagonist
Phenobarbital,GRIN3B,antagonist
Phenobarbital,NR1I2,activator
Phenol,ALB,unknown
Phenol,CA1,inhibitor
Phenol,CA12,inhibitor
Phenol,CA14,inhibitor
Phenol,CA2,inhibitor
Phenol,CA4,inhibitor
Phenol,CA9,inhibitor
Phenolphthalein,ESR1,agonist
Phenolphthalein,NR1I2,unknown
Phenolphthalein,NR1I3,unknown
Phenolphthalein,SHBG,unknown
Phenolphthalein,UGT1A9,unknown
Phenothiazine,AR,unknown
Phenoxybenzamine,ADRA1A,antagonist
Phenoxybenzamine,ADRA1B,antagonist
Phenoxybenzamine,ADRA1D,antagonist
Phenoxybenzamine,ADRA2A,antagonist
Phenoxybenzamine,ADRA2B,antagonist
Phenoxybenzamine,ADRA2C,antagonist
Phenoxybenzamine,ADRB2,binder
Phenoxybenzamine,CALM3,inhibitor
Phenoxybenzamine,DRD2,antagonist
Phenoxymethylpenicillin,SLC15A1,transporter
Phenprocoumon,VKORC1,inhibitor
Phenserine,ACHE,inhibitor
Phenserine,APP,unknown
Phenserine,BCHE,inhibitor
Phentermine,MAOA,antagonist
Phentermine,MAOB,antagonist
Phentermine,NPY,inhibitor
Phentermine,SLC6A2,inhibitor
Phentermine,SLC6A3,inhibitor
Phentermine,SLC6A4,inhibitor
Phentolamine,ADRA1D,antagonist
Phentolamine,ADRA2C,antagonist
Phentolamine,DRD2,antagonist
Phentolamine,KCNJ11,blocker
Phenyl salicylate,PTGS1,inhibitor
Phenyl salicylate,PTGS2,inhibitor
Phenylalanine,FARS2,unknown
Phenylalanine,FARSA,unknown
Phenylalanine,FARSB,unknown
Phenylalanine,PAH,unknown
Phenylalanine,SLC7A8,unknown
Phenylalanine,TAT,unknown
Phenylalanine,TH,binder
Phenylalanine-N-Sulfonamide,CPA1,unknown
Phenylalanylamide,TACR1,inhibitor
Phenylalanylmethylchloride,CTRB1,unknown
Phenylboronic acid,CA1,inhibitor
Phenylboronic acid,CA2,inhibitor
Phenylboronic acid,CA4,inhibitor
Phenylbutazone,PTGIS,inhibitor
Phenylbutazone,PTGS1,inhibitor
Phenylbutazone,PTGS2,inhibitor
Phenylbutyric acid,HDAC1,inhibitor
Phenylbutyric acid,HDAC6,inhibitor
Phenylbutyric acid,PRKCA,modulator
Phenylephrine,ADRA1A,agonist
Phenylephrine,ADRA1B,agonist
Phenylephrine,ADRA1D,agonist
Phenylephrine,DRD2,agonist
Phenylethane Boronic Acid,CA1,inhibitor
Phenylethane Boronic Acid,CA2,inhibitor
Phenylethane Boronic Acid,CTRB1,unknown
Phenylphosphate,SRC,inhibitor
Phenylpropanolamine,ADRA2C,unknown
Phenylpropanolamine,ADRB1,agonist
Phenylpropanolamine,ADRB2,agonist
Phenylpropanolamine,DRD1,partial agonist
Phenylpropanolamine,TERT,inhibitor
Phenylpyruvic acid,HAO1,unknown
Phenyltoloxamine,DRD1,inhibitor
Phenyltoloxamine,DRD2,inhibitor
Phenyltoloxamine,DRD4,inhibitor
Phenyltoloxamine,DRD5,inhibitor
Phenytoin,CACNA1A,inhibitor
Phenytoin,KCNH2,inhibitor
Phenytoin,NR1I2,agonist
Phenytoin,SCN1A,inhibitor
Phenytoin,SCN1B,inhibitor
Phenytoin,SCN2A,inhibitor
Phenytoin,SCN3A,inhibitor
Phenytoin,SCN5A,inhibitor
Phenytoin,SCN8A,inhibitor
Phloretin,SLC23A1,inhibitor
Phlorizin,SLC5A1,inhibitor
Pholcodine,OPRD1,antagonist
Pholcodine,OPRK1,antagonist
Pholcodine,OPRM1,antagonist
Phorbol 12-myristate 13-acetate diester,KCNJ5,inhibitor
Phorbol 12-myristate 13-acetate diester,KCNT1,activator
Phorbol 12-myristate 13-acetate diester,KCNT2,inhibitor
Phorbol 12-myristate 13-acetate diester,TRPV4,activator
Phosphatidyl ethanol,NR5A1,unknown
Phosphatidyl serine,ATP8A1,unknown
Phosphatidyl serine,DGKD,unknown
Phosphatidyl serine,DGKG,unknown
Phosphatidyl serine,PISD,unknown
Phosphatidyl serine,PRKCA,unknown
Phosphatidyl serine,PTDSS1,unknown
Phosphatidyl serine,PTDSS2,unknown
Phosphatidyl serine,SCARB1,unknown
Phosphatidyl serine,SMPD3,unknown
Phosphatidyl serine,SMPD4,unknown
Phosphatidylethanolamine,PROCR,unknown
Phosphatidylethanolamine,PTEN,substrate
Phosphocreatine,CKB,ligand
Phosphocreatine,CKM,ligand
Phosphocreatine,CKMT1A,ligand
Phosphocreatine,CKMT2,ligand
Phosphocreatine,GAMT,product of
Phosphocreatine,SLC6A8,unknown
Phosphoenolpyruvate,ENO3,unknown
Phosphoenolpyruvate,PCK1,unknown
Phosphoglycolohydroxamic Acid,TPI1,unknown
Phosphonoacetohydroxamic Acid,ENO3,unknown
Phosphonothreonine,AURKA,inhibitor
Phosphonothreonine,CDK7,inhibitor
Phosphonothreonine,MAPK1,inhibitor
Phosphonothreonine,MAPK12,inhibitor
Phosphonothreonine,PRKACA,unknown
Phosphonothreonine,PRKACB,unknown
Phosphonothreonine,PRKCQ,inhibitor
Phosphonothreonine,RHO,unknown
Phosphonothreonine,S100A11,unknown
Phosphonotyrosine,HCK,unknown
Phosphonotyrosine,KIT,inhibitor
Phosphonotyrosine,SRC,inhibitor
Phosphoramidon,KEL,unknown
Phosphoramidon,MME,inhibitor
Phosphorylcolamine,PRKCB,inhibitor
Phosphorylisopropane,CTRB1,unknown
Phosphorylisopropane,PRSS1,unknown
Phosphorylisopropane,PRSS2,unknown
Phthalic Acid,ESR1,unknown
Phthalic Acid,ESR2,unknown
Phthalic Acid,PGR,unknown
Phthalic Acid,PPARA,unknown
Phthalic Acid,PPARD,unknown
Phthalic Acid,PPARG,unknown
Phthalic Acid,RXRA,unknown
Phthalic Acid,RXRB,unknown
Phthalic Acid,RXRG,unknown
Phylloquinone,BGLAP,agonist
Phylloquinone,F2,cofactor
Phylloquinone,GGCX,substrate;inducer;cofactor
Physostigmine,ACHE,inhibitor
Physostigmine,CHRNA4,antagonist
Physostigmine,CHRNB2,antagonist
Piboserod,HTR4,antagonist
Pibutidine,HRH2,modulator
Piceatannol,ATP5F1A,unknown
Piceatannol,ATP5F1B,unknown
Piceatannol,ATP5F1C,unknown
Piclamilast,PDE4A,inhibitor
Piclamilast,PDE4B,inhibitor
Piclamilast,PDE4C,unknown
Piclamilast,PDE4D,inhibitor
Piclidenoson,ADORA3,agonist
Piclozotan,HTR1A,agonist
Picolinic acid,UBR4,unknown
Picolinic acid,ZFY,unknown
Picropodophyllin,IGF1R,inhibitor
Picrotoxin,GABRA1,antagonist
Picrotoxin,GABRR1,antagonist
Picrotoxin,GLRA1,antagonist
Picrotoxin,GLRA2,antagonist
Picrotoxin,GLRA3,antagonist
Pictilisib,PIK3CG,inhibitor
Picumeterol,ADRB2,agonist
Pidolic acid,ADAM28,unknown
Pidolic acid,AMY2A,inhibitor
Pidolic acid,AMY2B,unknown
Pidolic acid,CCL8,unknown
Pidolic acid,HCRT,unknown
Pidolic acid,IGLC1,unknown
Pidolic acid,IGLV2-8,unknown
Pidolic acid,KRTAP5-2,unknown
Pidolic acid,TFF2,unknown
Pidolic acid,VEGFA,unknown
Piflufolastat F 18,FOLH1,binder
Pilaralisib,PIK3CA,unknown
Pilaralisib,PIK3CG,modulator
Pilocarpine,CHRM1,agonist
Pilocarpine,CHRM2,agonist
Pilocarpine,CHRM3,agonist
Pilocarpine,CHRM4,partial agonist
Pilocarpine,CHRM5,agonist
Pimagedine,AKR1B1,unknown
Pimagedine,AOC1,inhibitor
Pimagedine,CCR2,antagonist
Pimagedine,NOS2,inhibitor;downregulator
Pimagedine,TIMP3,unknown
Pimasertib,MAP2K7,inhibitor
Pimavanserin,HTR2A,inverse agonist
Pimavanserin,HTR2C,inverse agonist
Pimavanserin,SIGMAR1,binder
Pimecrolimus,FKBP1A,potentiator
Pimecrolimus,MTOR,potentiator
Pimecrolimus,PPP3CA,inhibitor
Pimicotinib,CSF1R,inhibitor
Pimitespib,HSP90AB1,inhibitor
Pimozide,CALM3,inhibitor
Pimozide,DRD2,antagonist
Pimozide,DRD3,antagonist
Pimozide,KCNH2,inhibitor
Pinaverium,CACNA1S,antagonist;inhibitor
Pinazepam,GABRG3,ligand
Pinazepam,GABRQ,positive allosteric modulator
Pindolol,ADRB1,partial agonist
Pindolol,ADRB2,partial agonist
Pindolol,ADRB3,agonist
Pindolol,HTR1A,antagonist
Pindolol,HTR1B,antagonist
Pinometostat,DOT1L,modulator
Pioglitazone,MAOB,inhibitor
Pioglitazone,PPARG,agonist
Pipamperone,ADRA1D,antagonist
Pipamperone,ADRA2A,antagonist
Pipamperone,DRD1,antagonist
Pipamperone,DRD2,antagonist
Pipamperone,DRD3,unknown
Pipamperone,DRD4,antagonist
Pipamperone,HTR2A,agonist
Pipamperone,HTR2B,unknown
Pipecuronium,CHRM2,antagonist
Pipecuronium,CHRM3,antagonist
Pipecuronium,CHRNA2,antagonist
Pipendoxifene,ESR1,inhibitor
Pipendoxifene,ESR2,inhibitor
Piperacetazine,DRD2,modulator
Piperazine,GABRB3,agonist
Piperine,MAOA,inhibitor
Piperine,MAOB,inhibitor
Piperine,NR1I2,unknown
Pipotiazine,DRD1,antagonist
Pipotiazine,DRD2,antagonist
Pipotiazine,HTR1A,antagonist
Pipotiazine,HTR2A,antagonist
Pipradrol,DRD5,agonist
Piragliatin,GCK,modulator
Pirazolac,PTGS1,modulator
Pirazolac,PTGS2,modulator
Pirbuterol,ADRB1,agonist
Pirbuterol,ADRB2,agonist
Pirenperone,HTR7,antagonist
Pirenzepine,CHRM1,antagonist
Piretanide,SLC12A1,inhibitor
Pirfenidone,TGFB1,modulator
Piribedil,ADRA2C,antagonist
Piribedil,DRD2,agonist
Piribedil,DRD3,agonist
Piribedil,DRD4,antagonist
Piribedil,HTR1A,agonist
Piribedil,HTR2B,antagonist
Piridronic acid,FDPS,inhibitor
Pirinixic acid,PPARA,inhibitor
Piritrexim,DHFR,modulator
Pirlindole,ADRA2A,antagonist
Pirlindole,HTR1A,antagonist
Pirlindole,MAOA,antagonist
Pirmagrel,TBXAS1,inhibitor
Piromelatine,HTR1A,agonist
Piromelatine,HTR1D,agonist
Piromelatine,MTNR1A,agonist
Piroxicam,PTGS1,inhibitor
Piroxicam,PTGS2,inhibitor
Pirtobrutinib,BTK,inhibitor
Pitavastatin,HMGCR,inhibitor
Pitavastatin,ITGAL,inhibitory allosteric modulator
Pitolisant,HRH3,antagonist;inverse agonist
Pitolisant,KCNH2,blocker
Pixantrone,TOP2A,modulator
Pixantrone,TOP2B,modulator
Pizotifen,ADRA1A,antagonist
Pizotifen,ADRA1B,antagonist
Pizotifen,ADRA1D,antagonist
Pizotifen,ADRA2A,antagonist
Pizotifen,ADRA2B,antagonist
Pizotifen,ADRA2C,antagonist
Pizotifen,CHRM1,antagonist
Pizotifen,CHRM2,antagonist
Pizotifen,CHRM3,antagonist
Pizotifen,HRH1,antagonist
Pizotifen,HTR1A,partial agonist
Pizotifen,HTR1B,antagonist
Pizotifen,HTR2A,antagonist
Pizotifen,HTR2B,antagonist
Pizotifen,HTR2C,antagonist
Platelet Activating Factor,GM2A,unknown
Platelet Activating Factor,PTAFR,agonist
Plazomicin,MRM2,inhibitor
Plecanatide,GUCY2C,agonist
Plerixafor,CXCR4,antagonist;inhibitor
Plinabulin,EIF2B1,stimulator
Plinabulin,EIF2B2,stimulator
Plinabulin,TNF,unknown
Plitidepsin,EEF1A2,unknown
Plitidepsin,PPT1,modulator
Plixorafenib,BRAF,inhibitor
Plomestane,CYP19A1,inhibitor
Podofilox,TOP2A,inhibitor
Podofilox,TOP2B,modulator
Podofilox,TUBA4A,inhibitor
Podofilox,TUBB,inhibitor
Polaprezinc,FLT1,agonist
Polaprezinc,HSP90AA1,agonist
Polaprezinc,HSP90AB1,agonist
Polaprezinc,IL3,inhibitor
Polaprezinc,IL6,inhibitor
Polaprezinc,NGF,agonist
Polaprezinc,PDGFRB,agonist
Polaprezinc,TNF,inhibitor
Polmacoxib,CA1,inhibitor
Polmacoxib,CA2,inhibitor
Polmacoxib,PTGS2,inhibitor
Polydatin,PKM,inhibitor
Polyestradiol phosphate,ESR1,agonist
Polyestradiol phosphate,SRD5A1,modulator
Polyestradiol phosphate,SRD5A2,modulator
Polyethylene glycol 400,ENPP1,other
Polyethylene glycol 400,HTATIP2,unknown
Polythiazide,SLC12A3,inhibitor
Pomaglumetad methionil,GRM2,unknown
Pomaglumetad methionil,GRM3,unknown
Pomalidomide,CRBN,inhibitor
Pomalidomide,PTGS2,inhibitor
Pomalidomide,TNF,inhibitor
Ponalrestat,AKR1B1,inhibitor
Ponalrestat,SLC5A4,blocker
Ponatinib,ABL1,inhibitor
Ponatinib,BCR,inhibitor
Ponatinib,FGFR1,inhibitor
Ponatinib,FGFR2,inhibitor
Ponatinib,FGFR3,inhibitor
Ponatinib,FGFR4,inhibitor
Ponatinib,FLT3,inhibitor
Ponatinib,KDR,inhibitor
Ponatinib,KIT,inhibitor
Ponatinib,LCK,inhibitor
Ponatinib,LYN,inhibitor
Ponatinib,PDGFRA,inhibitor
Ponatinib,RET,inhibitor
Ponatinib,SRC,inhibitor
Ponatinib,TEK,inhibitor
Ponesimod,S1PR1,agonist;modulator;regulator
Porfimer sodium,FCGR1A,antagonist
Porfimer sodium,LDLR,other/unknown
Porphobilinogen,ALAD,inhibitor
Porphyrin Fe(III),MB,unknown
Posatirelin,TRHR,modulator
Poseltinib,BTK,inhibitor
Posiphen,ACHE,inhibitor
Posizolid,MAOA,unknown
Potassium,ATP1A1,regulator
Potassium acetate,ATP1A1,unknown
Potassium cation,ATP1A1,unknown
Potassium chloride,SLC12A1,binder
Potassium chloride,SLC12A2,unknown
Potassium chloride,SLC12A4,unknown
Potassium chloride,SLC12A5,unknown
Potassium chloride,SLC12A6,unknown
Potassium chloride,SLC12A7,unknown
Potassium nitrate,KCNH2,agonist
Potassium perchlorate,SLC5A5,inhibitor
Potassium sulfate,ATP1A1,unknown
Pozanicline,CHRNA4,modulator
Pozanicline,CHRNB2,modulator
Poziotinib,EGFR,inhibitor;binder
Poziotinib,ERBB2,inhibitor
Pracinostat,HDAC1,unknown
Pracinostat,HDAC2,unknown
Pracinostat,HDAC3,unknown
Pracinostat,HDAC6,unknown
Practolol,ADRB1,antagonist
Pradefovir mesylate,CYP3A4,unknown
Pradigastat,DGAT1,modulator
Pralatrexate,DHFR,substrate;inhibitor
Pralatrexate,FPGS,substrate
Pralatrexate,PDF,inhibitor
Pralatrexate,TYMS,substrate;inhibitor
Praliciguat,GUCY1A1,agonist
Praliciguat,GUCY1B1,agonist
Pralidoxime,ACHE,activator
Pralidoxime,BCHE,activator
Pralmorelin,GHSR,agonist
Pralmorelin,PGD,inhibitor
Pralnacasan,CASP1,modulator
Pralsetinib,DDR1,inhibitor
Pralsetinib,FGFR1,inhibitor
Pralsetinib,FGFR2,inhibitor
Pralsetinib,FLT3,inhibitor
Pralsetinib,JAK1,inhibitor
Pralsetinib,JAK2,inhibitor
Pralsetinib,KDR,inhibitor
Pralsetinib,NTRK1,inhibitor
Pralsetinib,NTRK3,inhibitor
Pralsetinib,PDGFRB,inhibitor
Pralsetinib,RET,inhibitor
Pramipexole,ADRA2A,agonist
Pramipexole,DRD2,agonist
Pramipexole,DRD3,agonist
Pramipexole,DRD4,agonist
Pramipexole,HTR1A,agonist
Pramiracetam,CHRM5,modulator
Pramlintide,CALCR,agonist
Pramlintide,GLP1R,agonist
Pramlintide,RAMP1,agonist
Pramlintide,RAMP2,agonist
Pramlintide,RAMP3,agonist
Pramocaine,SCN9A,inhibitor
Pranazepide,CCKAR,inhibitor
Pranlukast,CYSLTR1,antagonist
Pranlukast,IL5,antagonist
Pranlukast,MUC2,other/unknown
Pranlukast,NFKB1,other/unknown
Pranlukast,RNASE3,other/unknown
Pranlukast,TNF,other/unknown
Pranoprofen,PTGS2,inhibitor
Prasterone,AR,agonist
Prasterone,ESR1,binder
Prasterone,ESR2,activator
Prasterone,G6PD,inhibitor
Prasterone,GABRQ,antagonist
Prasterone,GRIN3B,agonist
Prasterone,NR1I2,activator
Prasterone,NR1I3,activator
Prasterone,PPARA,activator
Prasterone,SIGMAR1,agonist
Prasugrel,P2RY12,antagonist
Pratosartan,AGTR1,antagonist
Pravadoline,CNR1,inhibitor
Pravadoline,CNR2,inhibitor
Pravastatin,HDAC2,inhibitor
Pravastatin,HMGCR,inhibitor
Prazepam,GABRG3,ligand
Prazepam,GABRQ,positive allosteric modulator
Prazepam,TSPO,modulator
Praziquantel,HPGDS,inhibitor
Prazosin,ADRA1A,antagonist
Prazosin,ADRA1B,antagonist
Prazosin,ADRA1D,antagonist
Prazosin,ADRA2A,binder
Prazosin,ADRA2B,binder
Prazosin,KCNH2,inhibitor
Preclamol,DRD2,inhibitor
Prednicarbate,ESRRA,modulator
Prednicarbate,ESRRB,modulator
Prednicarbate,ESRRG,modulator
Prednicarbate,NR3C1,agonist
Prednisolone,NR3C1,agonist
Prednisolone,NR3C2,agonist
Prednisolone acetate,NR3C1,agonist
Prednisolone acetate,NR3C2,agonist
Prednisolone phosphate,ANXA1,ligand
Prednisolone phosphate,NR3C1,agonist
Prednisolone sodium metazoate,ESRRA,modulator
Prednisolone sodium metazoate,ESRRB,modulator
Prednisolone sodium metazoate,ESRRG,modulator
Prednisone,NR3C1,agonist
Pregabalin,CACNA2D1,modulator
Pregnenolone,ESRRA,agonist
Pregnenolone,NR1I2,unknown
Pregnenolone,SULT2B1,unknown
Preladenant,ADORA2A,antagonist
Prenalterol,ADRB3,agonist
Prenylamine,CALM3,unknown
Prenylamine,MYLK2,inhibitor
Prexasertib,CHEK1,inhibitor
Pridopidine,DRD2,modulator
Prifelone,PTGS1,inhibitor
Prifelone,PTGS2,inhibitor
Prifinium,CHRM5,modulator
Prilocaine,SCN5A,inhibitor
Primaquine,KRT7,other/unknown
Primaquine,NQO2,inhibitor
Primidone,CHRNA4,antagonist
Primidone,CHRNA7,antagonist
Primidone,GABRA1,potentiator
Primidone,GABRA2,potentiator
Primidone,GABRA3,potentiator
Primidone,GABRA4,potentiator
Primidone,GABRA5,potentiator
Primidone,GABRA6,potentiator
Primidone,GABRQ,positive allosteric modulator
Primidone,GRIA2,antagonist
Primidone,GRIK2,antagonist
Prinaberel,ESR2,agonist
Prinaberel,NCOA1,unknown
Prinomastat,MMP1,inhibitor
Prinomastat,MMP2,inhibitor
Prinomastat,MMP7,inhibitor
Priralfinamide,CACNA1B,blocker
Probenecid,PANX1,antagonist
Probenecid,SLC22A11,inhibitor
Probenecid,SLC22A6,inhibitor
Probenecid,SLC22A8,inhibitor
Probenecid,TAS2R16,inhibitory allosteric modulator
Probucol,ABCA1,inhibitor
Probucol,CES1,unknown
Procainamide,DNMT1,other
Procainamide,KCNH2,inhibitor
Procainamide,SCN5A,inhibitor
Procaine,ASPG,inhibitor
Procaine,CHRNA2,antagonist
Procaine,DNMT1,inhibitor
Procaine,DNMT3A,inhibitor
Procaine,GRIN3A,antagonist
Procaine,HTR3A,antagonist
Procaine,KCNN3,blocker
Procaine,MAOB,inhibitor
Procaine,PLA2G4A,inhibitor
Procaine,SCN10A,inhibitor
Procaine,SLC6A3,inhibitor
Procarbazine,MAOB,inhibitor
Procaterol,ADRB2,agonist
Prochlorperazine,ADRA1D,antagonist
Prochlorperazine,ADRA2C,antagonist
Prochlorperazine,DRD2,antagonist
Prochlorperazine,HRH1,antagonist
Procyclidine,CHRM1,antagonist
Procyclidine,CHRM2,antagonist
Procyclidine,CHRM3,antagonist
Procyclidine,CHRM4,antagonist
Procyclidine,CHRM5,antagonist
Profenamine,CHRM1,antagonist
Profenamine,CHRM2,antagonist
Profenamine,GRIN3A,antagonist
Profenamine,HRH1,modulator
Proflavine,F2,other/unknown
Progabide,GABBR1,agonist
Progabide,GABBR2,agonist
Progabide,GABRA1,agonist
Progesterone,AR,agonist;potentiator
Progesterone,CYP17A1,substrate;inhibitor
Progesterone,ESR1,agonist;inhibitor;downregulator
Progesterone,ESR2,agonist;downregulator
Progesterone,NR3C1,partial agonist
Progesterone,NR3C2,antagonist;agonist
Progesterone,OPRK1,activator;potentiator
Progesterone,ORM1,binder
Progesterone,PGR,agonist
Progesterone,SHBG,binder;potentiator
Proglumide,CCKAR,antagonist
Proguanil,PDF,inhibitor
Proline,EPRS1,unknown
Proline,L3HYPDH,unknown
Proline,P3H1,unknown
Proline,P3H2,unknown
Proline,P3H3,unknown
Proline,P4HA1,unknown
Proline,P4HA2,unknown
Proline,P5CR2,unknown
Proline,PARS2,unknown
Proline,PLPBP,unknown
Proline,PPIA,binder
Proline,PPIB,binder
Proline,PPIC,unknown
Proline,PPIF,unknown
Proline,PPIG,unknown
Proline,PPIH,unknown
Proline,PRODH,unknown
Proline,PYCR1,unknown
Proline,PYCR2,unknown
Proline,PYCR3,unknown
Proline,SLC6A14,unknown
Proline,SLC6A7,unknown
Promazine,ADRA1A,antagonist
Promazine,CHRM1,antagonist
Promazine,CHRM5,binder
Promazine,DRD2,antagonist
Promazine,HRH1,antagonist
Promazine,HTR2A,antagonist
Promazine,HTR2C,antagonist
Promestriene,ESR1,modulator
Promethazine,ADRA2C,antagonist
Promethazine,CALM3,inhibitor
Promethazine,CHRM1,antagonist
Promethazine,CHRM2,antagonist
Promethazine,CHRM3,antagonist
Promethazine,CHRM4,antagonist
Promethazine,CHRM5,antagonist
Promethazine,DRD2,antagonist
Promethazine,GRIN3B,antagonist
Promethazine,HRH1,antagonist
Promethazine,HRH2,antagonist
Promethazine,SCN9A,inhibitor
Propacetamol,CNR1,antagonist
Propacetamol,PTGS1,antagonist
Propacetamol,PTGS2,antagonist
Propacetamol,TRPV1,antagonist
Propafenone,ADRB1,antagonist
Propafenone,ADRB2,antagonist
Propafenone,KCNH2,inhibitor
Propafenone,SCN5A,inhibitor
Propanoic acid,GPHN,unknown
Propantheline,CHRM1,antagonist
Proparacaine,SCN10A,inhibitor
Propentofylline,PDE4A,unknown
Propidium,ACHE,inhibitor
Propiomazine,ADRA1A,antagonist
Propiomazine,CHRM5,antagonist
Propiomazine,DRD2,antagonist
Propiomazine,HRH1,antagonist
Propiomazine,HTR2A,antagonist
Propiomazine,HTR2C,antagonist
Propiverine,ADRA1A,antagonist
Propiverine,CACNA1C,antagonist
Propiverine,CHRM1,antagonist
Propiverine,CHRM2,antagonist
Propiverine,CHRM3,antagonist
Propiverine,CHRM4,antagonist
Propiverine,CHRM5,antagonist
Propofol,GABRB2,potentiator
Propofol,GABRB3,potentiator
Propofol,GABRQ,positive allosteric modulator
Propofol,SCN2A,inhibitor
Propofol,SCN4A,inhibitor
Propoxycaine,SCN9A,blocker
Propranolol,ADRB1,antagonist
Propranolol,ADRB2,antagonist
Propranolol,ADRB3,antagonist
Propranolol,HTR1A,antagonist
Propranolol,HTR1B,antagonist
Propyl Gallate,ESR1,unknown
Propyl alcohol,LYZ,unknown
Propylhexedrine,ADRA2C,modulator
Propylhexedrine,SLC18A2,antagonist
Propylhexedrine,TAAR1,agonist
Propylthiouracil,DIO1,inhibitor
Propylthiouracil,TPO,inhibitor
Propyphenazone,PTGS2,inhibitor
Prostaglandin D2,AKR1C3,unknown
Prostaglandin D2,PTGDR,agonist
Prostaglandin D2,PTGDR2,agonist
Prostaglandin D2,PTGER1,agonist
Prostaglandin D2,PTGER2,agonist
Prostaglandin D2,PTGER3,agonist
Prostaglandin D2,PTGER4,agonist
Prostaglandin D2,PTGFR,agonist
Prostaglandin G2,PTGS2,inhibitor
Protirelin,TRHR,ligand
Protocatechualdehyde,MAOB,inhibitor
Protokylol,ADRB1,modulator
Protokylol,ADRB2,agonist
Protoporphyrin,FTL,unknown
Protoporphyrin,HPGDS,inhibitor
Protoporphyrin Ix Containing Co,CYCS,unknown
Protoporphyrin Ix Containing Co,PTGS1,unknown
Protriptyline,SLC6A2,inhibitor
Protriptyline,SLC6A4,inhibitor
Prucalopride,HTR4,agonist
Pruvanserin,HTR2A,modulator
Pseudoephedrine,ADRA1A,agonist
Pseudoephedrine,ADRA2A,agonist
Pseudoephedrine,ADRB1,agonist;partial agonist
Pseudoephedrine,ADRB2,partial agonist
Pseudoephedrine,DRD2,stimulator
Pseudoephedrine,IL2,inhibitor
Pseudoephedrine,JUN,inhibitor
Pseudoephedrine,NFATC1,inhibitor
Pseudoephedrine,NFKB1,inhibitor
Pseudoephedrine,SLC6A2,inhibitor
Pseudoephedrine,SLC6A3,inhibitor
Pseudoephedrine,SLC6A4,inhibitor
Pseudoephedrine,TNF,inhibitor
Psoralen,MAOA,inhibitor
Psoralen,MAOB,inhibitor
Pterostilbene,PPARA,agonist
Puerarin,HTR2C,modulator
Pulrodemstat,KDM1A,inhibitor
Pumaprazole,ATP4A,modulator
Pumaprazole,ATP4B,modulator
Purine Riboside-5'-Monophosphate,RNASE1,unknown
Puromycin,RPL10L,unknown
Puromycin,RPL11,unknown
Puromycin,RPL13A,unknown
Puromycin,RPL15,unknown
Puromycin,RPL19,unknown
Puromycin,RPL23,unknown
Puromycin,RPL23A,unknown
Puromycin,RPL26L1,unknown
Puromycin,RPL3,unknown
Puromycin,RPL37,unknown
Puromycin,RPL8,unknown
Puromycin,RSL24D1,unknown
Purvalanol,ADRB3,agonist
Purvalanol,CDK1,binder
Purvalanol,CDK2,inhibitor
Purvalanol,CDK4,unknown
Purvalanol,CDK5,inhibitor
Purvalanol,MAPK1,inhibitor
Purvalanol,MAPK3,inhibitor
Purvalanol,SRPK2,unknown
Purvalanol A,CDK1,inhibitor
Purvalanol A,CDK2,inhibitor
Purvalanol A,CSNK1G3,unknown
Purvalanol A,RPS6KA1,unknown
Purvalanol A,SRC,unknown
Putrescine,ADRB1,unknown
Putrescine,ADRB2,unknown
Putrescine,AMD1,inhibitor
Putrescine,ODC1,inhibitor
Pyrantel,CHRM1,antagonist;agonist
Pyrantel,GPR35,unknown
Pyrazolanthrone,MAPK10,inhibitor
Pyrazolanthrone,MAPK8,inhibitor
Pyrazolanthrone,MAPK8IP1,unknown
Pyrazolanthrone,MAPK9,inhibitor
Pyrazolanthrone,TTK,inhibitor
Pyrazole,ADH1C,unknown
Pyrazole,ESR1,unknown
Pyrazole,ESR2,unknown
Pyrazoloacridine,TOP2A,modulator
Pyrazoloacridine,TOP2B,modulator
Pyridostigmine,ACHE,inhibitor
Pyridostigmine,BCHE,inhibitor
Pyridostigmine,F10,inhibitor
Pyridoxal,PDXK,unknown
Pyridoxal phosphate,AADAT,cofactor
Pyridoxal phosphate,ABAT,inhibitor
Pyridoxal phosphate,AGXT,cofactor
Pyridoxal phosphate,AGXT2,cofactor
Pyridoxal phosphate,ALAS1,cofactor
Pyridoxal phosphate,ALAS2,cofactor
Pyridoxal phosphate,AZIN2,cofactor
Pyridoxal phosphate,BCAT1,cofactor
Pyridoxal phosphate,BCAT2,cofactor
Pyridoxal phosphate,CBS,cofactor
Pyridoxal phosphate,CSAD,cofactor
Pyridoxal phosphate,CTH,cofactor
Pyridoxal phosphate,DDC,cofactor
Pyridoxal phosphate,F2,inhibitor
Pyridoxal phosphate,GAD1,cofactor
Pyridoxal phosphate,GAD2,cofactor
Pyridoxal phosphate,GAD65,cofactor
Pyridoxal phosphate,GADL1,cofactor
Pyridoxal phosphate,GCAT,cofactor
Pyridoxal phosphate,GLDC,cofactor
Pyridoxal phosphate,GOT1,activator
Pyridoxal phosphate,GOT2,cofactor
Pyridoxal phosphate,GPT,cofactor
Pyridoxal phosphate,GPT2,cofactor
Pyridoxal phosphate,HDC,cofactor
Pyridoxal phosphate,IGSF10,cofactor
Pyridoxal phosphate,KYAT1,cofactor
Pyridoxal phosphate,KYAT3,cofactor
Pyridoxal phosphate,KYNU,cofactor
Pyridoxal phosphate,MOCOS,cofactor
Pyridoxal phosphate,NFS1,cofactor
Pyridoxal phosphate,OAT,cofactor
Pyridoxal phosphate,ODC1,cofactor
Pyridoxal phosphate,PDXP,cofactor
Pyridoxal phosphate,PHYKPL,cofactor
Pyridoxal phosphate,PLPBP,binder
Pyridoxal phosphate,PNPO,cofactor
Pyridoxal phosphate,PSAT1,cofactor
Pyridoxal phosphate,PYGB,cofactor
Pyridoxal phosphate,PYGL,cofactor
Pyridoxal phosphate,PYGM,cofactor
Pyridoxal phosphate,SCLY,cofactor
Pyridoxal phosphate,SDS,cofactor
Pyridoxal phosphate,SDSL,cofactor
Pyridoxal phosphate,SEPSECS,cofactor
Pyridoxal phosphate,SGPL1,cofactor
Pyridoxal phosphate,SHMT1,cofactor
Pyridoxal phosphate,SHMT2,cofactor
Pyridoxal phosphate,SPTLC1,cofactor
Pyridoxal phosphate,SPTLC2,cofactor
Pyridoxal phosphate,SPTLC3,cofactor
Pyridoxal phosphate,SRR,cofactor
Pyridoxal phosphate,TAT,cofactor
Pyridoxamine,AGER,inhibitor
Pyridoxamine-5'-Phosphate,BCAT2,unknown
Pyridoxamine-5'-Phosphate,KYAT1,unknown
Pyridoxine,DDC,cofactor
Pyridoxine,PDXK,ligand
Pyridoxine phosphate,ODC1,inhibitor
Pyrimethamine,DHFR,inhibitor
Pyrimethamine,FOLR1,modulator
Pyrimethamine,HEXB,inhibitor
Pyrithiamine Pyrophosphate,TPK1,unknown
Pyrithione,KCNQ1,activator
Pyrophosphoric acid,FDPS,inhibitor
Pyrotinib,EGFR,inhibitor
Pyroxamide,HDAC1,inhibitor
Pyroxamide,HDAC6,inhibitor
Pyruvaldehyde,PLA2G1B,inhibitor
Pyruvaldehyde,TRPA1,activator
Pyruvic acid,ABAT,inhibitor
Pyruvic acid,AGXT2,unknown
Pyruvic acid,CA4,inhibitor
Pyruvic acid,PC,unknown
Pyruvic acid,PDHB,unknown
Pyruvic acid,PKLR,unknown
Pyruvic acid,PKM,unknown
Pyruvic acid,SLC16A1,unknown
Pyruvic acid,SLC16A2,unknown
Pyruvic acid,SLC16A3,unknown
Pyruvic acid,SLC16A4,unknown
Pyruvic acid,SLC16A5,unknown
Pyruvic acid,SLC16A6,unknown
Pyruvic acid,SLC16A7,unknown
Pyruvic acid,SLC16A8,unknown
QAV-680,PTGDR2,antagonist
QGC-001,DNPEP,inhibitor
QGC-001,ENPEP,inhibitor
QR-333,AKR1B1,unknown
Quarfloxin,NCL,inhibitor
Quazepam,GABRG3,ligand
Quazepam,GABRQ,positive allosteric modulator
Quazepam,TSPO,modulator
Quemliclustat,NT5E,inhibitor
Quercetin,ACTB,unknown
Quercetin,AHR,unknown
Quercetin,ATP5F1A,unknown
Quercetin,ATP5F1B,unknown
Quercetin,ATP5F1C,unknown
Quercetin,CBR1,unknown
Quercetin,CEBPB,inhibitor
Quercetin,CSNK2A1,unknown
Quercetin,CSNK2B,unknown
Quercetin,CYP1B1,unknown
Quercetin,EIF3F,unknown
Quercetin,ESR1,unknown
Quercetin,ESR2,unknown
Quercetin,HCK,unknown
Quercetin,HIBCH,unknown
Quercetin,HSP90AA1,unknown
Quercetin,HSPA2,unknown
Quercetin,LPCAT1,inhibitor
Quercetin,LPCAT2,inhibitor
Quercetin,NQO2,inhibitor
Quercetin,NR1I2,activator
Quercetin,PIK3CG,unknown
Quercetin,PIM1,unknown
Quercetin,RUVBL2,unknown
Quercetin,SF3B3,unknown
Quercetin,SHBG,unknown
Quercetin,STAT3,inhibitor
Quercetin,STK17B,unknown
Quercetin,UBA1,unknown
Quercetin,UGT3A1,unknown
Quetiapine,ADRA1D,antagonist
Quetiapine,ADRA2A,antagonist
Quetiapine,ADRA2B,antagonist
Quetiapine,ADRA2C,antagonist
Quetiapine,CHRM1,antagonist
Quetiapine,CHRM2,ligand
Quetiapine,CHRM3,antagonist
Quetiapine,CHRM4,ligand
Quetiapine,CHRM5,ligand
Quetiapine,DRD1,antagonist
Quetiapine,DRD2,antagonist
Quetiapine,DRD3,ligand
Quetiapine,DRD4,ligand
Quetiapine,DRD5,ligand
Quetiapine,HRH1,antagonist
Quetiapine,HTR1A,antagonist;partial agonist
Quetiapine,HTR1B,ligand
Quetiapine,HTR1D,ligand
Quetiapine,HTR1E,ligand
Quetiapine,HTR2A,antagonist
Quetiapine,HTR2C,ligand
Quetiapine,HTR3A,ligand
Quetiapine,HTR6,antagonist
Quetiapine,HTR7,ligand
Quilostigmine,ACHE,inhibitor
Quilseconazole,CYP51A1,inhibitor
Quinacrine,PLA2G1B,inhibitor
Quinacrine,PLA2G4A,inhibitor
Quinacrine,PLA2G6,inhibitor
Quinacrine,PLCL1,inhibitor
Quinagolide,DRD2,agonist
Quinagolide,DRD5,agonist
Quinalizarin,CSNK2A1,unknown
Quinapril,ACE,inhibitor
Quinelorane,DRD3,modulator
Quinestrol,ESR1,agonist;modulator
Quinethazone,CA1,inhibitor
Quinethazone,CA2,inhibitor
Quinethazone,SLC12A1,inhibitor
Quinethazone,SLC12A2,inhibitor
Quinethazone,SLC12A3,inhibitor
Quinidine,ADRA1A,antagonist
Quinidine,ADRA1B,antagonist
Quinidine,ADRA1D,antagonist
Quinidine,KCNH2,inhibitor
Quinidine,KCNK1,inhibitor
Quinidine,KCNK6,inhibitor
Quinidine,SCN5A,inhibitor
Quinidine barbiturate,GABRA1,potentiator
Quinidine barbiturate,GABRA2,potentiator
Quinidine barbiturate,GRIA2,antagonist
Quinidine barbiturate,KCNK1,inhibitor
Quinidine barbiturate,SCN5A,inhibitor
Quinine,GP9,other
Quinine,KCNN4,inhibitor
"Quinonoid 7,8-Tetrahydrobiopterin",PAH,unknown
Quinpirole,DRD1,inhibitor
Quinpirole,DRD2,inhibitor
Quinpirole,DRD3,inhibitor
Quinpirole,DRD4,inhibitor
Quipazine,HTR1A,inhibitor
Quipazine,HTR1D,inhibitor
Quipazine,HTR2A,inhibitor
Quipazine,HTR3A,inhibitor
Quipazine,HTR3B,inhibitor
Quipazine,HTR6,inhibitor
Quipazine,SLC6A4,inhibitor
Quisqualic acid,FOLH1,inhibitor
Quisqualic acid,GRIA2,unknown
Quisqualic acid,GRIK1,inhibitor
Quisqualic acid,GRIK2,unknown
Quisqualic acid,GRM1,agonist
Quisqualic acid,GRM2,inhibitor
Quisqualic acid,GRM3,inhibitor
Quisqualic acid,GRM5,inhibitor
Quizartinib,FLT3,inhibitor
R-1487,MAPK14,inhibitor
R-348,JAK3,unknown
R-9-(2-hydroxypropyl)adenine,TK1,inhibitor
R048-8071,LSS,unknown
R112,SYK,unknown
R1295,ITGA4,unknown
R1295,ITGB4,unknown
R1295,ITGB7,unknown
R343,SYK,unknown
R411,ITGA4,unknown
R450,ADRA1A,unknown
R450,ADRA1B,unknown
R450,ADRA1D,unknown
R673,TACR1,unknown
RAF-265,BRAF,unknown
RAF-265,KDR,modulator
RB106,PARP1,inhibitor
RDP58,TNF,inhibitor
RG-2833,HDAC1,modulator
RG-4733,APH1A,modulator
RG-4733,APH1B,modulator
RG-4733,NCSTN,modulator
RG-4733,PSEN1,modulator
RG-4733,PSENEN,modulator
RG-7795,TLR7,unknown
RH-1,NQO1,unknown
RO-4584820,CDK1,inhibitor
RO-4584820,CDK2,inhibitor
RO-4584820,CDK4,inhibitor
RO-4584820,CDK7,inhibitor
ROX-888,CCL3,unknown
RP-67580,TACR1,antagonist
RPI-78M,CHRNA10,unknown
RPI-78M,CHRNA2,unknown
RPI-78M,CHRNA4,unknown
RPI-78M,CHRNA7,unknown
RPI-78M,CHRNA9,unknown
RPI-78M,CHRNB2,unknown
RPR128515,PRSS1,unknown
RPR131247,PRSS1,unknown
RTA 744,TOP2A,unknown
RU78191,SRC,inhibitor
RU78262,SRC,inhibitor
RU78299,SRC,inhibitor
RU78300,SRC,inhibitor
RU78783,SRC,inhibitor
RU79072,SRC,inhibitor
RU79073,SRC,inhibitor
RU79256,SRC,inhibitor
RU82197,SRC,inhibitor
RU82209,SRC,inhibitor
RU83876,SRC,inhibitor
RU84687,SRC,inhibitor
RU85053,SRC,inhibitor
RU85493,SRC,inhibitor
RU90395,SRC,inhibitor
RWJ-51084,PRSS1,unknown
RWJ-56423,PRSS1,inhibitor
Rabeprazole,ATP4A,inhibitor
Rabusertib,CHEK1,modulator
Racementhol,TRPM8,agonist
Racepinephrine,ADRA1A,agonist
Racepinephrine,ADRA1B,agonist
Racepinephrine,ADRA1D,antagonist
Racepinephrine,ADRA2A,agonist
Racepinephrine,ADRA2B,agonist
Racepinephrine,ADRA2C,agonist
Racepinephrine,ADRB1,agonist
Racepinephrine,ADRB2,agonist
Racepinephrine,ADRB3,agonist
Raclopride,DRD2,antagonist
Raclopride,INSR,stimulator
Ractopamine,ESR1,unknown
Radafaxine,SLC6A2,inhibitor
Radafaxine,SLC6A3,inhibitor
Radequinil,GABRG3,agonist
Radezolid,RRBP1,inhibitor
Radicicol,DLAT,unknown
Radicicol,HSP90AA1,inhibitor
Radicicol,HSP90AB1,unknown
Radicicol,HSP90B1,unknown
Radicicol,PDK3,unknown
Radiprodil,GRIN2B,antagonist
Radotinib,ABL1,antagonist
Rafabegron,ADRB3,modulator
Ragaglitazar,PPARA,unknown
Ragaglitazar,PPARG,unknown
Ralinepag,PTGIR,agonist
Raloxifene,ESR1,agonist
Raloxifene,ESR2,agonist
Raloxifene,SERPINB9,binder
Raloxifene,TFF1,binder
Raltitrexed,FPGS,antagonist
Raltitrexed,TYMS,inhibitor
Ramatroban,PTGDR2,antagonist
Ramatroban,TBXA2R,antagonist
Ramelteon,MTNR1A,multitarget
Ramelteon,MTNR1B,multitarget
Ramipril,ACE,inhibitor
Ramipril,BDKRB1,activator
Ramorelix,GNRHR,antagonist
Ramosetron,HTR3A,antagonist
Ranirestat,AKR1B1,inhibitor
Ranitidine,ACHE,inhibitor
Ranitidine,HRH2,antagonist
Ranolazine,ADRA1D,antagonist
Ranolazine,ADRB1,antagonist
Ranolazine,CACNB4,inhibitor
Ranolazine,KCNJ4,inhibitor
Ranolazine,PLG,modulator
Ranolazine,SCN4B,inhibitor
Rapacuronium,CHRM2,antagonist
Rasagiline,BCL2,activator
Rasagiline,MAOB,inhibitor
Raseglurant,GRM5,unknown
Raubasine,ADRB1,modulator
Rauwolfia serpentina root,SLC18A2,inhibitor
Ravoxertinib,MAPK1,modulator
Ravoxertinib,MAPK3,modulator
Razaxaban,F10,inhibitor
Razaxaban,F2,inhibitor
Razaxaban,F5,inhibitor
Razaxaban,F9,inhibitor
Razuprotafib,PTPRB,inhibitor
Razuprotafib,TEK,activator
Rebamipide,FPR1,antagonist
Rebastinib,ABL1,modulator
Rebastinib,TEK,inhibitor
Rebimastat,MMP1,inhibitor
Rebimastat,MMP2,inhibitor
Rebimastat,MMP7,inhibitor
Reboxetine,SLC6A2,inhibitor
Recoflavone,NFKB1,modulator
Recoflavone,NFKB2,modulator
Recoflavone,REL,modulator
Recoflavone,RELA,modulator
Recoflavone,RELB,modulator
Regadenoson,ADORA2A,agonist
Reglitazar,PPARA,agonist
Reglitazar,PPARG,unknown
Regorafenib,ABL1,inhibitor
Regorafenib,BRAF,inhibitor
Regorafenib,CSF1R,inhibitor
Regorafenib,DDR2,inhibitor
Regorafenib,EPHA2,inhibitor
Regorafenib,FGFR1,inhibitor
Regorafenib,FGFR2,inhibitor
Regorafenib,FLT1,inhibitor
Regorafenib,FLT4,inhibitor
Regorafenib,FRK,inhibitor
Regorafenib,KDR,inhibitor
Regorafenib,KIT,inhibitor
Regorafenib,MAPK11,inhibitor
Regorafenib,NTRK1,inhibitor
Regorafenib,PDGFRA,inhibitor
Regorafenib,PDGFRB,inhibitor
Regorafenib,RAF1,inhibitor
Regorafenib,RET,inhibitor
Regorafenib,TEK,inhibitor
Regrelor,P2RY12,antagonist
Reidispongiolide A,ACTA1,unknown
Reidispongiolide C,ACTA1,unknown
Relacatib,CTSK,inhibitor
Relacorilant,NR3C1,antagonist
Relcovaptan,AVPR1A,antagonist
Relcovaptan,OXTR,antagonist
Reldesemtiv,TNNC2,modulator
Relenopride,HTR4,agonist
Relmapirazin,IL3RA,car t-cell therapy
Reltecimod,CD28,antagonist
Relugolix,GNRHR,antagonist
Remeglurant,GRM5,modulator
Remibrutinib,BTK,inhibitor
Remifentanil,OPRD1,agonist
Remifentanil,OPRK1,agonist
Remifentanil,OPRM1,agonist
Remikiren,REN,inhibitor
Remimazolam,GABRG3,ligand
Remimazolam,GABRQ,positive allosteric modulator
Remogliflozin etabonate,SLC5A2,inhibitor
Remogliflozin etabonate,SLC5A4,blocker
Remoxipride,DRD2,antagonist
Remoxipride,DRD3,antagonist
Remoxipride,DRD4,antagonist
Remoxipride,HTR2A,other/unknown
Remoxipride,SIGMAR1,antagonist
Renzapride,HTR3A,unknown
Renzapride,HTR4,modulator
Repaglinide,ABCC8,inhibitor
Repaglinide,ABCC9,blocker
Repaglinide,HRH1,antagonist
Repaglinide,PPARG,agonist
Reparixin,CXCR1,modulator
Reparixin,CXCR2,modulator
Repinotan,HTR1A,antagonist
Repotrectinib,NTRK1,inhibitor
Repotrectinib,NTRK2,inhibitor
Repotrectinib,NTRK3,inhibitor
Repotrectinib,ROS1,inhibitor
Reproterol,ADRB2,agonist
Resatorvid,CSF2RB,unknown
Resatorvid,IL2RG,unknown
Resatorvid,TLR4,antagonist
Rescinnamine,ACE,inhibitor
Reserpine,BIRC5,binder
Reserpine,SLC18A1,inhibitor
Reserpine,SLC18A2,inhibitor
Resiniferatoxin,TRPV1,activator
Resiquimod,TLR7,modulator
Resiquimod,TLR8,modulator
Resmetirom,THRB,partial agonist
Resminostat,HDAC1,inhibitor
Resorcinol,CA12,inhibitor
Resorcinol,CA14,inhibitor
Resorcinol,CA2,inhibitor
Resorcinol,PTGS1,inhibitor
Resorcinol,TPO,inhibitor
Resveratrol,AHR,unknown
Resveratrol,AKT1,inhibitor
Resveratrol,ALOX15,unknown
Resveratrol,ALOX5,unknown
Resveratrol,APP,unknown
Resveratrol,CBR1,inhibitor
Resveratrol,CLEC14A,unknown
Resveratrol,CSNK2A1,unknown
Resveratrol,ESR1,unknown
Resveratrol,ITGA5,unknown
Resveratrol,ITGB3,unknown
Resveratrol,KHSRP,unknown
Resveratrol,MTNR1A,unknown
Resveratrol,MTNR1B,unknown
Resveratrol,NQO2,unknown
Resveratrol,NR1I2,unknown
Resveratrol,NR1I3,unknown
Resveratrol,PI4K2B,unknown
Resveratrol,PPARA,unknown
Resveratrol,PPARG,unknown
Resveratrol,PTGS1,inhibitor
Resveratrol,PTGS2,inhibitor
Resveratrol,SIRT1,inhibitor
Resveratrol,SLC2A1,unknown
Resveratrol,SNCA,unknown
Resveratrol,YARS1,inhibitor
Retagliptin,DPP4,inhibitor
Retosiban,OXTR,modulator
Revamilast,PDE4A,inhibitor
Revamilast,PDE4B,inhibitor
Revamilast,PDE4D,inhibitor
Revefenacin,CHRM5,antagonist
Reversin 121,ABCB1,inhibitor
Reversine,ADORA3,inhibitor
Reversine,AURKB,unknown
Reversine,INCENP,unknown
Reversine,MAP2K1,inhibitor
Revexepride,HTR4,agonist
Revumenib,MEN1,inhibitor
Rezatomidine,ADRA2C,agonist
Rhein,ALOX5,inhibitor
Rhein,HSP90AA1,inhibitor
Rhein,NR1H2,inhibitor
Rhein,NR1H3,inhibitor
Ribavirin,IMPDH1,inhibitor
Ribavirin,IMPDH2,inhibitor
Ribociclib,CDK4,antagonist;inhibitor
Ribociclib,CDK6,antagonist;inhibitor
Riboflavin,BLVRB,product of
Riboflavin,MPO,modulator
Riboflavin,RFK,ligand
Ribose-1-Phosphate,PNP,inhibitor
Ribostamycin,P4HB,unknown
Ricinoleic acid,CNR1,unknown
Ricinoleic acid,CNR2,unknown
Ricinoleic acid,TRPV1,unknown
Ridaforolimus,MTOR,inhibitor
Ridogrel,TBXA2R,antagonist
Ridogrel,TBXAS1,inhibitor
Rifabutin,HSP90AA1,other/unknown
Rifabutin,HSP90B1,other/unknown
Rifampin,NR1I2,agonist
Rifaximin,NR1I2,agonist
Rigosertib,PIK3CG,modulator
Rigosertib,PLK1,modulator
Rilapladib,PLA2G1B,modulator
Rilapladib,PLA2G7,inhibitor
Rilapladib,TK1,inhibitor
Rilmenidine,ADRA2A,unknown
Rilmenidine,ADRA2C,modulator
Rilopirox,ALOX5,inhibitor
Rilpivirine,NR1I2,agonist
Rilpivirine,SCN10A,inhibitor
Riluzole,SCN11A,blocker
Riluzole,SCN5A,inhibitor
Riluzole,SLC7A11,inducer
Rilzabrutinib,BTK,inhibitor
Rimacalib,CAMK2A,modulator
Rimacalib,CAMK2B,modulator
Rimacalib,CAMK2D,modulator
Rimacalib,CAMK2G,modulator
Rimcazole,SIGMAR1,antagonist
Rimegepant,CALCRL,antagonist
Rimexolone,ESRRA,modulator
Rimexolone,NR3C1,agonist
Rimiducid,FKBP1A,modulator
Rimiducid,MTOR,ligand
Rimiterol,ADRB3,modulator
Rimonabant,CNR1,antagonist
Rimonabant,GPR55,unknown
Rimtuzalcap,KCNN1,positive allosteric modulator
Rimtuzalcap,KCNN2,positive allosteric modulator
Rimtuzalcap,KCNN3,positive allosteric modulator
Rindopepimut,EGFR,unknown
Riociguat,GUCY1A2,agonist;stimulator
Riociguat,GUCY2D,modulator
Ripasudil,ROCK1,inhibitor
Ripasudil,ROCK2,inhibitor
Ripazepam,GABRA1,inhibitor
Ripisartan,AGTR1,antagonist
Ripretinib,BRAF,inhibitor
Ripretinib,KDR,inhibitor
Ripretinib,KIT,inhibitor
Ripretinib,PDGFRA,inhibitor
Ripretinib,PDGFRB,inhibitor
Ripretinib,TEK,inhibitor
Risedronic acid,FDPS,inhibitor
Rislenemdaz,GRIN2B,antagonist
Risovalisib,PIK3CA,inhibitor
Risperidone,ADRA1A,antagonist
Risperidone,ADRA1B,antagonist
Risperidone,ADRA2B,antagonist
Risperidone,ADRA2C,antagonist
Risperidone,DRD1,antagonist
Risperidone,DRD2,antagonist
Risperidone,HRH1,antagonist
Risperidone,HTR1A,antagonist
Risperidone,HTR1D,antagonist
Risperidone,HTR2A,antagonist
Risperidone,HTR2C,antagonist
Risperidone,HTR7,antagonist
Risuteganib,VEGFA,modulator
Risuteganib,VEGFB,modulator
Risuteganib,VEGFC,modulator
Risuteganib,VEGFD,modulator
Ritanserin,CACNA1B,blocker
Ritanserin,HTR2A,inverse agonist
Ritanserin,HTR2B,antagonist
Ritanserin,HTR2C,antagonist
Ritlecitinib,BMX,inhibitor
Ritlecitinib,BTK,inhibitor
Ritlecitinib,ITK,inhibitor
Ritlecitinib,JAK3,inhibitor
Ritlecitinib,TEC,inhibitor
Ritlecitinib,TXK,inhibitor
Ritobegron,ADRB3,agonist
Ritodrine,ADRB2,agonist
Ritodrine,ADRB3,agonist;downregulator
Ritodrine,ATP2A2,inhibitor
Ritodrine,KCNJ8,activator
Ritodrine,KCNN3,activator
Ritodrine,MYLK,inhibitor
Ritodrine,SULT1C4,substrate
Ritonavir,NR1I2,activator
Rivanicline,CHRNB2,unknown
Rivanicline,CXCL8,antagonist
Rivaroxaban,F10,antagonist
Rivastigmine,ACHE,inhibitor
Rivastigmine,BCHE,inhibitor
Rivenprost,PTGER4,agonist
Rivipansel,SELE,inhibitor
Rivipansel,SELL,inhibitor
Rivipansel,SELP,inhibitor
Rivoceranib,KDR,inhibitor
Rivoglitazone,PPARG,agonist
Rizatriptan,HTR1A,agonist
Rizatriptan,HTR1B,agonist
Rizatriptan,HTR1D,agonist
Rizatriptan,HTR1E,agonist
Rizatriptan,HTR1F,agonist
Rizatriptan,HTR7,agonist
Robalzotan,HTR1A,antagonist
Roblitinib,FGFR4,antagonist
Rocaglamide,NFKB1,inhibitor
Rocaglamide,NFKB2,inhibitor
Rocaglamide,PHB1,inhibitor
Rocaglamide,PHB2,inhibitor
Rocaglamide,REL,inhibitor
Rocaglamide,RELA,inhibitor
Rocaglamide,RELB,inhibitor
Rocepafant,PTAFR,modulator
Rociletinib,EGFR,modulator
Rociverine,CHRM1,antagonist
Rociverine,CHRM2,antagonist
Rociverine,CHRM3,antagonist
Rociverine,CHRM4,antagonist
Rociverine,CHRM5,antagonist
Rocuronium,CHRM2,antagonist
Rocuronium,CHRNA2,antagonist
Rocuronium,HTR3A,antagonist
Rodatristat ethyl,TPH1,other/unknown
Rofecoxib,ELN,other/unknown
Rofecoxib,PTGS2,inhibitor
Rofleponide,ESRRA,modulator
Roflumilast,PDE4D,inhibitor
Rolafagrel,TBXAS1,inhibitor
Rolapitant,TACR1,antagonist
Rolicyclidine,DRD2,inhibitor
Rolicyclidine,GRIN3A,unknown
Rolipram,PDE4A,inhibitor
Rolipram,PDE4B,inhibitor
Rolipram,PDE4D,inhibitor
Rolipram,PDE5A,inhibitor
Rolofylline,ADORA1,antagonist
Roluperidone,HTR2A,antagonist
Roluperidone,TMEM97,antagonist
Romazarit,PPARA,modulator
Romergoline,DRD2,modulator
Romidepsin,HDAC1,antagonist;inhibitor
Romidepsin,HDAC2,antagonist;inhibitor
Romidepsin,HDAC4,inhibitor
Romidepsin,HDAC6,inhibitor
Ronacaleret,CASR,antagonist
Roniciclib,CDK1,inhibitor
Roniciclib,CDK2,inhibitor
Roniciclib,CDK4,inhibitor
Roniciclib,CDK9,inhibitor
Ropinirole,ADRA2C,antagonist
Ropinirole,DRD2,agonist
Ropinirole,DRD3,agonist
Ropinirole,DRD4,agonist
Ropivacaine,SCN10A,inhibitor
Ropsacitinib,TYK2,inhibitor
Roquinimex,IL2,modulator
Rosiglitazone,ACSL4,inhibitor
Rosiglitazone,PPARG,agonist
Rosiglitazone,RXRA,inhibitor
Rosiptor,INPP5D,agonist
Rosmarinic acid,MCL1,inhibitor
Rosmarinic acid,TYR,inhibitor
Rosoxacin,TOP2A,inhibitor
Rosoxacin,TOP2B,inhibitor
Rostafuroxin,ATP1A1,modulator
Rostafuroxin,ATP1A2,modulator
Rostafuroxin,ATP1A3,modulator
Rostafuroxin,ATP1B1,modulator
Rostafuroxin,ATP1B2,modulator
Rostafuroxin,ATP1B3,modulator
Rosuvastatin,HMGCR,inhibitor
Rosuvastatin,ITGAL,inhibitory allosteric modulator
Rotigotine,ADRA2B,antagonist
Rotigotine,DRD1,agonist
Rotigotine,DRD2,agonist
Rotigotine,DRD3,agonist
Rotigotine,DRD4,agonist
Rotigotine,DRD5,agonist
Rotigotine,HTR1A,agonist
Roxadustat,EGLN1,inhibitor
Roxadustat,EGLN2,inhibitor
Roxadustat,EGLN3,inhibitor
Roxatidine acetate,HRH2,antagonist
Roxifiban,ITGB3,inhibitor
Roxindole,DRD2,inhibitor
Roxithromycin,ABCB1,unknown
Rubitecan,TOP1,inhibitor
Ruboxistaurin,PDF,inhibitor
Ruboxistaurin,PRKCB,inhibitor
Rucaparib,PARP1,inhibitor
Rucaparib,PARP2,inhibitor
Rucaparib,PARP3,inhibitor
Rufinamide,GRM5,inhibitor
Rufinamide,SCN9A,modulator
Runcaciguat,GUCY1A1,activator
Runcaciguat,GUCY1B1,activator
Rupatadine,HRH1,antagonist
Rupatadine,PTAFR,antagonist
Rusalatide,FGF4,unknown
Rutin,AKR1C3,inhibitor
Rutin,CBR1,unknown
Ruxolitinib,JAK1,inhibitor
Ruxolitinib,JAK2,inhibitor
Ruxolitinib,JAK3,inhibitor
Ruxolitinib,PLAUR,inhibitor
Ruxolitinib,TYK2,inhibitor
Ruzinurad,SLC22A12,inhibitor
"S,S-(2-Hydroxyethyl)Thiocysteine",ALAD,inhibitor
"S,S-(2-Hydroxyethyl)Thiocysteine",ARG1,unknown
"S,S-(2-Hydroxyethyl)Thiocysteine",CYTH2,unknown
"S,S-(2-Hydroxyethyl)Thiocysteine",PDE1B,unknown
"S,S-(2-Hydroxyethyl)Thiocysteine",PDE4B,inhibitor
"S,S-(2-Hydroxyethyl)Thiocysteine",PIM1,unknown
"S,S-(2-Hydroxyethyl)Thiocysteine",PRKACA,unknown
"S,S-(2-Hydroxyethyl)Thiocysteine",SERPINB5,unknown
"S,S-(2-Hydroxyethyl)Thiocysteine",SNX3,unknown
"S,S-(2-Hydroxyethyl)Thiocysteine",TYMS,unknown
"S-(2,4-dinitrophenyl)glutathione",GSTM1,unknown
"S-(2,4-dinitrophenyl)glutathione",GSTM2,unknown
S-(2-oxo)pentadecylcoa,NMT2,unknown
S-(4-nitrobenzyl)glutathione,GSTP1,unknown
S-(D-Carboxybutyl)-L-Homocysteine,BHMT,unknown
S-(Dimethylarsenic)Cysteine,COPG1,unknown
S-(Dimethylarsenic)Cysteine,NOS3,unknown
S-(Dimethylarsenic)Cysteine,TLR2,unknown
S-(Dimethylarsenic)Cysteine,XRCC4,unknown
S-(Methylmercury)-L-Cysteine,EFL1,unknown
S-2-(Boronoethyl)-L-Cysteine,ARG1,unknown
S-2-(Boronoethyl)-L-Cysteine,ARG2,unknown
S-23,AR,unknown
S-38093,HRH3,antagonist
S-4-Nitrobutyryl-CoA,GCDH,unknown
S-777469,CNR2,agonist
S-8510,TSPO,agonist
S-9-(2-hydroxypropyl)adenine,ADA,inhibitor
S-9-(2-hydroxypropyl)adenine,TK1,inhibitor
S-Acetyl-Cysteine,KAT5,unknown
S-Apomorphine,DRD1,inhibitor
S-Apomorphine,DRD2,inhibitor
S-Benzylcysteine,MGMT,inhibitor
S-Ethyl-N-Phenyl-Isothiourea,NOS1,inhibitor
S-Ethyl-N-Phenyl-Isothiourea,NOS3,inhibitor
S-Ethylisothiourea,NOS2,inhibitor
S-Ethylisothiourea,NOS3,inhibitor
S-Hexylglutathione,GLO1,unknown
S-Hexylglutathione,GSTA1,ligand
S-Hexylglutathione,GSTM4,unknown
S-Hexylglutathione,GSTP1,unknown
S-Hexylglutathione,GSTT2,unknown
S-Hexylglutathione,HPGDS,inhibitor
S-Hydroxycysteine,ACAT2,unknown
S-Hydroxycysteine,C3,inhibitor
S-Hydroxycysteine,CDC25B,inhibitor
S-Hydroxycysteine,GSTA1,unknown
S-Hydroxycysteine,GSTP1,unknown
S-Hydroxycysteine,PMP2,unknown
S-Hydroxycysteine,PTPN1,inhibitor
S-Hydroxycysteine,SRC,inhibitor
S-Hydroxymethyl Glutathione,ADH5,unknown
S-Isopropyl-Isothiourea,NOS3,inhibitor
S-Mercaptocysteine,TST,unknown
S-Methyl glutathione,GSTM2,unknown
S-Methylcysteine,CTSD,inhibitor
S-Methylcysteine,MGMT,inhibitor
S-P-Nitrobenzyloxycarbonylglutathione,GLO1,unknown
S-adenosyl-L-homocysteine,COMTD1,unknown
S-adenosyl-L-homocysteine,DNMT3B,inhibitor
S-adenosyl-L-homocysteine,DPH5,unknown
S-adenosyl-L-homocysteine,GAMT,unknown
S-adenosyl-L-homocysteine,GNMT,unknown
S-adenosyl-L-homocysteine,HNMT,inhibitor
S-adenosyl-L-homocysteine,PCMT1,unknown
S-adenosyl-L-homocysteine,PNMT,unknown
S-adenosyl-L-homocysteine,PRMT1,unknown
S-adenosyl-L-homocysteine,PRMT3,unknown
S-adenosyl-L-homocysteine,SETD7,unknown
S-adenosyl-L-homocysteine,TRDMT1,unknown
S-benzylglutathione,GLO1,unknown
S-benzylglutathione,GSTA1,unknown
S-octylglutathione,GSTM4,unknown
S-oxy-L-cysteine,PREP,unknown
S-oxy-L-cysteine,SOD1,unknown
S-palmitoyl-L-cysteine,TRAPPC1,unknown
S-palmitoyl-L-cysteine,TRAPPC3,unknown
S-palmitoyl-L-cysteine,TRAPPC4,unknown
S-palmitoyl-L-cysteine,TRAPPC5,unknown
S-palmitoyl-L-cysteine,TRAPPC6A,unknown
S-palmitoyl-L-cysteine,TRAPPC6B,unknown
S-propylamine-L-cysteine,ARG1,unknown
S64315,MCL1,inhibitor
SAR-125844,MET,inhibitor
SAR-405838,TP53,modulator
SAR443122,RIPK1,inhibitor
SB 224289,HTR1B,antagonist
SB-1578,JAK2,inhibitor
SB-218078,CHEK1,inhibitor
SB-269970,HTR7,antagonist
SB-409513,GSK3B,inhibitor
SB-649868,HCRTR1,antagonist
SB-705498,TRPV1,blocker
SB-743921,KIF11,inhibitor
SB220025,MAPK1,inhibitor
SB220025,MAPK14,inhibitor
SC 41930,LTB4R,binder
SC 41930,LTB4R2,inhibitor
SC-236,PTGS2,inhibitor
SC-236,RELA,inhibitor
SC-74020,MMP2,inhibitor
SC12267,DHODH,unknown
SCH-900271,HCAR2,modulator
SCY-635,CAMLG,modulator
SD-0006,MAPK14,unknown
SD118,IL1R1,unknown
SD118,TNF,unknown
SEL120-34A free base,CDK19,inhibitor
SEL120-34A free base,CDK8,inhibitor
SER-100,OPRL1,agonist
SF1126,MTOR,unknown
SF1126,PIK3CG,modulator
SF1126,PIK3R1,unknown
SF1126,PIK3R2,unknown
SF1126,PIK3R3,unknown
SF1126,PRKDC,unknown
SGS-742,GABBR1,modulator
SGS-742,GABBR2,modulator
SGS518,HTR6,unknown
SGX-523,MET,inhibitor
SI-109,STAT3,inhibitor
SKF-91488,HNMT,inhibitor
SLV-334,MME,modulator
SLV319,CNR1,unknown
SLx-4090,MTTP,inhibitor
SM-337,XIAP,inhibitor
SN-38,TOP1,inhibitor
SNS-032,CDK2,inhibitor
SNS-032,CDK7,inhibitor
SNS-032,CDK9,inhibitor
SNS-032,VEGFA,unknown
SNS-314,AURKA,inhibitor
SNS-314,AURKB,inhibitor
SNS-314,AURKC,inhibitor
SNX-2112,HSP90AA1,inhibitor
SNX-5422,HSP90AA1,inhibitor
SNX-5422,HSP90AB1,inhibitor
SO-101,HRH1,unknown
SP1049C,TOP2A,unknown
SP2456,IL2,inhibitor
SP4160,IL2,inhibitor
SPH-3127,REN,inhibitor
SPP 301,EDNRA,unknown
SPP1148,ACE2,unknown
SPP1148,REN,unknown
SR 121463,AVPR1B,unknown
SR 140333,TACR1,unknown
SR-9009,NR1D1,agonist
SR-9009,NR1D2,agonist
SR-9011,NR1D1,agonist
SR-9011,NR1D2,agonist
SR11254,RARG,unknown
SR12813,HMGCR,modulator
SR12813,NR1I2,unknown
SRT-1720,SIRT1,activator
SRT-2104,SIRT1,modulator
SRX-246,AVPR1A,antagonist
SSR-126517E,F10,unknown
STX-107,GRM5,antagonist
SU-11652,CAMK1G,unknown
SU-11652,FLT1,inhibitor
SU-11652,KDR,inhibitor
SU-11652,PDGFRA,inhibitor
SU-11652,PDGFRB,inhibitor
SU9516,CDK1,binder
SU9516,CDK2,inhibitor
SU9516,CDK5,inhibitor
SUVN-502,HTR6,antagonist
SX-682,CXCR1,inhibitor
SX-682,CXCR2,inhibitor
SYD-003,MAPK14,inhibitor
Sabarubicin,TOP2A,modulator
Sabarubicin,TOP2B,modulator
Saccharin,CA1,inhibitor
Saccharin,CA12,inhibitor
Saccharin,CA2,inhibitor
Saccharin,CA3,inhibitor
Saccharin,CA9,inhibitor
Sacubitril,MME,antagonist;inhibitor
Sacubitrilat,MME,inhibitor
Safinamide,MAOB,antagonist
Safironil,P4HA1,modulator
Safotibant,BDKRB1,modulator
Sakuranetin,ADORA1,antagonist
Sakuranetin,ADORA2B,antagonist
Sakuranetin,ADORA3,antagonist
Salicylic acid,AKR1C1,inhibitor
Salicylic acid,CA1,inhibitor
Salicylic acid,CA12,inhibitor
Salicylic acid,CA2,inhibitor
Salicylic acid,CA4,inhibitor
Salicylic acid,CA6,inhibitor
Salicylic acid,PTGS1,inhibitor
Salicylic acid,PTGS2,inhibitor
Salirasib,MTOR,modulator
Salirasib,NRAS,antagonist
Salmeterol,ADRB1,inverse agonist
Salmeterol,ADRB2,agonist
Salmeterol,ADRB3,inverse agonist
Salsalate,PTGS1,inhibitor
Salsalate,PTGS2,inhibitor
Salvianolic acid B,IGFBP3,inhibitor
Salvinorin A,OPRD1,inhibitor
Salvinorin A,OPRK1,inhibitor
Salvinorin A,OPRM1,inhibitor
Samelisant,HRH3,antagonist
Sameridine,OPRM1,modulator
Samidorphan,OPRD1,partial agonist
Samidorphan,OPRK1,partial agonist
Samidorphan,OPRM1,antagonist;inhibitor
Sampatrilat,MME,modulator
Samuraciclib,CDK7,inhibitor
Sanglifehrin A,PPIA,unknown
Sapanisertib,MTOR,inhibitor
Sapitinib,ERBB2,inhibitor
Saprisartan,AGTR1,antagonist
Sapropterin,NOS3,cofactor
Sapropterin,PAH,cofactor
Sapropterin,TH,cofactor
Sapropterin,TPH1,cofactor
"Sar9, Met (O2)11-Substance P",TACR1,agonist
Saracatinib,ABL1,modulator
Saracatinib,SRC,modulator
Saralasin,AGTR1,inhibitor
Saralasin,AGTR2,inhibitor
Sardomozide,AMD1,inhibitor
Sardomozide,NR3C1,antagonist
Saredutant,TACR2,antagonist
Saripidem,GABRG3,modulator
Sarizotan,DRD2,partial agonist
Sarizotan,DRD3,ligand
Sarizotan,HTR1A,modulator
Sarpogrelate,HTR2A,inverse agonist
Sarpogrelate,HTR2C,unknown
Saruparib,PARP1,inhibitor
Satavaptan,AVPR2,antagonist
Satigrel,TBXAS1,modulator
Savolitinib,MET,inhibitor
Saxagliptin,DPP4,inhibitor
Scopolamine,CHRM1,antagonist
Scopolamine,CHRM2,antagonist
Scopolamine,CHRM3,antagonist
Scopolamine,CHRM4,antagonist
Scopolamine,CHRM5,antagonist
Scopolamine,CHRNA4,inhibitor;inducer
Scopolamine,CHRNB2,inhibitor;inducer
Scopolamine,SI,inhibitor
Scriptaid,HDAC1,inhibitor
Se-Ethyl-Isoselenourea,NOS3,inhibitor
Sebacic acid,HBA1,inhibitor
Sebacic acid,HBB,unknown
Sebetralstat,KLKB1,inhibitor
Seclidemstat,KDM1A,inhibitor
Secobarbital,CHRNA4,antagonist
Secobarbital,CHRNA7,antagonist
Secobarbital,GABRA1,potentiator
Secobarbital,GABRA2,potentiator
Secobarbital,GABRA3,potentiator
Secobarbital,GABRA4,potentiator
Secobarbital,GABRA5,potentiator
Secobarbital,GABRA6,potentiator
Secobarbital,GRIA2,antagonist
Secobarbital,GRIK2,antagonist
Secobarbital,GRIN3B,antagonist
Segesterone acetate,AR,agonist
Segesterone acetate,NR3C1,agonist
Segesterone acetate,PGR,agonist;activator
Seladelpar,PPARD,agonist
Selatogrel,P2RY12,antagonist
Selegiline,MAOA,inhibitor
Selegiline,MAOB,inhibitor
Selegiline,TACR1,antagonist
Selenocysteine,CAMP,unknown
Selenocysteine,NME1,unknown
Selepressin,AVPR1A,agonist
Seletracetam,CACNA1B,blocker
Seletracetam,GLRB,binding
Seletracetam,SV2A,modulator
Selexipag,PTGIR,agonist
Selgantolimod,TLR8,agonist
Seliciclib,CDK1,inhibitor
Seliciclib,CDK2,inhibitor
Seliciclib,CDK7,inhibitor
Seliciclib,CDK9,unknown
Seliciclib,CSNK1E,unknown
Seliciclib,MAPK1,unknown
Seliciclib,MAPK3,unknown
Seliforant,HRH4,antagonist
Selinexor,XPO1,inhibitor
Selisistat,SIRT1,inhibitor
Selitrectinib,NTRK1,inhibitor
Selnoflast,NLRP3,inhibitor
Selodenoson,ADORA1,agonist
Selonsertib,MAP3K5,inhibitor
Selpercatinib,FGFR1,inhibitor
Selpercatinib,FGFR2,inhibitor
Selpercatinib,FGFR3,inhibitor
Selpercatinib,FLT1,inhibitor
Selpercatinib,FLT4,inhibitor
Selpercatinib,RET,inhibitor
Selumetinib,MAP2K1,inhibitor
Selumetinib,MAP2K2,inhibitor
Semagacestat,APH1A,modulator
Semagacestat,APH1B,modulator
Semagacestat,NCSTN,modulator
Semagacestat,PSEN1,modulator
Semagacestat,PSENEN,modulator
Semapimod,RAF1,modulator
Semaxanib,AHR,modulator
Semaxanib,FGFR1,inhibitor
Semaxanib,FLT1,inhibitor
Semaxanib,KDR,inhibitor
Semaxanib,KIT,inhibitor
Semaxanib,MPL,modulator
Semaxanib,PDGFRA,inhibitor
Semaxanib,PDGFRB,inhibitor
Semaxanib,RET,inhibitor
Semparatide,PTH2R,modulator
Senicapoc,KCNN4,modulator
Sennosides,AQP3,inhibitor
Seocalcitol,VDR,inhibitor
Sepiapterin,PAH,binder
Seproxetine,SLC6A2,inhibitor
Seproxetine,SLC6A3,inhibitor
Seproxetine,SLC6A4,inhibitor
Serabelisib,PIK3CA,inhibitor
Seratrodast,TBXA2R,antagonist
Serdemetan,MDM2,modulator
Serdexmethylphenidate,HTR1A,agonist
Serdexmethylphenidate,SLC6A2,inhibitor
Serdexmethylphenidate,SLC6A3,inhibitor
Sergliflozin etabonate,SLC5A1,inhibitor
Sergliflozin etabonate,SLC5A2,inhibitor
Seridopidine,SLC6A3,modulator
Serine,AGXT,unknown
Serine,CBS,unknown
Serine,SARS1,unknown
Serine,SDS,unknown
Serine,SPTLC1,unknown
Serine,SPTLC2,unknown
Serine,SRR,unknown
Serlopitant,TACR1,antagonist
Serotonin,ADORA3,inhibitor
Serotonin,HTR1A,inhibitor
Serotonin,HTR1B,inhibitor
Serotonin,HTR1D,inhibitor
Serotonin,HTR2A,inhibitor
Serotonin,HTR2B,inhibitor
Serotonin,HTR2C,inhibitor
Serotonin,HTR3A,inhibitor
Serotonin,HTR3B,inhibitor
Serotonin,HTR4,inhibitor
Serotonin,HTR5A,inhibitor
Serotonin,HTR6,inhibitor
Serotonin,HTR7,inhibitor
Serotonin,SLC18A2,unknown
Serotonin,SLC6A4,unknown
Sertindole,ADRA1A,unknown
Sertindole,ADRA1B,unknown
Sertindole,ADRA1D,unknown
Sertindole,DRD2,antagonist
Sertindole,HTR2A,antagonist
Sertindole,HTR2C,antagonist
Sertindole,HTR6,antagonist
Sertindole,KCNH2,inhibitor
Sertraline,SIGMAR1,inhibitor;binder
Sertraline,SLC29A4,inhibitor
Sertraline,SLC6A2,inhibitor;downregulator
Sertraline,SLC6A3,inhibitor;binder
Sertraline,SLC6A4,inhibitor;binder;downregulator
Setanaxib,NOX4,modulator
Setipafant,PTAFR,modulator
Setipiprant,PTGDR,antagonist
Setipiprant,PTGDR2,antagonist
Setiptiline,ADRA2C,antagonist
Setiptiline,HTR7,antagonist
Setmelanotide,MC4R,agonist
Setogepram,FFAR1,agonist
Setogepram,GPR84,antagonist
Sevabertinib,EGFR,inhibitor
Sevabertinib,ERBB2,inhibitor
Seviteronel,CYP17A1,inhibitor
Sevoflurane,ATP2A2,inhibitor
Sevoflurane,CCDC51,activator
Sevoflurane,GABRQ,agonist
Sevoflurane,GLRA1,agonist
Sevoflurane,GRIA1,antagonist
Sevoflurane,MT-ND1,inhibitor
Sibenadet,ADRB2,modulator
Sibenadet,DRD2,modulator
Sibrafiban,ITGA2B,modulator
Sibrafiban,ITGB3,modulator
Sibutramine,SLC6A2,inhibitor
Sibutramine,SLC6A3,inhibitor
Sibutramine,SLC6A4,inhibitor
Silatecan,TOP1,inhibitor
Sildenafil,CD274,downregulator
Sildenafil,ODC1,downregulator
Sildenafil,PDE5A,inhibitor
Sildenafil,PDE6G,inhibitor
Sildenafil,PDE6H,inhibitor
Sildenafil,SERPING1,modulator
Silibinin,ALOX5,inhibitor
Silicon dioxide,MARCO,unknown
Silmitasertib,CSNK2A1,inhibitor
Silodosin,ADRA1A,antagonist
Silodosin,ADRA1B,antagonist
Silodosin,ADRA1D,antagonist
Silodosin,KCNH7,blocker
Silver,A2M,binder
Silver,ALB,binder
Silver,CP,binder
Silver,TESMIN,binder
Simethicone,F10,inhibitor
Simufilam,FLNA,inhibitor
Simurosertib,CDC7,inhibitor
Simvastatin,HDAC2,inhibitor
Simvastatin,HMGCR,inhibitor
Simvastatin,ITGAL,inhibitory allosteric modulator
Sinapoyl coenzyme A,COMTD1,unknown
Sinitrodil,PDE5A,modulator
Sipatrigine,CACNA1D,inhibitor
Sipatrigine,SCN10A,inhibitor
Sipatrigine,SCN3A,inhibitor
Sipatrigine,SCN4A,inhibitor
Sipatrigine,SCN5A,inhibitor
Sipatrigine,SCN9A,inhibitor
Sipoglitazar,PPARA,modulator
Sipoglitazar,PPARG,modulator
Siponimod,S1PR1,modulator
Siponimod,S1PR5,modulator
Siramesine,ADRA1A,inhibitor
Siramesine,ADRA1B,inhibitor
Siramesine,ADRA1D,inhibitor
Siremadlin,MDM2,inhibitor
Siremadlin,TP53,inhibitor
Sirna-027,FLT1,other/unknown
Sirolimus,MTOR,inhibitor
Sitagliptin,DPP4,inhibitor
Sitaxentan,EDNRA,antagonist
Sitaxentan,EDNRB,antagonist
Sitravatinib,FLT4,inhibitor
Sitravatinib,KDR,inhibitor
Sitravatinib,MET,inhibitor
Sitravatinib,RET,inhibitor
Sivelestat,CELA1,inhibitor
Sivelestat,ELANE,inhibitor
Sobetirome,CHRM1,agonist
Sobetirome,THRB,unknown
Sodelglitazar,PPARA,agonist
Sodelglitazar,PPARD,agonist
Sodelglitazar,PPARG,agonist
Sodium bicarbonate,CACNA1H,blocker
Sodium bicarbonate,KCND3,blocker
Sodium carbonate,CA1,inhibitor
Sodium carbonate,CA2,inhibitor
Sodium carbonate,CA4,inhibitor
Sodium carbonate,CA9,inhibitor
Sodium citrate,CA4,inhibitor
Sodium ferric gluconate complex,FTL,binding
Sodium ferric gluconate complex,HBA1,binding
Sodium ferric gluconate complex,HBB,binding
Sodium lauryl sulfate,ALB,binder
Sodium oxybate,SLC52A2,agonist
Sodium phosphate tribasic dodecahydrate,CA4,inhibitor
"Sodium phosphate, dibasic",CA4,inhibitor
Sodium stibogluconate,TOP1,inhibitor
Sodium sulfate,CA1,inhibitor
Sodium sulfate,CA2,inhibitor
Sodium tetradecyl sulfate,PROC,inhibitor
Sodium tetradecyl sulfate,PROS1,inhibitor
Sofinicline,CHRNA4,modulator
Sofinicline,CHRNB2,modulator
Sofpironium,CHRM3,inhibitor
Sofpironium,CHRM5,inhibitor
Solabegron,ADRB3,agonist
Solcitinib,JAK1,modulator
Solifenacin,CHRM1,antagonist
Solifenacin,CHRM2,antagonist
Solifenacin,CHRM3,antagonist
Solifenacin,CHRM4,antagonist
Solifenacin,CHRM5,antagonist
Solimastat,MMP1,inhibitor
Solimastat,MMP2,inhibitor
Solimastat,MMP7,inhibitor
Solriamfetol,SLC6A2,inhibitor
Solriamfetol,SLC6A3,inhibitor
Somatostatin,OPRD1,inhibitor
Somatostatin,OPRM1,inhibitor
Somatostatin,SSTR1,agonist
Somatostatin,SSTR2,agonist
Somatostatin,SSTR3,agonist
Somatostatin,SSTR4,agonist
Somatostatin,SSTR5,agonist
Sonedenoson,ADORA2A,agonist
Sonepiprazole,DRD4,binder
Sonidegib,SMO,antagonist
Sonolisib,PIK3CG,inhibitor
Sorafenib,BRAF,inhibitor
Sorafenib,EGFR,inhibitor
Sorafenib,FGFR1,inhibitor
Sorafenib,FLT1,inhibitor
Sorafenib,FLT3,inhibitor
Sorafenib,FLT4,inhibitor
Sorafenib,KDR,inhibitor
Sorafenib,KIT,antagonist
Sorafenib,PDGFRB,inhibitor
Sorafenib,RAF1,inhibitor
Sorafenib,RET,inhibitor
Soraphen A,ACACB,inhibitor
Soraprazan,ATP4A,modulator
Soraprazan,ATP4B,modulator
Sorbinil,AKR1B1,inhibitor
Soretolide,GRIA1,modulator
Sotagliflozin,SLC5A1,inhibitor
Sotagliflozin,SLC5A2,inhibitor
Sotalol,ADRB1,antagonist
Sotalol,ADRB2,antagonist
Sotalol,KCNH2,inhibitor
Soticlestat,CYP46A1,inhibitor
Sotorasib,KRAS,inhibitor
Sotrastaurin,PRKCA,inhibitor
Sotrastaurin,PRKCB,inhibitor
Sotrastaurin,PRKCQ,inhibitor
Sovateltide,EDNRB,unknown
Spaglumic acid,FOLH1,ligand
Sparfloxacin,TOP2A,inhibitor
Sparfosic acid,CAD,unknown
Sparsentan,AGTR1,antagonist
Sparsentan,AGTR2,antagonist
Sparsentan,EDNRA,antagonist
Spebrutinib,BTK,inhibitor
Spermidine,ADRB1,unknown
Spermidine,ADRB2,unknown
Spermidine,TXNRD1,inhibitor
Spermine,ADRB1,unknown
Spermine,ADRB2,unknown
Spermine,CA14,inhibitor
Spermine,CA4,inhibitor
Spermine,CA6,inhibitor
Spermine,CA9,inhibitor
Spermine,CASR,unknown
Spermine,GRIN1,inhibitor
Spermine,GRIN2A,inhibitor
Spermine,ODC1,product of
Spermine,SMOX,ligand
Spermine,SMS,ligand
Sphingosine,GLTP,unknown
Sphingosine,PCYT1B,inhibitor
Sphingosine,PVR,unknown
Sphinxolide B,ACTA1,unknown
Spinosad,CHRNA7,antagonist
Spiperone,ADRA1A,inhibitor
Spiperone,DRD2,antagonist
Spiperone,DRD3,antagonist
Spiperone,DRD4,antagonist
Spiperone,HTR1A,inhibitor
Spiperone,HTR2A,inhibitor
Spiperone,HTR6,inhibitor
Spiperone,HTR7,inhibitor
Spiradoline,OPRK1,agonist
Spiramide,HTR2A,antagonist
Spiramide,HTR2B,antagonist
Spiramide,HTR2C,antagonist
Spirapril,ACE,inhibitor
Spiroglumide,CCKBR,antagonist
Spiroglumide,SLC6A2,inhibitor
Spiroglumide,SLC6A3,inhibitor
Spironolactone,AR,antagonist
Spironolactone,CACNA1A,inhibitor
Spironolactone,ESR2,agonist
Spironolactone,NR1I2,agonist
Spironolactone,NR3C1,antagonist
Spironolactone,NR3C2,antagonist
Spironolactone,PGR,agonist
Squalamine,FGF2,modulator
Squalamine,PDGFA,inhibitor
Squalamine,VEGFA,modulator
Squalamine,VEGFB,modulator
Squalamine,VEGFC,modulator
Squalamine,VEGFD,modulator
Sri-9439,DHFR,unknown
Sri-9439,PDF,inhibitor
Sri-9662,DHFR,unknown
Sri-9662,PDF,inhibitor
Stacofylline,ACHE,inhibitor
Stannsoporfin,HMOX1,unknown
Stannsoporfin,HMOX2,unknown
Stanolone,AR,agonist
Stanolone,ESR1,unknown
Stanolone,HSD17B1,unknown
Stanolone,NR3C2,unknown
Stanolone acetate,AR,unknown
Stanolone acetate,ESR1,unknown
Stanolone acetate,HSD17B1,unknown
Stanolone acetate,NR3C2,unknown
Stanozolol,AR,agonist
Staurosporine,CDK2,unknown
Staurosporine,CHRM1,unknown
Staurosporine,CSK,unknown
Staurosporine,GSK3B,unknown
Staurosporine,IKBKB,inhibitor
Staurosporine,ITK,unknown
Staurosporine,LCK,unknown
Staurosporine,MAPKAPK2,unknown
Staurosporine,PDPK1,unknown
Staurosporine,PIK3CG,unknown
Staurosporine,PIM1,unknown
Staurosporine,PRKCQ,unknown
Staurosporine,PRKCZ,inhibitor
Staurosporine,SYK,unknown
Staurosporine,ZAP70,unknown
Stavudine triphosphate,NME1,unknown
Stearic acid,PLA2G2D,unknown
Stearic acid,PPARA,unknown
Stiripentol,GABRG3,modulator
Stiripentol,GABRQ,agonist;positive allosteric modulator
Stiripentol,LDHA,inhibitor
Stiripentol,LDHB,inhibitor
Streptomycin,PADI4,inhibitor
Streptozocin,OGA,inhibitor
Streptozocin,SLC2A2,ligand
Strychnine,GLRA1,antagonist
Strychnine,GLRA2,antagonist
Strychnine,GLRA3,antagonist
Strychnine,GLRB,antagonist
Succinic acid,ALDH5A1,inhibitor
Succinic acid,SUCNR1,agonist
Succinobucol,VCAM1,unknown
Succinylcholine,CHRM2,agonist
Succinylcholine,CHRM3,agonist
Succinylcholine,CHRNB4,agonist
Sucralfate,EGF,inducer
Sucralfate,FGF2,agonist;inducer
Sucralfate,FGG,binder
Sucralfate,PGA5,inhibitor
Sucrose,ACTA1,unknown
Sucrose,ATOX1,unknown
Sucrose,LYZ,unknown
Sucrose,RTCB,unknown
Sucrose,TAS1R2,unknown
Sucrosofate,FGF1,inhibitor
Sucrosofate,FGFR2,ligand
Sufentanil,OPRD1,agonist
Sufentanil,OPRK1,binder
Sufentanil,OPRM1,agonist
Sufugolix,GNRHR,inhibitor
Sulamserod,KCNA5,blocker
Sulfadoxine,MAOB,inhibitor
Sulfaphenazole,CYP2C9,modulator
Sulfasalazine,ABCG2,inhibitor
Sulfasalazine,ACAT1,inhibitor
Sulfasalazine,ALOX5,inhibitor
Sulfasalazine,CHUK,inhibitor
Sulfasalazine,IKBKB,inhibitor
Sulfasalazine,NFKB1,inhibitor
Sulfasalazine,NFKB2,inhibitor
Sulfasalazine,PLA2G1B,antagonist
Sulfasalazine,PPARG,agonist
Sulfasalazine,PTGS1,inhibitor
Sulfasalazine,PTGS2,inhibitor
Sulfasalazine,REL,activator
Sulfasalazine,RELA,activator
Sulfasalazine,RELB,activator
Sulfasalazine,SLC7A11,inhibitor
Sulfate ion,CA1,inhibitor
Sulfinpyrazone,ABCC1,inhibitor
Sulfinpyrazone,ABCC2,inhibitor
Sulfinpyrazone,NR1I2,activator
Sulfinpyrazone,SLC22A12,inhibitor
Sulindac,AKR1B1,inhibitor
Sulindac,AKR1B10,inhibitor
Sulindac,MAPK3,inhibitor
Sulindac,PPARD,negative modulator
Sulindac,PTGDR2,antagonist
Sulindac,PTGS1,inhibitor
Sulindac,PTGS2,inhibitor
Sulotroban,TBXA2R,modulator
Sulpiride,CA2,inhibitor
Sulpiride,CA3,inhibitor
Sulpiride,DRD2,antagonist
Sulpiride,DRD3,antagonist
Sulpiride,DRD4,antagonist
Sulthiame,CA2,inhibitor
Sulthiame,CA9,inhibitor
Sulukast,CYSLTR1,modulator
Sulukast,CYSLTR2,modulator
Sumanirole,DRD2,agonist
Sumanirole,DRD3,unknown
Sumanirole,DRD4,unknown
Sumatriptan,HTR1A,agonist
Sumatriptan,HTR1B,agonist
Sumatriptan,HTR1D,agonist
Sumatriptan,HTR1F,agonist
Sunepitron,ADRA1A,inhibitor
Sunepitron,ADRA1B,inhibitor
Sunepitron,ADRA1D,inhibitor
Sunepitron,HTR1A,inhibitor
Sunitinib,CSF1R,inhibitor
Sunitinib,FLT1,inhibitor
Sunitinib,FLT3,inhibitor
Sunitinib,FLT4,inhibitor
Sunitinib,KDR,inhibitor
Sunitinib,KIT,inhibitor
Sunitinib,MET,inhibitor
Sunitinib,PDGFRA,inhibitor
Sunitinib,PDGFRB,inhibitor
Sunvozertinib,EGFR,inhibitor
Supinoxin,DDX5,modulator
Suprofen,PTGS1,inhibitor
Suprofen,PTGS2,inhibitor
Suramin,F2,inhibitor
Suramin,FSHR,antagonist
Suramin,HPSE,inhibitor
Suramin,P2RY2,antagonist
Suramin,PLA2G2A,inhibitor
Suramin,RYR1,agonist
Suramin,SIRT5,inhibitor
Surinabant,CNR1,modulator
Suritozole,GABRG3,modulator
Surufatinib,CSF1R,inhibitor
Surufatinib,FGFR1,inhibitor
Surufatinib,FLT1,inhibitor
Surufatinib,FLT4,inhibitor
Surufatinib,KDR,inhibitor
Suvorexant,HCRTR1,antagonist
Suvorexant,HCRTR2,antagonist
Suzetrigine,SCN10A,blocker
Synephrine,ADRA1D,unknown
"Synthetic Conjugated Estrogens, A",ESR1,agonist
"Synthetic Conjugated Estrogens, B",ESR1,agonist
T-5224,JUN,inhibitor
T-62,ADORA2A,antagonist
T611,TAPT1,unknown
TAFA-93,MTOR,inhibitor
TAK-071,CHRM1,modulator
TAK-075 Free base,CASR,antagonist
TAK-475,FDFT1,unknown
TAK-475,HMGCR,unknown
TAK-593,KDR,modulator
TAK-593,PDGFRB,modulator
TAK-603,IFNG,modulator
TAK-901,AURKB,inhibitor
TAK-901,BAX,activator
TAS-108,ESR1,unknown
TAS-108,ESR2,unknown
TBC-3711,EDN1,unknown
TBC-3711,EDNRA,antagonist
TC-2216,CHRNA4,unknown
TC-2216,CHRNB2,unknown
TC-6987,CHRNA7,modulator
TCS-OX2-29,HCRTR2,antagonist
TD-2749,HTR4,agonist
TERN-101,NR1H4,agonist
TG-100801,CSK,unknown
TG-100801,FLT1,unknown
TG-100801,FLT4,unknown
TG-100801,KDR,unknown
TG-100801,VEGFA,inhibitor
TG-100801,VEGFB,inhibitor
TG-100801,VEGFC,inhibitor
TG-100801,VEGFD,inhibitor
TG-C,TGFB1,modulator
TG100-115,PIK3CD,inhibitor
TG100-115,PIK3CG,inhibitor
THIO-ATPA,GRIA2,unknown
TIK-301,MTNR1A,agonist
TM30339,NPY4R,unknown
TM5614,SERPINE1,unknown
TNP-470,METAP2,inhibitor
TO-901317,NCOA1,unknown
TO-901317,NCOA2,unknown
TO-901317,NR1H2,unknown
TO-901317,NR1H3,unknown
TO-901317,NR1I2,unknown
TO-901317,RXRB,unknown
TP-1287,CDK9,inhibitor
TPMPA,GABRR1,antagonist
TPMPA,GABRR2,antagonist
TPMPA,GABRR3,antagonist
TRO40303,TSPO,modulator
TRV-120027,AGTR1,antagonist
TT-232,PKM,modulator
TT-301,IL1B,inhibitor
TTI-101,STAT3,inhibitor
TTP889,F9,unknown
TW-37,BCL2,inhibitor
TW-37,MCL1,inhibitor
Tabimorelin,GHSR,modulator
Tacedinaline,HDAC1,inhibitor
Tacrine,ACHE,inhibitor
Tacrine,BCHE,inhibitor
Tacrine,CES1,unknown
Tacrolimus,FKBP1A,inhibitor
Tacrolimus,PPP3CA,inhibitor
Tadalafil,PDE11A,inhibitor
Tadalafil,PDE5A,inhibitor
Tadalafil,PDE6G,inhibitor
Tafamidis,TTR,chaperone
Tafluposide,TOP1,modulator
Tafluposide,TOP2A,modulator
Tafluposide,TOP2B,modulator
Tafluprost,PTGFR,agonist
Talabostat,DPP8,inhibitor
Talabostat,DPP9,inhibitor
Talabostat,FAP,inhibitor
Taladegib,SMO,modulator
Talaglumetad,GRM2,agonist
Talaglumetad,GRM3,agonist
Talampanel,GRIA1,unknown
Talampanel,GRIA2,unknown
Talampanel,GRIA3,unknown
Talampanel,GRIA4,unknown
Talarozole,CYP26A1,inhibitor
Talarozole,TACR2,antagonist
Talazoparib,PARP1,inhibitor
Talazoparib,PARP2,inhibitor
Talbutal,CHRNA4,antagonist
Talbutal,CHRNA7,antagonist
Talbutal,GABRA1,potentiator
Talbutal,GABRA2,potentiator
Talbutal,GABRA3,potentiator
Talbutal,GABRA4,potentiator
Talbutal,GABRA5,potentiator
Talbutal,GABRA6,potentiator
Talbutal,GABRG3,modulator
Talbutal,GABRQ,positive allosteric modulator
Talbutal,GRIA2,antagonist
Talbutal,GRIK2,antagonist
Taletrectinib,NTRK1,inhibitor
Taletrectinib,NTRK2,inhibitor
Taletrectinib,NTRK3,inhibitor
Taletrectinib,ROS1,inhibitor
Talipexole,DRD2,agonist
Tallimustine,CXCR2,antagonist
Talmapimod,IL1B,unknown
Talmapimod,MAPK14,modulator
Talmapimod,MT-CO2,unknown
Talmapimod,TNF,unknown
Talnetant,TACR3,antagonist
Talniflumate,CLCNKA,antagonist
Talniflumate,PTGS1,antagonist
Talniflumate,PTGS2,antagonist
Talotrexin,FOLR1,antagonist
Tamatinib,RET,inhibitor
Tamatinib,SYK,inhibitor
Tamibarotene,RARA,agonist
Tamibarotene,RARB,agonist
Taminadenant,ADORA2A,antagonist
Tamnorzatinib,AXL,inhibitor
Tamnorzatinib,MERTK,inhibitor
Tamoxifen,AR,antagonist
Tamoxifen,EBP,inhibitor
Tamoxifen,ESR1,antagonist;agonist
Tamoxifen,ESR2,antagonist;agonist
Tamoxifen,ESRRG,binder
Tamoxifen,KCNH2,inhibitor
Tamoxifen,MAPK8,modulator
Tamoxifen,NR1I2,agonist
Tamoxifen,PRKCZ,inhibitor
Tamoxifen,SHBG,inducer
Tamsulosin,ADRA1A,antagonist
Tamsulosin,ADRA1B,antagonist
Tamsulosin,ADRA1D,antagonist
Tanaproget,PGR,agonist
Tandutinib,FLT3,inhibitor
Tandutinib,PDGFD,unknown
Tanespimycin,HSP90AA1,inhibitor
Tanespimycin,HSP90AB1,unknown
Tannic acid,ANO1,blocker
Tanogitran,F10,inhibitor
Tanomastat,MMP2,inhibitor
Tanzisertib,MAPK10,modulator
Tanzisertib,MAPK8,modulator
Tanzisertib,MAPK9,modulator
Tapentadol,OPRD1,agonist
Tapentadol,OPRK1,agonist
Tapentadol,OPRM1,agonist
Tapentadol,SLC6A2,inhibitor
Tapentadol,SLC6A4,inhibitor
Tapinarof,AHR,agonist
Tapotoclax,MCL1,inhibitor
Taprenepag,PTGER2,agonist
Taprizosin,ADRA1A,antagonist
Tarafenacin,CHRM3,antagonist
Taranabant,CNR1,antagonist
Tarazepide,CCKAR,antagonist
Tarenflurbil,APH1A,inhibitor
Tarenflurbil,APH1B,inhibitor
Tarenflurbil,IKBKG,unknown
Tarenflurbil,NCSTN,inhibitor
Tarenflurbil,PSEN1,inhibitor
Tarenflurbil,PSEN2,inhibitor
Tarenflurbil,PSENEN,inhibitor
Taribavirin,ENPP1,unknown
Taribavirin,IMPDH1,inhibitor
Taribavirin,NT5C2,unknown
Tariquidar,ABCB1,modulator
Tarloxotinib,EGFR,inhibitor
Tarloxotinib,ERBB2,inhibitor
Tartronate,ME2,unknown
Tartronate,ME3,unknown
Taselisib,PIK3CA,modulator
Taselisib,PIK3CG,inhibitor
Tasimelteon,MTNR1A,agonist
Tasimelteon,MTNR1B,agonist
Tasosartan,AGTR1,antagonist
Tasosartan,AGTR2,antagonist
Taspoglutide,GLP1R,agonist
Tasquinimod,S100A9,modulator
Taurine,GABBR1,agonist
Taurine,GABRQ,agonist
Taurine,GLRA1,agonist
Taurine,GLRA2,agonist
Taurine,GLRA3,agonist
Taurine,GLRB,agonist
Taurine,GRIN2B,inhibitor
Taurocholic acid,CEL,inhibitor
Taurocholic acid,FABP6,ligand
Taurocholic acid,GPBAR1,modulator
Taurocholic acid,NR1H4,unknown
Taurocholic acid,SLC10A2,modulator
Tauroursodeoxycholic acid,ITGA5,activator
Tavilermide,NTRK1,agonist
Tazarotene,RARA,agonist
Tazarotene,RARB,agonist
Tazarotene,RARG,agonist
Tazarotene,RXRB,agonist
Tazemetostat,EZH1,inhibitor
Tazemetostat,EZH2,inhibitor
Tazomeline,CHRM1,agonist
Tebanicline,CHRNA4,agonist
Tebanicline,CHRNB2,agonist
Tebideutorexant,HCRTR1,antagonist
Tebufelone,ALOX5,inhibitor
Tebufelone,PTGS1,inhibitor
Tebufelone,PTGS2,inhibitor
Tecadenoson,ADORA1,agonist
Tecarfarin,VKORC1,inhibitor
Tecastemizole,HRH1,modulator
Tecastemizole,KCNH2,unknown
Technetium (99mtc) trofolastat chloride,FOLH1,modulator
Technetium Tc-99m ciprofloxacin,TOP2B,unknown
Technetium Tc-99m nofetumomab merpentan,EPCAM,binder
Technetium Tc-99m nofetumomab merpentan,MS4A1,binder
Technetium Tc-99m tilmanocept,MRC1,ligand
Tedalinab,CNR2,agonist
Tedatioxetine,HTR2C,modulator
Tegafur,TYMS,inhibitor
Tegafur-uracil,DPYD,antagonist
Tegafur-uracil,TYMS,antagonist
Tegaserod,HTR2A,antagonist
Tegaserod,HTR2B,antagonist
Tegaserod,HTR2C,antagonist
Tegaserod,HTR4,antagonist;partial agonist
Tegavivint,CTNNB1,inhibitor
Tegavivint,TBL1X,inhibitor
Teglarinad chloride,NAMPT,inhibitor
Teglicar,CRAT,inhibitor
Tegoprazan,FXYD2,inhibitor
Telaglenastat,GLS,modulator
Telaglenastat,GLS2,modulator
Telaprevir,SLCO1B1,inhibitor
Telaprevir,SLCO2B1,inhibitor
Telapristone acetate,PGR,unknown
Telatinib,KDR,inhibitor
Telavancin,CHRNA2,agonist
Telavancin,CHRNA3,agonist
Telavancin,CRHR1,antagonist
Telcagepant,CALCA,unknown
Telcagepant,CALCB,unknown
Telcagepant,CALCRL,antagonist
Telenzepine,CHRM1,modulator
Telmisartan,AGTR1,antagonist
Telmisartan,PPARG,partial agonist
Telotristat ethyl,TPH1,antagonist
Telotristat ethyl,TPH2,antagonist
Telratolimod,TLR7,agonist
Telratolimod,TLR8,agonist
Temanogrel,HTR2A,unknown
Temazepam,GABRG3,ligand
Temazepam,GABRQ,positive allosteric modulator
Temazepam,TSPO,modulator
Temocapril,ACE,inhibitor
Tempol,SOD1,modulator
Temsirolimus,MTOR,inhibitor
Temuterkib,MAPK1,inhibitor
Tenalisib,PIK3CD,inhibitor
Tenamfetamine,SLC6A2,inhibitor
Tenamfetamine,SLC6A3,inhibitor
Tenamfetamine,SLC6A4,inhibitor
Tenapanor,SLC9A3,inhibitor
Teneligliptin,DPP4,modulator
Tenidap,ALOX5,modulator
Teniposide,TOP2A,inhibitor
Teniposide,TOP2B,modulator
Tenocyclidine,CHRNA7,antagonist
Tenocyclidine,GRIN2A,antagonist
Tenocyclidine,GRIN2B,antagonist
Tenocyclidine,GRIN2C,antagonist
Tenocyclidine,GRIN2D,antagonist
Tenocyclidine,GRIN3A,antagonist
Tenocyclidine,GRIN3B,antagonist
Tenosal,PTGS2,inhibitor
Tenoxicam,PTGS1,inhibitor
Tenoxicam,PTGS2,inhibitor
Tepilamide fumarate,NFKB1,inhibitor
Tepilamide fumarate,NFKB2,inhibitor
Tepilamide fumarate,REL,inhibitor
Tepilamide fumarate,RELA,inhibitor
Tepilamide fumarate,RELB,inhibitor
Tepotinib,MET,inhibitor
Tepotinib,MTNR1B,inhibitor
Tepotinib,NISCH,inhibitor
Tepoxalin,ALOX5,inhibitor
Tepoxalin,IL4,inhibitor
Terameprocol,SP1,modulator
Terazosin,ADRA1A,antagonist
Terazosin,ADRA1B,antagonist
Terazosin,ADRA1D,antagonist
Terazosin,KCNH2,inhibitor
Terazosin,KCNH6,inhibitor
Terazosin,KCNH7,inhibitor
Terazosin,TGFB1,inducer
Terbinafine,SQLE,inhibitor
Terbogrel,TBXA2R,antagonist
Terbutaline,ADRB1,antagonist
Terbutaline,ADRB2,agonist
Terbutaline,ADRB3,agonist
Terfenadine,CHRM1,binder
Terfenadine,CHRM2,binder
Terfenadine,CHRM3,antagonist
Terfenadine,CHRM4,binder
Terfenadine,CHRM5,binder
Terfenadine,HRH1,antagonist
Terfenadine,KCNH2,inhibitor
Teriflunomide,DHODH,inhibitor
Teriflunomide,HMGCR,inhibitor
Terlakiren,REN,inhibitor
Terpinen-4-ol,ACHE,inhibitor
Terpinen-4-ol,ALPI,downregulator
Terpinen-4-ol,BCL2,regulator
Terpinen-4-ol,NFKB1,downregulator
Terpinen-4-ol,XIAP,downregulator
Tertatolol,HTR1A,inhibitor
Tesaglitazar,PPARA,modulator
Tesaglitazar,PPARG,modulator
Tesevatinib,EGF,unknown
Tesevatinib,EPHB4,modulator
Tesevatinib,ERBB2,unknown
Tesmilifene,ABCB1,inducer
Tesmilifene,HRH1,antagonist
Tesofensine,INSR,inhibitor
Tesofensine,SLC6A2,unknown
Tesofensine,SLC6A3,unknown
Tesofensine,SLC6A4,unknown
Testolactone,CYP19A1,inhibitor
Testosterone,AR,agonist
Testosterone,ESR1,inhibitor
Testosterone,NR3C2,ligand
Testosterone cypionate,AR,agonist
Testosterone cypionate,ESR1,inhibitor
Testosterone cypionate,NR3C2,antagonist
Testosterone enanthate,AR,agonist
Testosterone enanthate,ESR1,inhibitor
Testosterone enanthate,NR3C2,antagonist
Testosterone propionate,AR,agonist
Testosterone undecanoate,AR,agonist
Tetomilast,PDE4D,unknown
Tetrabenazine,DRD2,inhibitor
Tetrabenazine,SLC18A2,inhibitor
Tetrabromo-2-Benzotriazole,AKT1,inhibitor
Tetrabromo-2-Benzotriazole,CHEK1,inhibitor
Tetrabromo-2-Benzotriazole,CSNK2A1,inhibitor
Tetrabromo-2-Benzotriazole,GSK3B,inhibitor
Tetrabromo-2-Benzotriazole,LCK,inhibitor
Tetrabromo-2-Benzotriazole,MAP2K1,inhibitor
Tetrabromo-2-Benzotriazole,MAPK1,inhibitor
Tetrabromo-2-Benzotriazole,MAPK11,inhibitor
Tetrabromo-2-Benzotriazole,MAPK12,inhibitor
Tetrabromo-2-Benzotriazole,MAPK14,inhibitor
Tetrabromo-2-Benzotriazole,MAPK8,inhibitor
Tetrabromo-2-Benzotriazole,PRKAA1,inhibitor
Tetrabromo-2-Benzotriazole,PRKAB1,inhibitor
Tetrabromo-2-Benzotriazole,PRKAG1,inhibitor
Tetrabromo-2-Benzotriazole,PRKCA,inhibitor
Tetrabromo-2-Benzotriazole,ROCK1,inhibitor
Tetrabromo-2-Benzotriazole,RPS6KB1,inhibitor
Tetrabromo-2-Benzotriazole,SGK1,inhibitor
Tetrabutylammonium Ion,IGKC,unknown
Tetracaine,RYR1,modulator
Tetracaine,RYR2,modulator
Tetracaine,SCN10A,inhibitor
Tetracaine,SCN9A,blocker
Tetrachlorodecaoxide,CD163,unknown
Tetrachlorodecaoxide,MAEA,unknown
Tetracosactide,MC2R,agonist
Tetracycline,PRNP,inhibitor
Tetradecyl hydrogen sulfate (ester),PROCR,antagonist
Tetraethylammonium,AQP1,inhibitor
Tetraethylammonium,CHRNA9,agonist;inhibitor
Tetraethylammonium,KCNA1,blocker
Tetraethylammonium,KCNA3,blocker
Tetraethylammonium,KCNA5,blocker
Tetraethylammonium,KCNMB4,inhibitor
Tetraethylammonium,KCNN1,blocker
Tetraethylammonium,KCNN2,blocker
Tetraethylammonium,KCNN3,blocker
Tetraethylammonium,KCNQ3,blocker
Tetraethylammonium,KCNT1,blocker
Tetraethylammonium,KCNT2,blocker
Tetraethylammonium,SLC47A1,modulator
Tetraferric tricitrate decahydrate,TFRC,ligand
Tetrafluoroaluminate Ion,ATP2A1,unknown
Tetrafluoroaluminate Ion,CMPK1,unknown
Tetrafluoroaluminate Ion,GNAI1,unknown
Tetrafluoroaluminate Ion,GNAT1,unknown
Tetrafluoroaluminate Ion,MYH11,unknown
Tetrafluoroaluminate Ion,MYH14,unknown
Tetrahydrocannabivarin,CNR1,antagonist
Tetrahydrocannabivarin,CNR2,partial agonist
Tetrahydrocannabivarin,GPR55,partial agonist
Tetrahydrocannabivarin,HTR1A,agonist
Tetrahydrocannabivarin,TRPA1,agonist
Tetrahydrocannabivarin,TRPM8,antagonist
Tetrahydrocannabivarin,TRPV2,agonist
Tetrahydrocannabivarin,TRPV3,activator
Tetrahydrofolic acid,ALDH1L1,cofactor
Tetrahydrofolic acid,AMT,cofactor
Tetrahydrofolic acid,ATIC,cofactor
Tetrahydrofolic acid,FTCD,cofactor
Tetrahydrofolic acid,MTFMT,cofactor
Tetrahydrofolic acid,MTHFD1,cofactor
Tetrahydrofolic acid,MTHFD2,cofactor
Tetrahydrofolic acid,MTHFR,cofactor
Tetrahydrofolic acid,MTR,cofactor
Tetrahydrofolic acid,SHMT1,cofactor
Tetrahydrofolic acid,SHMT2,cofactor
Tetrahydrogestrinone,AR,unknown
Tetrahydropalmatine,DRD1,antagonist
Tetrahydropalmatine,DRD2,antagonist
Tetrahydrouridine,CDA,modulator
Tetramethylammonium,GALE,unknown
Tetrandrine,ABCB1,inhibitor
Tetrastearoyl cardiolipin,SLC25A4,unknown
Tetrasul,ADRA2C,agonist
Tetrathiomolybdate,APP,unknown
Tetrathiomolybdate,SOD1,inhibitor
Tetrazolyl Histidine,MB,unknown
Tetrodotoxin,SCN1A,unknown
Tetrodotoxin,SCN2A,unknown
Tetrodotoxin,SCN3A,unknown
Tetrodotoxin,SCN5A,blocker
Tetrodotoxin,SCN8A,unknown
Tetryzoline,ADRA1D,agonist
Tetryzoline,ADRA2C,modulator
Teverelix,GNRHR,antagonist
Tezacaftor,CFTR,positive allosteric modulator
Tezacitabine,RRM1,unknown
Tezacitabine,RRM2,modulator
Tezampanel,GABBR1,unknown
Tezampanel,GRIK1,modulator
Tezosentan,EDNRA,unknown
Tezosentan,EDNRB,unknown
Thalidomide,CRBN,inhibitor
Thalidomide,ORM2,binder
Thalidomide,TNF,inhibitor
Thenoyltrifluoroacetone,CES1,inhibitor
Thenoyltrifluoroacetone,SDHA,unknown
Theobromine,ADORA1,antagonist
Theobromine,ADORA2A,antagonist
Theobromine,NT5E,inhibitor
Theobromine,PDE4B,inhibitor
Theophylline,ADORA1,antagonist
Theophylline,ADORA2A,antagonist
Theophylline,ADORA2B,antagonist
Theophylline,CPNE1,binder
Theophylline,HDAC2,activator
Theophylline,NT5E,inhibitor
Theophylline,PARP1,inhibitor
Theophylline,PDE3A,inhibitor
Theophylline,PDE4A,inhibitor
Theophylline,PDE4B,inhibitor
Theophylline,PDE5A,inhibitor
Theophylline,RIC3,modulator
Thiacloprid,CHRFAM7A,unknown
Thiamine,TPK1,substrate
Thiamylal,GABRA1,agonist
Thiamylal,GABRG3,modulator
Thiamylal,KCNJ11,inhibitor
Thiamylal,KCNJ8,inhibitor
"Thieno[2,3-B]Pyridine-2-Carboxamidine",PLAU,inhibitor
"Thieno[2,3-B]Pyridine-2-Carboxamidine",PRSS1,unknown
Thiethylperazine,DRD2,antagonist
Thimerosal,FXYD2,antagonist
Thimerosal,MTR,antagonist
Thimerosal,SLC7A11,antagonist
Thiocitrulline,NOS1,inhibitor
Thiocitrulline,NOS2,inhibitor
Thiocitrulline,NOS3,inhibitor
Thiocolchicoside,GABRA1,inhibitor
Thiocolchicoside,GABRB2,inhibitor
Thiocolchicoside,GABRG2,inhibitor
Thiocolchicoside,GABRQ,antagonist
Thiocolchicoside,GLRA1,antagonist
Thiocolchicoside,GLRA2,inhibitor
Thiocolchicoside,GLRA3,inhibitor
Thiocolchicoside,GLRB,inhibitor
Thiocolchicoside,TNFSF11,antagonist
Thiocoumarin,NOS2,inhibitor
Thiodigalactoside,LGALS1,unknown
Thiodigalactoside,NCAN,unknown
Thionicotinamide-Adenine-Dinucleotide,GAPDH,unknown
Thiopental,CHRM3,unknown
Thiopental,CHRNA4,antagonist
Thiopental,CHRNA7,antagonist
Thiopental,FAAH,inhibitor
Thiopental,GABRA1,potentiator
Thiopental,GABRA2,potentiator
Thiopental,GABRA3,potentiator
Thiopental,GABRA4,potentiator
Thiopental,GABRA5,potentiator
Thiopental,GABRA6,potentiator
Thiopental,GRIA2,antagonist
Thiopental,GRIK2,antagonist
Thioproperazine,ADRA1A,antagonist
Thioproperazine,ADRA1B,antagonist
Thioproperazine,DRD1,antagonist
Thioproperazine,DRD2,antagonist
Thioridazine,ADRA1A,antagonist
Thioridazine,ADRA1B,antagonist
Thioridazine,DRD1,antagonist
Thioridazine,DRD2,antagonist
Thioridazine,HTR2A,antagonist
Thioridazine,KCNH2,inhibitor
Thiorphan,MME,inhibitor
Thiothixene,DRD1,antagonist
Thiothixene,DRD2,antagonist
Thiothixene,HTR2A,antagonist
Thiram,JAK2,inhibitor
Thonzonium,ATP6V1C1,inhibitor
Thonzylamine,CHRM1,antagonist
Thonzylamine,CHRM2,antagonist
Thonzylamine,CHRM3,antagonist
Thonzylamine,CHRM4,antagonist
Thonzylamine,CHRM5,antagonist
Thonzylamine,HRH1,antagonist
Threonine,TARS1,unknown
Threonine,TARS2,unknown
Thymectacin,TYMS,unknown
Thymidine,TK1,substrate
Thymidine,TK2,substrate
Thymidine 5'-triphosphate,TK1,inhibitor
Thymidine 5'-triphosphate,TK2,unknown
Thymidine monophosphate,DTYMK,product of
Thymidine monophosphate,TK1,inhibitor
Thymidine monophosphate,TYMS,product of
Thymidine-5'- Diphosphate,NME1,unknown
Thymine,TYMP,inhibitor
Thymoquinone,BAX,inhibitor
Thymoquinone,BCL2,inhibitor
Thymoquinone,TP53,inhibitor
Tiagabine,SLC6A1,inhibitor
Tianeptine,DRD3,agonist
Tianeptine,GRIA1,modulator
Tianeptine,HTR1A,inhibitor
Tianeptine,OPRM1,agonist
Tianeptine,SLC6A4,inhibitor
Tiapride,ADRA1D,antagonist
Tiapride,ADRA2C,antagonist
Tiapride,DRD2,blocker
Tiapride,DRD3,blocker
Tiapride,HTR7,antagonist
Tiapride,SCN10A,inhibitor
Tiaprofenic acid,PTGS1,inhibitor
Tiaprofenic acid,PTGS2,inhibitor
Tiazofurine,IMPDH1,inhibitor
Tibolone,ESR1,antagonist;agonist
Ticagrelor,P2RY12,inhibitor
Ticalopride,HTR3A,unknown
Ticalopride,HTR4,unknown
Ticlopidine,P2RY12,antagonist
Ticlopidine,PTAFR,modulator
Ticolubant,LTB4R,antagonist
Tideglusib,GSK3B,antagonist
Tidembersat,HTR1D,antagonist
Tifacogin,TFPI,inhibitor
Tifenazoxide,ABCC8,modulator
Tigemocoxib,PTGS2,inhibitor
Tigulixostat,XDH,inhibitor
Tilarginine,NOS3,modulator
Tildacerfont,CRHR1,antagonist
Tilmacoxib,PTGS2,inhibitor
Tiludronic acid,ATP6AP1,inhibitor
Tiludronic acid,PTPN12,inhibitor
Tiludronic acid,PTPN6,inhibitor
Tiludronic acid,PTPRE,inhibitor
Timapiprant,PTGDR2,antagonist
Timolol,ADRB1,antagonist
Timolol,ADRB2,antagonist
Tinlarebant,RBP4,antagonist
Tinlorafenib,BRAF,inhibitor
Tinoridine,NFE2L2,upregulator
Tinoridine,PTGS2,inhibitor
Tinzaparin,CXCL12,binder
Tinzaparin,ITGA4,inhibitor
Tinzaparin,SERPINC1,potentiator
Tioconazole,CYP51A1,inhibitor
Tiotidine,HRH2,antagonist
Tiotropium,CHRM1,antagonist
Tiotropium,CHRM2,antagonist
Tiotropium,CHRM3,antagonist
Tiotropium,CHRM4,antagonist
Tiotropium,CHRM5,antagonist
Tioxolone,CA2,inhibitor
Tipelukast,ALOX5,modulator
Tipifarnib,FDPS,inhibitor
Tipifarnib,FNTA,modulator
Tipifarnib,FNTB,modulator
Tipiracil,TYMP,inhibitor
Tirabrutinib,BTK,inhibitor
Tirapazamine,TOP2A,modulator
Tirapazamine,TOP2B,modulator
Tirasemtiv,TNNC2,modulator
Tiratricol,DHODH,inhibitor
Tiratricol,THRA,agonist
Tiratricol,THRB,agonist
Tirbanibulin,SRC,inhibitor
Tirbanibulin,TUBB,inhibitor
Tirofiban,ITGA2B,antagonist
Tirofiban,ITGB3,antagonist
Tisocalcitate,VDR,inhibitor
Titanium dioxide,MARCO,unknown
Tivantinib,MET,inhibitor
Tivozanib,FLT1,inhibitor
Tivozanib,FLT3,inhibitor
Tivozanib,FLT4,inhibitor
Tivozanib,KDR,inhibitor
Tivozanib,KIT,inhibitor
Tivozanib,MET,inhibitor
Tivozanib,PDGFRA,inhibitor
Tivozanib,PDGFRB,inhibitor
Tivozanib,PTK6,unknown
Tixocortol,HDAC2,stimulator
Tixocortol,NR3C1,binder
Tizanidine,ADRA1D,agonist
Tizanidine,ADRA2C,agonist
Tizanidine,NISCH,agonist
Tmr,ACTA1,unknown
Tocainide,SCN5A,inhibitor
Tocofersolan,ABCB1,antagonist
Tocotrienol,HMGCR,inhibitor
Tofacitinib,JAK1,inhibitor
Tofacitinib,JAK2,inhibitor
Tofacitinib,JAK3,inhibitor
Tofacitinib,TYK2,inhibitor
Tofimilast,PDE4A,inhibitor
Tofimilast,PDE4B,inhibitor
Tofimilast,PDE4D,inhibitor
Tofisopam,PDE10A,inhibitor
Tofisopam,PDE2A,inhibitor
Tofisopam,PDE3A,inhibitor
Tofisopam,PDE4A,inhibitor
Tolazamide,KCNJ10,blocker
Tolazamide,KCNJ11,blocker
Tolazoline,ADRA1A,antagonist
Tolazoline,ADRA2A,antagonist
Tolazoline,ADRA2B,binder
Tolazoline,ADRA2C,binder
Tolazoline,DRD2,antagonist
Tolazoline,HRH1,agonist
Tolazoline,HRH2,agonist
Tolbutamide,ABCC8,inhibitor
Tolbutamide,ABCC9,blocker
Tolbutamide,KCNJ1,inhibitor
Tolcapone,COMT,inhibitor
Tolebrutinib,BTK,inhibitor
Tolfenamic acid,PTGS1,antagonist
Tolfenamic acid,PTGS2,antagonist
Tolinapant,XIAP,inhibitor
Tolmetin,PTGS1,inhibitor
Tolmetin,PTGS2,inhibitor
Tolnaftate,SQLE,inhibitor
Toloxatone,MAOA,antagonist
Toloxatone,MAOB,inhibitor
Tolperisone,SCN11A,modulator
Tolrestat,AKR1A1,unknown
Tolrestat,AKR1B1,inhibitor
Tolrestat,AKR1B10,unknown
Tolrestat,SIGMAR1,binder
Tolterodine,CHRM1,antagonist
Tolterodine,CHRM2,antagonist
Tolterodine,CHRM3,antagonist
Tolterodine,CHRM4,antagonist
Tolterodine,CHRM5,antagonist
Tolvaptan,AVPR1A,antagonist
Tolvaptan,AVPR2,antagonist
Tomelukast,CYSLTR1,modulator
Tomivosertib,MKNK1,inhibitor
Tomivosertib,MKNK2,inhibitor
Tonabersat,HTR1D,agonist
Tonapofylline,ADORA1,inhibitor
Tonapofylline,ADORA2A,inhibitor
Tonapofylline,ADORA2B,inhibitor
Tonapofylline,ADORA3,inhibitor
Topiramate,CA1,inhibitor
Topiramate,CA2,inhibitor
Topiramate,CA3,inhibitor
Topiramate,CA4,inhibitor
Topiramate,CACNA1E,antagonist
Topiramate,CACNB4,antagonist
Topiramate,GABRA1,agonist
Topiramate,GRIK1,antagonist
Topiramate,GRIK5,antagonist
Topiramate,SCN9A,inhibitor
Topiroxostat,XDH,inhibitor
Topotecan,TOP1,inhibitor
Topotecan,TOP1MT,inhibitor
Torasemide,SLC12A1,inhibitor
Torasemide,SLC12A2,inhibitor
Torbafylline,PDE4A,inhibitor
Torbafylline,PDE4B,modulator
Torbafylline,PDE4D,modulator
Torcetrapib,CETP,antagonist
Toreforant,HRH4,antagonist
Toremifene,ESR1,modulator
Toremifene,SHBG,inhibitor
Tosedostat,LTA4H,unknown
Tosedostat,NPEPPS,inhibitor
Totrombopag,MPL,unknown
Tovinontrine,PDE9A,inhibitor
Tovorafenib,ARAF,inhibitor
Tovorafenib,BRAF,inhibitor
Tovorafenib,RAF1,inhibitor
Tozadenant,ADORA2A,antagonist
Tozasertib,AURKA,inhibitor
Tozasertib,AURKB,inhibitor
Tozasertib,LCK,inhibitor
Trabodenoson,ADORA1,agonist
Tradipitant,TACR1,antagonist
Tramadol,ADORA1,agonist
Tramadol,ADRA2C,inducer
Tramadol,CHRM1,antagonist
Tramadol,CHRM3,antagonist
Tramadol,CHRNA7,antagonist
Tramadol,GRIN3B,inhibitor
Tramadol,HTR2C,antagonist
Tramadol,OPRD1,agonist
Tramadol,OPRK1,agonist
Tramadol,OPRM1,agonist
Tramadol,SCN2A,inhibitor
Tramadol,SLC6A2,inhibitor
Tramadol,SLC6A4,inhibitor
Tramadol,TACR1,inhibitor
Tramadol,TRPV1,agonist
Tramazoline,ADRA2A,inhibitor
Tramazoline,ADRA2B,inhibitor
Tramazoline,ADRA2C,inhibitor
Trametinib,MAP2K1,inhibitor
Trametinib,MAP2K2,inhibitor
Tramiprosate,APP,antagonist
Trandolapril,ACE,inhibitor
Tranexamic acid,PLG,inhibitor
Tranilast,HPGDS,inhibitor
Tranilast,HRH1,antagonist
Tranilast,STS,inhibitor
Trans-O-Hydroxy-Alpha-Methyl Cinnamate,CTRB1,unknown
Tranylcypromine,MAOA,inhibitor
Tranylcypromine,MAOB,inhibitor
Trapidil,FGFR3,inhibitor
Trapidil,PDE6B,inhibitor
Trapidil,PDGFRB,antagonist
Travoprost,PTGFR,agonist
Traxoprodil,GRIN2B,antagonist
Trazeolide,IGKC,unknown
Trazodone,ADRA1A,antagonist
Trazodone,ADRA2A,antagonist
Trazodone,HRH1,antagonist
Trazodone,HTR1A,antagonist;partial agonist
Trazodone,HTR2A,antagonist
Trazodone,HTR2C,agonist
Trazodone,SLC6A4,inhibitor
Trazpiroben,DRD2,inhibitor
Trazpiroben,DRD3,inhibitor
Trecadrine,ADRB3,agonist
Trecadrine,CA1,inhibitor
Trecadrine,CA2,inhibitor
Trecadrine,CA4,inhibitor
Trefentanil,OPRM1,agonist
Trelagliptin,DPP4,inhibitor
Trelanserin,HTR2A,modulator
"Trencam-3,2-Hopo",LCN2,unknown
Treprostinil,P2RY12,weak inhibitor
Treprostinil,PPARD,agonist
Treprostinil,PTGDR,agonist
Treprostinil,PTGER2,agonist
Treprostinil,PTGIR,agonist
Tretazicar,NQO2,inhibitor
Tretinoin,ALDH1A1,substrate
Tretinoin,ALDH1A2,substrate
Tretinoin,CRABP1,binder
Tretinoin,GPRC5A,regulator
Tretinoin,LCN1,binder
Tretinoin,OBP2A,binder
Tretinoin,PDK4,upregulator
Tretinoin,RARA,agonist
Tretinoin,RARB,agonist
Tretinoin,RARG,agonist
Tretinoin,RARRES1,agonist
Tretinoin,RBP4,binder
Tretinoin,RXRA,agonist
Tretinoin,RXRB,agonist
Tretinoin,RXRG,agonist
Triacetylchitotriose,LYZ,unknown
Triamcinolone,NR3C1,agonist
Triamterene,SCNN1A,inhibitor
Triamterene,SCNN1B,inhibitor
Triamterene,SCNN1D,inhibitor
Triamterene,SCNN1G,inhibitor
Triapine,RRM2,modulator
Triazolam,GABRG3,ligand
Triazolam,GABRQ,positive allosteric modulator
Triazolam,TSPO,modulator
Triazolopyridine,MAPK14,inhibitor
Tributyltin,NCOA2,unknown
Tributyltin,RXRA,inhibitor
Tributyrin,CASP3,activator
Tricarballylic acid,ACO2,unknown
Tricetin,PIM1,unknown
Trichlormethiazide,ATP1A1,inhibitor
Trichlormethiazide,CA1,inhibitor
Trichlormethiazide,CA2,inhibitor
Trichlormethiazide,CA4,inhibitor
Trichlormethiazide,SLC12A1,blocker
Trichlormethiazide,SLC12A3,inhibitor
Trichostatin A,CASP8,activator
Trichostatin A,HDAC7,unknown
Trichostatin A,HDAC8,unknown
Trichostatin A,PTGER4,regulator
Trichostatin A,TNF,downregulator
Triciribine phosphate,AKT3,modulator
Triclosan,AR,unknown
Triclosan,NOS3,stimulator
Triclosan,NR1I2,unknown
Triclosan,NR1I3,inverse agonist
Triclosan,PPARG,unknown
Triclosan,TPO,weak inhibitor
Tridihexethyl,CHRM1,antagonist
Tridihexethyl,CHRM2,antagonist
Tridihexethyl,CHRM3,antagonist
Tridihexethyl,CHRM5,binder
Tridolgosir,MAN2A1,inhibitor
Triethyl phosphate,TP53,unknown
Triethylenetetramine,CA14,inhibitor
Trifarotene,RARA,agonist
Trifarotene,RARB,agonist
Trifarotene,RARG,agonist
Trifluoperazine,ADRA1A,antagonist
Trifluoperazine,CALM1,inhibitor
Trifluoperazine,CALM2,inhibitor
Trifluoperazine,CALM3,inhibitor
Trifluoperazine,CALY,antagonist
Trifluoperazine,DRD2,antagonist
Trifluoperazine,S100A4,inhibitor
Trifluoperazine,TNNC1,allosteric modulator
Trifluoroacetonyl coenzyme A,CS,unknown
Trifluoroethanol,ADH1C,unknown
Trifluoroethanol,HRAS,unknown
Trifluperidol,CMA1,modulator
Triflupromazine,CHRM1,antagonist
Triflupromazine,CHRM2,antagonist
Triflupromazine,DRD1,antagonist
Triflupromazine,DRD2,antagonist
Triflupromazine,HTR2B,antagonist
Trifluridine,TYMS,inhibitor
Triflusal,NFKB1,antagonist
Triflusal,NOS2,agonist
Triflusal,PDE10A,antagonist
Triflusal,PTGS1,antagonist
Triglu-5-formyl-tetrahydrofolate,SHMT1,unknown
Triglyme,FYN,inhibitor
Triglyme,PFN2,unknown
Triglyme,PPIF,unknown
Trihexyphenidyl,ADRB3,agonist
Trihexyphenidyl,CHRM1,antagonist
Trihexyphenidyl,CHRM2,antagonist
Trihexyphenidyl,CHRM3,antagonist
Trihexyphenidyl,CHRM4,antagonist
Trihexyphenidyl,CHRM5,antagonist
Trilaciclib,CDK2,inhibitor
Trilaciclib,CDK4,inhibitor
Trilaciclib,CDK5,inhibitor
Trilaciclib,CDK6,inhibitor
Trilaciclib,CDK7,inhibitor
Trilaciclib,CDK9,inhibitor
Trilostane,ESR1,allosteric modulator
Trilostane,ESR2,allosteric modulator
Trilostane,HSD3B1,inhibitor
Trilostane,HSD3B2,inhibitor
Trimazosin,ADRA1D,modulator
Trimebutine,CACNA1A,inhibitor
Trimebutine,CACNA1I,activator
Trimebutine,CHRM1,antagonist
Trimebutine,CHRM2,antagonist
Trimebutine,CHRM3,antagonist
Trimebutine,CHRM4,antagonist
Trimebutine,KCNN3,inhibitor
Trimebutine,OPRM1,agonist
Trimesic acid,HBA1,inhibitor
Trimesic acid,HBB,unknown
Trimetazidine,ACAA2,inhibitor
Trimethadione,CACNA1G,inhibitor
Trimethaphan,CHRNA10,antagonist
Trimethaphan,CHRNA4,antagonist
Trimethobenzamide,DRD2,inhibitor
Trimethoprim,DHFR,modulator
Trimethyllysine,CALM1,inhibitor
Trimethyllysine,CALM2,inhibitor
Trimethyllysine,CALM3,inhibitor
Trimethyllysine,CYCS,unknown
Trimetrexate,DHFR,inhibitor
Trimetrexate,PDF,inhibitor
Trimipramine,ADRA1A,antagonist
Trimipramine,ADRA1B,antagonist
Trimipramine,ADRA2A,antagonist
Trimipramine,ADRA2B,other/unknown
Trimipramine,ADRB3,binder
Trimipramine,CHRM5,binder
Trimipramine,DRD2,other/unknown
Trimipramine,DRD5,binder
Trimipramine,HRH1,antagonist
Trimipramine,HTR1A,antagonist
Trimipramine,HTR1D,binder
Trimipramine,HTR2A,agonist
Trimipramine,HTR2C,antagonist
Trimipramine,HTR3A,binder
Trimipramine,SLC6A2,inhibitor
Trimipramine,SLC6A3,inhibitor
Trimipramine,SLC6A4,inhibitor
Tripelennamine,HRH1,antagonist
Triphosphoric acid,PAPOLA,unknown
Triprolidine,HRH1,antagonist
Triptolide,NFKB1,inhibitor
Triptolide,NFKB2,inhibitor
Triptolide,PRDX5,other/unknown
Triptolide,REL,inhibitor
Triptolide,RELA,inhibitor
Triptolide,RELB,inhibitor
Triptorelin,GNRHR,agonist
Trodusquemine,PTPN1,inhibitor
Trodusquemine,SLC6A2,unknown
Trodusquemine,SLC6A3,unknown
Troglitazone,ACSL4,inhibitor
Troglitazone,ESRRA,inverse agonist
Troglitazone,ESRRG,inverse agonist
Troglitazone,GSTP1,unknown
Troglitazone,PPARA,unknown
Troglitazone,PPARD,unknown
Troglitazone,PPARG,agonist;regulator
Troglitazone,SERPINE1,antagonist
Troglitazone,SLC29A1,inhibitor
Trolamine salicylate,PTGS1,inhibitor
Trolamine salicylate,PTGS2,inhibitor
Troleandomycin,NR1I2,activator
Tromethamine,AMD1,inhibitor
Tromethamine,APP,inhibitor
Tropicamide,CHRM1,antagonist
Tropicamide,CHRM2,antagonist
Tropicamide,CHRM3,antagonist
Tropicamide,CHRM4,antagonist
Tropifexor,NR1H4,agonist;binder
Tropisetron,ERBB2,binder
Tropisetron,HTR3A,antagonist
Trospium,CHRM1,antagonist
Trospium,CHRM3,antagonist
Trospium,CHRM5,antagonist
Trovafloxacin,TOP2A,inhibitor
Trypan blue free acid,PTPN1,inhibitor
Tryptamine,HTR2A,inhibitor
Tryptamine,MAOA,inhibitor
Tryptamine,MAOB,inhibitor
Tryptophan,IDO1,binder
Tryptophan,WARS1,inhibitor
Tryptophan,WARS2,inhibitor
Tryptophanamide,WARS1,unknown
Tryptophanyl-5'amp,WARS1,unknown
Tuaminoheptane,SLC6A2,inhibitor
Tubocurarine,ACHE,inhibitor
Tubocurarine,CHRNA2,antagonist
Tubocurarine,CHRNA7,unknown
Tubocurarine,HTR3A,antagonist
Tucatinib,ERBB2,inhibitor
Tucatinib,ERBB3,inhibitor
Tucidinostat,HDAC1,modulator
Tulobuterol,ADRB2,regulator
Tulopafant,PTAFR,antagonist
Turofexorate isopropyl,NR1H4,modulator
Turosteride,SRD5A1,inhibitor
Turosteride,SRD5A2,inhibitor
Turpentine,MAPK1,unknown
Tuvusertib,ATR,inhibitor
Tuxobertinib,EGFR,inhibitor
Tuxobertinib,ERBB2,inhibitor
Tyloxapol,LPL,inhibitor
Tyloxapol,NFKB1,inhibitor
Tyloxapol,NFKB2,inhibitor
Tyloxapol,REL,inhibitor
Tyloxapol,RELA,inhibitor
Tyloxapol,RELB,inhibitor
Tyramine,TAAR1,agonist
Tyrosinal,YARS1,unknown
Tyrosine,TAT,unknown
Tyrosine,TH,binder
Tyrosine,YARS1,unknown
Tyrosine,YARS2,unknown
Tyrothricin,ACHE,inhibitor
U-0126,MAP3K1,inhibitor
U-0126,MAP3K2,inhibitor
UDP-alpha-D-glucuronic acid,B3GAT3,unknown
UDP-alpha-D-glucuronic acid,GALE,substrate
"UK-396,082",CPB2,inhibitor
UK-432097,ADORA2A,agonist
USL-311,CXCR4,antagonist
Ubenimex,LTA4H,inhibitor
Ubidecarenone,NDUFV3,cofactor
Ubidecarenone,SDHA,cofactor
Ubiquinone Q1,SDHA,unknown
Ubiquinone Q1,SDHB,unknown
Ubiquinone Q1,SDHC,unknown
Ubiquinone Q1,SDHD,unknown
Ubiquinone Q2,CYC1,unknown
Ubiquinone Q2,MT-CYB,unknown
Ubiquinone Q2,UQCR10,unknown
Ubiquinone Q2,UQCR11,unknown
Ubiquinone Q2,UQCRB,unknown
Ubiquinone Q2,UQCRC1,unknown
Ubiquinone Q2,UQCRC2,unknown
Ubiquinone Q2,UQCRFS1,unknown
Ubiquinone Q2,UQCRH,unknown
Ubiquinone Q2,UQCRQ,unknown
Ubrogepant,CALCRL,antagonist
Udenafil,PDE5A,inhibitor
Ulapualide A,ACTA1,unknown
Ularitide,NPR1,modulator
Ulimorelin,GHSR,agonist
Ulipristal,AR,modulator
Ulipristal,NR3C1,antagonist
Ulipristal,PGR,modulator
Ulixacaltamide,CACNA1H,modulator
Ulixertinib,EPHB2,inhibitor
Ulixertinib,MAPK1,inhibitor
Ulixertinib,MAPK3,inhibitor
Ulobetasol,ESRRA,modulator
Ulobetasol,ESRRB,modulator
Ulobetasol,ESRRG,modulator
Ulobetasol,NR3C1,agonist
Ulodesine,PNP,inhibitor
Ulotaront,HTR1A,agonist
Ulotaront,TAAR1,agonist
Umbralisib,ABL1,inhibitor
Umbralisib,CSNK1E,inhibitor
Umbralisib,PIK3CD,inhibitor
Umeclidinium,CHRM1,antagonist
Umeclidinium,CHRM2,antagonist
Umeclidinium,CHRM3,antagonist
Umeclidinium,CHRM4,antagonist
Umeclidinium,CHRM5,antagonist
Umespirone,DRD2,antagonist
Umespirone,HTR1A,antagonist
Undecanoic acid,GPR84,agonist
Undecyl-Phosphinic Acid Butyl Ester,LIPF,unknown
Undecylenic acid,CAPN1,other/unknown
Unesbulin,BMI1,inhibitor
Upadacitinib,JAK1,inhibitor
Upamostat,PLAU,inhibitor
Upidosin,ADRA1A,inhibitor
Upidosin,ADRA1D,modulator
Uproleselan,SELE,inhibitor
Uprosertib,AKT3,modulator
Uracil,DPYD,modulator
Uracil,UCKL1,unknown
Urapidil,HTR1A,agonist
Urea,ARG1,unknown
Urea,CA2,unknown
Urea,CTNNB1,unknown
Uric acid,PYGL,unknown
Uridine,LSM6,unknown
Uridine,TYMP,inhibitor
Uridine 5'-triphosphate,P2RY11,agonist
Uridine 5'-triphosphate,P2RY2,modulator
Uridine 5'-triphosphate,P2RY4,agonist
Uridine 5'-triphosphate,P2RY6,agonist
Uridine 5'-triphosphate,UCK2,unknown
Uridine diphosphate glucose,GALE,unknown
Uridine diphosphate glucose,GLT6D1,unknown
Uridine diphosphate glucose,GPR17,regulator
Uridine diphosphate glucose,GYG1,unknown
Uridine monophosphate,B4GALT1,unknown
Uridine monophosphate,GLT6D1,unknown
Uridine monophosphate,ISG20,unknown
Uridine monophosphate,LSM6,unknown
Uridine monophosphate,UCKL1,unknown
"Uridine-2',3'-vanadate",RNASE1,unknown
Uridine-5'-Diphosphate,ABO,unknown
Uridine-5'-Diphosphate,B3GAT1,unknown
Uridine-5'-Diphosphate,B3GAT3,unknown
Uridine-5'-Diphosphate,CMPK1,unknown
Uridine-5'-Diphosphate,EXTL2,unknown
Uridine-5'-Diphosphate,GLT6D1,unknown
Uridine-5'-Diphosphate,GPR17,regulator
Uridine-5'-Diphosphate,GYG1,unknown
Uridine-Diphosphate-N-Acetylglucosamine,EXTL2,unknown
Uridine-Diphosphate-N-Acetylglucosamine,GALE,unknown
Uridine-Diphosphate-N-Acetylglucosamine,MGAT1,unknown
Uridine-Diphosphate-N-Acetylglucosamine,UAP1,unknown
Uridylyl-2'-5'-phospho-adenosine,RNASE1,unknown
Uridylyl-2'-5'-phospho-guanosine,RNASE1,unknown
Ursodeoxycholic acid,AKR1C2,inhibitor
Ursodeoxycholic acid,BLVRA,activator
Ursodeoxycholic acid,NR1H4,partial agonist
Ursodeoxycholic acid,SLC23A2,activator
Ursolic acid,ELANE,inhibitor
Ursolic acid,HRAS,regulator
Ursolic acid,HSD11B1,inhibitor
Ursolic acid,PLA2G1B,inhibitor
Ursolic acid,PTPN1,inhibitor
Ursolic acid,PYGM,inhibitor
Usistapide,MTTP,inhibitor
Usmarapride,HTR4,agonist
Utibapril,ACE,inhibitor
V1003,OPRK1,unknown
V1003,OPRM1,unknown
V24343,CNR1,unknown
VEGFR 2 Kinase inhibitor I,KDR,inhibitor
VK-0214,THRB,agonist
VK-2809,THRB,modulator
VLX-1005,ALOX12B,inhibitor
VP025,IL1B,unknown
VS-4718,PTK2,inhibitor
VS-5584,MAPKAP1,inhibitor
VS-5584,MTOR,modulator
VS-5584,PIK3CG,modulator
VTP-194204,RXRG,modulator
VTP-27999,REN,inhibitor
VX-148,IMPDH1,unknown
VX-148,IMPDH2,unknown
VX-702,IL1B,unknown
VX-702,IL6,unknown
VX-702,MAPK14,modulator
VX-702,TNF,unknown
Vabicaserin,HTR2B,modulator
Vabicaserin,HTR2C,modulator
Vactosertib,TGFBR1,modulator
Vadadustat,EGLN1,inhibitor
Vadadustat,EGLN2,inhibitor
Vadadustat,EGLN3,inhibitor
Vadadustat,EPAS1,stabilization
Vadadustat,HIF1A,stabilization
Vadimezan,NFKB1,modulator
Vadimezan,NFKB2,modulator
Vadimezan,REL,modulator
Vadimezan,RELA,modulator
Vadimezan,RELB,modulator
Vafidemstat,KDM1A,inhibitor;binder;modulator
Vafidemstat,MAOB,inhibitor
Valbenazine,SLC18A2,antagonist;inhibitor
Valdecoxib,CA2,inhibitor
Valdecoxib,CA3,inhibitor
Valdecoxib,PTGS2,inhibitor
Valemetostat,EZH1,inhibitor
Valemetostat,EZH2,inhibitor
Valiltramiprosate,APP,inhibitor
Valine,BCAT1,unknown
Valine,PCCB,unknown
Valine,VARS1,unknown
Valproic acid,ABAT,inhibitor
Valproic acid,ACADSB,inhibitor
Valproic acid,ALDH5A1,inhibitor
Valproic acid,CD274,downregulator
Valproic acid,CDKN1A,regulator
Valproic acid,GSK3A,inhibitor
Valproic acid,HDAC2,inhibitor
Valproic acid,HDAC6,inhibitor
Valproic acid,HDAC9,inhibitor
Valproic acid,HGF,inhibitor
Valproic acid,ODC1,downregulator
Valproic acid,OGDH,inhibitor
Valproic acid,PPARA,agonist
Valproic acid,PPARD,agonist
Valproic acid,PPARG,agonist
Valproic acid,SCN4B,inhibitor
Valrubicin,TOP2A,inhibitor
Valrubicin,TOP2B,inhibitor
Valsartan,AGTR1,antagonist
Valspodar,F10,inhibitor
Vamorolone,NR3C1,agonist
Vamorolone,NR3C2,antagonist
Vandetanib,EGFR,inhibitor
Vandetanib,KDR,inhibitor
Vandetanib,PTK6,inhibitor
Vandetanib,RET,inhibitor
Vandetanib,TEK,inhibitor
Vandetanib,VEGFA,inhibitor
Vanoxerine,KCNH7,blocker
Vanoxerine,SLC6A3,antagonist
Vanzacaftor,CFTR,positive allosteric modulator
Vapiprost,TBXA2R,modulator
Vapitadine,HRH1,antagonist
Vardenafil,PDE5A,inhibitor
Vardenafil,PDE6G,inhibitor;allosteric modulator
Vardenafil,PDE6H,inhibitor;allosteric modulator
Varenicline,CHRNA3,partial agonist
Varenicline,CHRNA4,partial agonist
Varenicline,CHRNA6,partial agonist
Varenicline,CHRNA7,agonist
Varenicline,CHRNB2,partial agonist
Varespladib,PLA2G1B,other/unknown
Varespladib methyl,PLA2G10,unknown
Varespladib methyl,PLA2G2A,unknown
Variolin B,CCNA2,unknown
Variolin B,CDK2,unknown
Varlitinib,EGFR,modulator
Varlitinib,ERBB2,modulator
Varoglutamstat,QPCT,inhibitor
Vasoactive intestinal peptide,VIPR1,antagonist
Vatalanib,EGFR,inhibitor
Vatalanib,FLT1,inhibitor
Vatalanib,FLT4,inhibitor
Vatalanib,KDR,inhibitor
Vebreltinib,MET,inhibitor
Vecabrutinib,BTK,inhibitor
Vecuronium,CHRNA2,antagonist
Veglin,VEGFA,unknown
Veliflapon,ALOX5AP,inhibitor
Veliparib,PARP1,unknown
Veliparib,PARP2,unknown
Velneperit,NPY5R,antagonist
Velusetrag,HTR4,agonist
Vemircopan,CFD,inhibitor
Vemtoberant,ADRB3,antagonist
Vemurafenib,BRAF,inhibitor
Venetoclax,BCL2,antagonist;inhibitor
Venglustat,UGCG,inhibitor
Venlafaxine,SLC6A2,inhibitor
Venlafaxine,SLC6A3,inhibitor
Venlafaxine,SLC6A4,inhibitor
Verapamil,ABCB1,inhibitor;blocker
Verapamil,ADRA1A,antagonist
Verapamil,ADRA1B,antagonist
Verapamil,ADRA1D,antagonist
Verapamil,CACNA1A,inhibitor
Verapamil,CACNA1B,inhibitor
Verapamil,CACNA1C,inhibitor
Verapamil,CACNA1G,inhibitor
Verapamil,CACNA1H,inhibitor
Verapamil,CACNA1I,inhibitor
Verapamil,KCNH2,inhibitor
Verapamil,KCNJ11,inhibitor
Verapamil,SLC6A4,unknown
Vercirnon,CCR9,modulator
Verdiperstat,MPO,inhibitor
Verdoheme,HMOX1,unknown
Vericiguat,GUCY1B1,stimulator
Vericiguat,GUCY2D,modulator
Verinurad,SLC22A12,modulator
Vernakalant,KCNA5,blocker
Vernakalant,KCND3,blocker
Vernakalant,KCNH2,blocker
Vernakalant,SCN5A,blocker
Verubecestat,BACE1,inhibitor
Verucerfont,CRHR1,antagonist
Vesatolimod,TLR7,modulator
Vesnarinone,KCNH2,inhibitor
Vesnarinone,PDE3A,inhibitor
Vestipitant,TACR1,antagonist
Vibegron,ADRB3,agonist
Vicagrel,P2RY12,antagonist;inhibitor
Vicasinabin,CNR2,agonist
Vicriviroc,CCR5,antagonist
Vidarabine,ADORA2B,modulator
Vidofludimus,DHODH,modulator
Vidupiprant,PTGDR,modulator
Vidupiprant,PTGDR2,modulator
Vigabatrin,ABAT,inhibitor
Vilanterol,ADRB2,agonist
Vilaprisan,PGR,antagonist
Vilazodone,HTR1A,agonist
Vilazodone,SLC6A4,inhibitor
Vildagliptin,DPP4,inhibitor
Viloxazine,ADRA1B,antagonist
Viloxazine,ADRB2,antagonist
Viloxazine,CHRM1,antagonist
Viloxazine,CHRM2,antagonist
Viloxazine,CHRM3,antagonist
Viloxazine,CHRM4,antagonist
Viloxazine,HRH1,antagonist
Viloxazine,HRH2,antagonist
Viloxazine,HTR2B,antagonist
Viloxazine,HTR2C,agonist
Viloxazine,MAOA,inhibitor
Viloxazine,MAOB,inhibitor
Viloxazine,SLC6A2,inhibitor
Vimseltinib,CSF1R,inhibitor
Vinblastine,JUN,other/unknown
Vinblastine,TUBA1A,binder
Vinblastine,TUBB,binder
Vinblastine,TUBB2A,inhibitor
Vinblastine,TUBD1,binder
Vinblastine,TUBE1,binder
Vinblastine,TUBG1,binder
Vinburnine,CHRM3,allosteric modulator
Vincristine,TUBA4A,inhibitor
Vincristine,TUBB,inhibitor
Vindesine,TUBB1,inhibitor
Vinflunine,TUBB,inhibitor
Vinorelbine,BCL2,downregulator
Vinorelbine,MAP4,modulator
Vinorelbine,MAPK1,activator
Vinorelbine,TUBB,antagonist;inhibitor
Vintafolide,FOLR1,modulator
Vintafolide,FOLR2,unknown
Vintafolide,FOLR3,unknown
Vinylglycine,ACCS,unknown
Vinylglycine,IL4I1,unknown
Vipadenant,ADORA2A,antagonist
Virginiamycin S1,RPL37,unknown
Vismodegib,SMO,antagonist;inhibitor
Vistusertib,MAPKAP1,inhibitor
Vistusertib,MTOR,inhibitor
Vitamin A,ALDH1A1,substrate
Vitamin A,ALDH1A2,substrate
Vitamin A,ALDH1A3,substrate
Vitamin A,APOD,ligand
Vitamin A,DHRS3,substrate
Vitamin A,DHRS4,substrate
Vitamin A,LRAT,substrate
Vitamin A,PTGDS,ligand
Vitamin A,RDH11,substrate
Vitamin A,RDH12,substrate
Vitamin A,RDH13,substrate
Vitamin A,RDH14,substrate
Vitamin A,RDH5,substrate
Vitamin A,RDH8,substrate
Vitamin A,RETSAT,substrate
Vitamin A,RXRG,binder
Vitamin D,GC,unknown
Vitamin D,VDR,unknown
Vitamin E,ALOX5,unknown
Vitamin E,DGKA,unknown
Vitamin E,NR1I2,unknown
Vitamin E,PPP2CA,unknown
Vitamin E,PPP2CB,unknown
Vitamin E,PRKCA,unknown
Vitamin E,PRKCB,unknown
Vitamin E,SEC14L2,unknown
Vitamin E,SEC14L3,unknown
Vitamin E,SEC14L4,unknown
Vixotrigine,SCN9A,inhibitor
Voacamine,ABCB1,inhibitor
Voclosporin,CAMLG,binder
Voclosporin,PPP3CA,inhibitor
Voclosporin,PPP3R1,inhibitor
Voclosporin,PPP3R2,inhibitor
Vodudeutentan,EDNRB,antagonist
Vofopitant,TACR1,unknown
Voglibose,MGAM,inhibitor
Volasertib,PLK1,inhibitor
Volinanserin,HTR2A,antagonist
Volinanserin,HTR2C,inhibitor
Volinanserin,KCNH2,inhibitor
Volixibat,SLC10A2,inhibitor
Vonafexor,NR1H4,agonist
Vonoprazan,ATP4A,modulator
Vonoprazan,ATP4B,inhibitor
Vorapaxar,F2R,antagonist
Vorasidenib,IDH1,inhibitor
Vorasidenib,IDH2,inhibitor
Vorasidenib,IDH3A,inhibitor
Vorasidenib,IDH3B,inhibitor
Vorasidenib,IDH3G,inhibitor
Vorinostat,HDAC1,inhibitor
Vorinostat,HDAC2,inhibitor
Vorinostat,HDAC3,inhibitor
Vorinostat,HDAC6,inhibitor
Vorinostat,HDAC8,inhibitor
Vorozole,CYP19A1,inhibitor
Vortioxetine,ADRB1,ligand
Vortioxetine,HTR1A,agonist
Vortioxetine,HTR1B,partial agonist
Vortioxetine,HTR3A,antagonist
Vortioxetine,HTR7,antagonist
Vortioxetine,SLC6A2,blocker
Vortioxetine,SLC6A4,inhibitor
Voruciclib,CDK4,inhibitor
Vosaroxin,TOP2A,modulator
Vosaroxin,TOP2B,modulator
Vosilasarm,AR,modulator
Votucalis,HRH4,unknown
Voxelotor,HBA1,binder
Voxtalisib,MTOR,inhibitor
Voxtalisib,PIK3CG,inhibitor
WAY-151693,MMP13,inhibitor
WIN 55212-2,CNR1,inhibitor
WIN 55212-2,CNR2,inhibitor
WNT-974,PORCN,inhibitor
WNY0824,BRD4,inhibitor
WNY0824,PLK1,inhibitor
WP-1066,STAT3,inhibitor
WRR-112,CTSF,inhibitor
WRR-99,CTSF,inhibitor
WX-UK1,PLAU,inhibitor
WX-UK1,PLAUR,unknown
Warfarin,NR1I2,agonist
Warfarin,VKORC1,inhibitor
Willardiine,GRIA1,inhibitor
Willardiine,GRIA2,unknown
Wortmannin,PIK3CA,unknown
Wortmannin,PIK3CD,inhibitor
Wortmannin,PIK3CG,inhibitor
Wortmannin,PIK3R1,unknown
Wortmannin,PLK1,unknown
X-376,ALK,inhibitor
XEN-2174,SLC6A2,unknown
XK-469 free acid,TOP2B,modulator
XL019,JAK2,unknown
XL228,ABL1,unknown
XL228,ABL2,unknown
XL228,IGF1R,unknown
XL228,SRC,unknown
XL281,BRAF,unknown
XL281,RAF1,unknown
XL418,AKT3,modulator
XL418,BTK,inhibitor
XL765,MTOR,unknown
XL765,PIK3CA,unknown
XL765,PIK3CB,unknown
XL765,PIK3CD,unknown
XL765,PIK3CG,unknown
XL784,ADAM10,unknown
XL820,KDR,unknown
XL820,KIT,unknown
XL820,PDGFRA,unknown
XL820,PDGFRB,unknown
XL844,CHEK1,unknown
XL844,CHEK2,unknown
XL999,FGFR1,unknown
XL999,FGFR3,unknown
XL999,FLT3,unknown
XL999,KDR,unknown
XL999,PDGFRB,unknown
XL999,RET,unknown
XMT-1001,TOP1,unknown
XP21279,DDC,unknown
XR5944,TOP2A,modulator
XR5944,TOP2B,modulator
Xaliproden,HTR1A,agonist
Xamoterol,ADRB1,partial agonist
Xamoterol,ADRB3,agonist
Xanomeline,CHRM1,agonist
Xanomeline,CHRM2,agonist
Xanomeline,CHRM3,agonist
Xanomeline,CHRM4,agonist
Xanomeline,CHRM5,agonist
Xanthine,ADORA2B,antagonist
Xanthinol,GAPDH,cofactor
Xanthinol,IDH3A,cofactor
Xanthinol,MDH2,cofactor
Xanthinol,NNT,cofactor
Xanthinol,OGDH,cofactor
Xanthinol,RPL3,binder
Xemilofiban,ITGA2B,modulator
Xemilofiban,ITGB3,inhibitor
Xevinapant,BIRC2,modulator
Xevinapant,BIRC3,modulator
Xevinapant,BIRC5,modulator
Xevinapant,BIRC7,modulator
Xevinapant,NAIP,modulator
Xevinapant,XIAP,modulator
Xiliertinib,EGFR,inhibitor
Ximelagatran,F2,inhibitor
Xylazine,ADRA2B,agonist
Xylazine,ADRA2C,agonist
Xylometazoline,ADRA1A,agonist;partial agonist
Xylometazoline,ADRA1B,agonist
Xylometazoline,ADRA1D,agonist
Xylometazoline,ADRA2A,agonist
Xylometazoline,ADRA2B,agonist
Xylometazoline,ADRA2C,agonist
Y-27632,F2,inhibitor
Y-27632,PKIA,unknown
Y-27632,PRKACA,unknown
Y-27632,ROCK1,unknown
Y-27632,ROCK2,unknown
YKP-1358,DRD2,antagonist
YKP-1358,HTR2A,unknown
YSIL6,IL6,unknown
YSIL6,TNF,unknown
Yohimbine,ADRA2A,antagonist
Yohimbine,ADRA2B,antagonist
Yohimbine,ADRA2C,antagonist
Yohimbine,DRD2,antagonist
Yohimbine,DRD3,antagonist
Yohimbine,HTR1A,partial agonist
Yohimbine,HTR1B,partial agonist
Yohimbine,HTR1D,partial agonist
Yohimbine,HTR2A,antagonist
Yohimbine,HTR2B,antagonist
Yohimbine,HTR2C,antagonist
Yohimbine,KCNJ8,inhibitor
Z-160,CACNA2D1,inhibitor
Z-Pro-Prolinal,PREP,inhibitor
Z-Val-Ala-Asp fluoromethyl ketone,CASP1,unknown
ZED-1227,TGM2,inhibitor
ZEN-012,TOP2A,unknown
ZEN-012,TOP2B,unknown
ZEN-012,TUBB,unknown
ZEN-012,TUBB1,unknown
ZEN-012,TUBB3,unknown
ZEN-012,TUBB4A,unknown
ZK-805623,PRSS1,unknown
ZK-806711,PRSS1,unknown
ZK-93423,GABRA1,inhibitor
ZK-93423,GABRB2,inhibitor
ZK-93423,GABRG2,inhibitor
ZM-39923,JAK1,inhibitor
ZM-39923,JAK3,inhibitor
ZSTK-474,PIK3CG,modulator
Zabedosertib,IRAK4,inhibitor
Zafirlukast,CYSLTR1,antagonist
Zagociguat,GUCY1A1,stimulator
Zagociguat,GUCY1B1,stimulator
Zaleplon,GABRA1,potentiator
Zalospirone,HTR1A,agonist
Zamifenacin,CHRM3,antagonist
Zanamivir,NEU2,inhibitor
Zanapezil,ACHE,inhibitor
Zandatrigine,SCN8A,inhibitor
Zankiren,REN,inhibitor
Zanoterone,AR,inhibitor
Zanubrutinib,BLK,inhibitor
Zanubrutinib,BMX,inhibitor
Zanubrutinib,BTK,inhibitor
Zanubrutinib,EGFR,inhibitor
Zanubrutinib,ERBB2,inhibitor
Zanubrutinib,ERBB4,inhibitor
Zanubrutinib,FGR,inhibitor
Zanubrutinib,FRK,inhibitor
Zanubrutinib,ITK,inhibitor
Zanubrutinib,JAK2,inhibitor
Zanubrutinib,JAK3,inhibitor
Zanubrutinib,LCK,inhibitor
Zanubrutinib,PTK6,inhibitor
Zanubrutinib,TEC,inhibitor
Zanubrutinib,TXK,inhibitor
Zanzalintinib,MET,inhibitor
Zaprinast,PDE4D,inhibitor
Zaprinast,PDE5A,inhibitor
Zardaverine,PDE4D,unknown
Zasocitinib,TYK2,inhibitor
Zatebradine,KCNA5,modulator
Zatolmilast,PDE4D,inhibitor
Zavegepant,CALCRL,antagonist
Zelavespib,HSP90AB1,inhibitor
Zelenirstat,NMT1,inhibitor
Zelenirstat,NMT2,inhibitor
Zemirciclib,CDK9,inhibitor
Zenarestat,AKR1B1,inhibitor
Zeranol,ESR1,unknown
Zeranol,SHBG,unknown
Zeteletinib,RET,inhibitor
Zibotentan,EDNRA,antagonist
Zicronapine,DRD1,modulator
Zicronapine,DRD2,modulator
Zicronapine,HTR2A,modulator
Zidovudine,FLT3,binder
Zidovudine,TERT,inhibitor
Zidovudine diphosphate,NME1,unknown
Zidovudine monophosphate,DTYMK,unknown
Zifrosilone,ACHE,inhibitor
Ziftomenib,MEN1,inhibitor
Zileuton,ALOX5,inhibitor
Zilucoplan,C5,inhibitor
Zilurgisertib,ACVR1,inhibitor
Zimelidine,MAOA,inhibitor
Zimelidine,MAOB,inhibitor
Zimelidine,SLC6A4,inhibitor
Zinc,A1BG,unknown
Zinc,A2M,unknown
Zinc,AGT,unknown
Zinc,AHSG,unknown
Zinc,ALDOA,unknown
Zinc,APCS,unknown
Zinc,APLP1,cofactor
Zinc,APLP2,cofactor
Zinc,APOA1,unknown
Zinc,APOA2,unknown
Zinc,APOA4,unknown
Zinc,APOBR,unknown
Zinc,APOE,unknown
Zinc,APOL1,unknown
Zinc,APP,cofactor
Zinc,ASPA,cofactor
Zinc,BDKRB1,unknown
Zinc,BRCC3,unknown
Zinc,C1QB,unknown
Zinc,C1QC,unknown
Zinc,C1R,unknown
Zinc,C1S,unknown
Zinc,C3,unknown
Zinc,C4B,unknown
Zinc,C4BPA,unknown
Zinc,C4BPB,unknown
Zinc,C5,unknown
Zinc,C8A,unknown
Zinc,C8B,unknown
Zinc,C8G,unknown
Zinc,CCS,unknown
Zinc,CFB,unknown
Zinc,CFH,unknown
Zinc,CFI,unknown
Zinc,CLU,unknown
Zinc,CP,unknown
Zinc,CPN1,unknown
Zinc,CPN2,unknown
Zinc,DAND5,cofactor
Zinc,DCD,unknown
Zinc,DSP,unknown
Zinc,EEF1A1,unknown
Zinc,ENO1,unknown
Zinc,ESR1,cofactor
Zinc,F12,unknown
Zinc,F13B,unknown
Zinc,F2,unknown
Zinc,FCN3,unknown
Zinc,FGA,unknown
Zinc,FN1,unknown
Zinc,GAPDHS,unknown
Zinc,GLRA1,unknown
Zinc,GSN,unknown
Zinc,HBA1,unknown
Zinc,HBB,unknown
Zinc,HDAC1,cofactor
Zinc,HDAC4,cofactor
Zinc,HDAC8,cofactor
Zinc,HPR,unknown
Zinc,HRNR,unknown
Zinc,IGFALS,unknown
Zinc,IGHA1,unknown
Zinc,IGHM,unknown
Zinc,IGKV1-17,unknown
Zinc,IGKV3-20,unknown
Zinc,IGLV3-21,unknown
Zinc,IL3,unknown
Zinc,INS,unknown
Zinc,ITIH1,unknown
Zinc,ITIH2,unknown
Zinc,ITIH3,unknown
Zinc,ITIH4,unknown
Zinc,JCHAIN,unknown
Zinc,JUP,unknown
Zinc,KLKB1,unknown
Zinc,KNG1,unknown
Zinc,KRT1,unknown
Zinc,KRT10,unknown
Zinc,KRT14,unknown
Zinc,KRT16,unknown
Zinc,KRT2,unknown
Zinc,KRT5,unknown
Zinc,KRT6A,unknown
Zinc,KRT9,unknown
Zinc,MDM2,unknown
Zinc,MGMT,unknown
Zinc,MMP9,unknown
Zinc,MPG,unknown
Zinc,MT1A,unknown
Zinc,MT2A,unknown
Zinc,MT3,unknown
Zinc,NME1,unknown
Zinc,ORM2,unknown
Zinc,P4HB,unknown
Zinc,PARP1,unknown
Zinc,PDCD6,unknown
Zinc,PDIA3,unknown
Zinc,PGLYRP2,unknown
Zinc,PON1,unknown
Zinc,PRDX1,unknown
Zinc,PSPH,unknown
Zinc,PZP,unknown
Zinc,S100A2,unknown
Zinc,S100A7,unknown
Zinc,S100A8,unknown
Zinc,S100A9,unknown
Zinc,SELENOP,unknown
Zinc,SEMG1,unknown
Zinc,SERPINA1,unknown
Zinc,SERPINA3,unknown
Zinc,SERPINA4,unknown
Zinc,SERPINA6,unknown
Zinc,SERPIND1,unknown
Zinc,SHBG,unknown
Zinc,SIVA1,unknown
Zinc,SOD1,unknown
Zinc,TF,unknown
Zinc,TP53,unknown
Zinc,TP73,cofactor
Zinc,TPI1,unknown
Zinc,TTR,unknown
Zinc,TUFM,unknown
Zinc,UTRN,unknown
Zinc,VTN,unknown
Zinc Substituted Heme C,CYCS,unknown
Zinc acetate,A1BG,unknown
Zinc acetate,A2M,unknown
Zinc acetate,AGT,unknown
Zinc acetate,AHSG,unknown
Zinc acetate,ALDOA,unknown
Zinc acetate,APCS,unknown
Zinc acetate,APLP1,unknown
Zinc acetate,APLP2,unknown
Zinc acetate,APOA1,unknown
Zinc acetate,APOA2,unknown
Zinc acetate,APOA4,unknown
Zinc acetate,APOBR,unknown
Zinc acetate,APOE,unknown
Zinc acetate,APOL1,unknown
Zinc acetate,APP,unknown
Zinc acetate,ASPA,unknown
Zinc acetate,BDKRB1,unknown
Zinc acetate,BRCC3,unknown
Zinc acetate,C1QB,unknown
Zinc acetate,C1QC,unknown
Zinc acetate,C1R,unknown
Zinc acetate,C1S,unknown
Zinc acetate,C3,unknown
Zinc acetate,C4B,unknown
Zinc acetate,C4BPA,unknown
Zinc acetate,C4BPB,unknown
Zinc acetate,C5,unknown
Zinc acetate,C8A,unknown
Zinc acetate,C8B,unknown
Zinc acetate,C8G,unknown
Zinc acetate,CCS,unknown
Zinc acetate,CFB,unknown
Zinc acetate,CFH,unknown
Zinc acetate,CFI,unknown
Zinc acetate,CLU,unknown
Zinc acetate,CP,unknown
Zinc acetate,CPN1,unknown
Zinc acetate,CPN2,unknown
Zinc acetate,DAND5,unknown
Zinc acetate,DCD,unknown
Zinc acetate,DSP,unknown
Zinc acetate,EEF1A1,unknown
Zinc acetate,ENO1,unknown
Zinc acetate,ESR1,unknown
Zinc acetate,F12,unknown
Zinc acetate,F13B,unknown
Zinc acetate,F2,unknown
Zinc acetate,FCN3,unknown
Zinc acetate,FGA,unknown
Zinc acetate,FN1,unknown
Zinc acetate,GAPDHS,unknown
Zinc acetate,GLRA1,unknown
Zinc acetate,GSN,unknown
Zinc acetate,HBA1,unknown
Zinc acetate,HBB,unknown
Zinc acetate,HDAC1,unknown
Zinc acetate,HDAC4,unknown
Zinc acetate,HDAC8,unknown
Zinc acetate,HPR,unknown
Zinc acetate,HRNR,unknown
Zinc acetate,IGFALS,unknown
Zinc acetate,IGHA1,unknown
Zinc acetate,IGHM,unknown
Zinc acetate,IGKV1-17,unknown
Zinc acetate,IGKV3-20,unknown
Zinc acetate,IGLV3-21,unknown
Zinc acetate,IL3,unknown
Zinc acetate,INS,unknown
Zinc acetate,ITIH1,unknown
Zinc acetate,ITIH2,unknown
Zinc acetate,ITIH3,unknown
Zinc acetate,ITIH4,unknown
Zinc acetate,JCHAIN,unknown
Zinc acetate,JUP,unknown
Zinc acetate,KLKB1,unknown
Zinc acetate,KNG1,unknown
Zinc acetate,KRT1,unknown
Zinc acetate,KRT10,unknown
Zinc acetate,KRT14,unknown
Zinc acetate,KRT16,unknown
Zinc acetate,KRT2,unknown
Zinc acetate,KRT5,unknown
Zinc acetate,KRT6A,unknown
Zinc acetate,KRT9,unknown
Zinc acetate,MDM2,unknown
Zinc acetate,MGMT,unknown
Zinc acetate,MMP9,unknown
Zinc acetate,MPG,unknown
Zinc acetate,MT1A,unknown
Zinc acetate,MT2A,unknown
Zinc acetate,MT3,unknown
Zinc acetate,NME1,unknown
Zinc acetate,ORM2,unknown
Zinc acetate,P4HB,unknown
Zinc acetate,PARP1,unknown
Zinc acetate,PDCD6,unknown
Zinc acetate,PDIA3,unknown
Zinc acetate,PGLYRP2,unknown
Zinc acetate,PON1,unknown
Zinc acetate,PRDX1,unknown
Zinc acetate,PSPH,unknown
Zinc acetate,PZP,unknown
Zinc acetate,S100A2,unknown
Zinc acetate,S100A7,unknown
Zinc acetate,S100A8,unknown
Zinc acetate,S100A9,unknown
Zinc acetate,SELENOP,unknown
Zinc acetate,SEMG1,unknown
Zinc acetate,SERPINA1,unknown
Zinc acetate,SERPINA3,unknown
Zinc acetate,SERPINA4,unknown
Zinc acetate,SERPINA6,unknown
Zinc acetate,SERPIND1,unknown
Zinc acetate,SHBG,unknown
Zinc acetate,SIVA1,unknown
Zinc acetate,SOD1,unknown
Zinc acetate,TF,unknown
Zinc acetate,TP53,unknown
Zinc acetate,TP73,unknown
Zinc acetate,TPI1,unknown
Zinc acetate,TTR,unknown
Zinc acetate,TUFM,unknown
Zinc acetate,UTRN,unknown
Zinc acetate,VTN,unknown
Zinc chloride,A2M,ligand
Zinc chloride,AHSG,chelator
Zinc chloride,ALDOA,ligand
Zinc chloride,APLP1,ligand
Zinc chloride,APLP2,ligand
Zinc chloride,APOA1,inducer;ligand
Zinc chloride,APOB,ligand
Zinc chloride,APOBEC1,cofactor;chelator
Zinc chloride,APOBR,inducer
Zinc chloride,APOE,antagonist
Zinc chloride,APOL1,inhibitor
Zinc chloride,APP,ligand
Zinc chloride,ASPA,cofactor
Zinc chloride,BDKRB1,agonist
Zinc chloride,BRCC3,cofactor
Zinc chloride,C1QB,modulator
Zinc chloride,C1QC,modulator
Zinc chloride,C1R,modulator
Zinc chloride,C1S,modulator
Zinc chloride,C3,inhibitor;ligand
Zinc chloride,C4B,modulator
Zinc chloride,C4BPA,modulator
Zinc chloride,C4BPB,modulator
Zinc chloride,C5,ligand
Zinc chloride,CCS,cofactor
Zinc chloride,CFH,ligand
Zinc chloride,CLU,inducer
Zinc chloride,CP,ligand
Zinc chloride,CPN1,cofactor
Zinc chloride,CPN2,cofactor
Zinc chloride,DCD,stabilization
Zinc chloride,EEF1A1,binder
Zinc chloride,ENO1,binder
Zinc chloride,ESR1,binder
Zinc chloride,F11,activator
Zinc chloride,FGA,binder
Zinc chloride,FN1,modulator;ligand
Zinc chloride,GAPDHS,binder
Zinc chloride,GLRA1,inhibitor
Zinc chloride,HBA1,inducer
Zinc chloride,HBB,inducer
Zinc chloride,HDAC1,cofactor
Zinc chloride,HDAC4,cofactor
Zinc chloride,HDAC8,cofactor
Zinc chloride,HP,binder
Zinc chloride,HPX,ligand
Zinc chloride,HRG,cofactor
Zinc chloride,IGFALS,inducer
Zinc chloride,IL3,binder
Zinc chloride,INS,stabilization
Zinc chloride,ITIH1,binder
Zinc chloride,ITIH2,binder
Zinc chloride,ITIH3,binder
Zinc chloride,ITIH4,binder
Zinc chloride,JCHAIN,component of
Zinc chloride,KLKB1,inhibitor
Zinc chloride,KNG1,cofactor
Zinc chloride,KRT9,ligand
Zinc chloride,MDM2,binder
Zinc chloride,MGMT,stabilization
Zinc chloride,MMP9,binder
Zinc chloride,MPG,cofactor
Zinc chloride,MT1A,binder
Zinc chloride,MT2A,cofactor
Zinc chloride,MT3,cofactor
Zinc chloride,NME1,inhibitor
Zinc chloride,ORM2,binder
Zinc chloride,P4HB,binder
Zinc chloride,PARP1,component of
Zinc chloride,PDIA3,binder
Zinc chloride,PGLYRP2,binder
Zinc chloride,PON1,inducer
Zinc chloride,PRDX1,binder
Zinc chloride,PSPH,binder
Zinc chloride,PZP,binder
Zinc chloride,S100A2,inactivator;regulator
Zinc chloride,S100A7,binder
Zinc chloride,S100A8,regulator
Zinc chloride,S100A9,regulator
Zinc chloride,SELENOP,binder
Zinc chloride,SEMG1,cofactor
Zinc chloride,SEMG2,cofactor
Zinc chloride,SERPINA1,ligand
Zinc chloride,SERPINA3,binder
Zinc chloride,SERPINA6,modulator
Zinc chloride,SERPIND1,agonist
Zinc chloride,SHBG,modulator
Zinc chloride,SIVA1,binder
Zinc chloride,SOD1,cofactor
Zinc chloride,TF,ligand
Zinc chloride,TP53,chaperone
Zinc chloride,TP73,chaperone
Zinc chloride,TPI1,binder
Zinc chloride,TTR,inducer
Zinc chloride,TUFM,cofactor
Zinc chloride,UTRN,cofactor
Zinc chloride,VTN,inducer
Zinc protoporphyrin,CYCS,unknown
"Zinc sulfate, unspecified form",A2M,ligand
"Zinc sulfate, unspecified form",AHSG,chelator
"Zinc sulfate, unspecified form",ALDOA,ligand
"Zinc sulfate, unspecified form",APLP1,ligand
"Zinc sulfate, unspecified form",APLP2,ligand
"Zinc sulfate, unspecified form",APOA1,inducer;ligand
"Zinc sulfate, unspecified form",APOB,ligand
"Zinc sulfate, unspecified form",APOBEC1,cofactor;chelator
"Zinc sulfate, unspecified form",APOBR,inducer
"Zinc sulfate, unspecified form",APOE,antagonist
"Zinc sulfate, unspecified form",APOL1,inhibitor
"Zinc sulfate, unspecified form",APP,ligand
"Zinc sulfate, unspecified form",ASPA,cofactor
"Zinc sulfate, unspecified form",BDKRB1,agonist
"Zinc sulfate, unspecified form",BRCC3,cofactor
"Zinc sulfate, unspecified form",C1QB,modulator
"Zinc sulfate, unspecified form",C1QC,modulator
"Zinc sulfate, unspecified form",C1R,modulator
"Zinc sulfate, unspecified form",C1S,modulator
"Zinc sulfate, unspecified form",C3,inhibitor;ligand
"Zinc sulfate, unspecified form",C4B,modulator
"Zinc sulfate, unspecified form",C4BPA,modulator
"Zinc sulfate, unspecified form",C4BPB,modulator
"Zinc sulfate, unspecified form",C5,ligand
"Zinc sulfate, unspecified form",CCS,cofactor
"Zinc sulfate, unspecified form",CFH,ligand
"Zinc sulfate, unspecified form",CLU,inducer
"Zinc sulfate, unspecified form",CP,ligand
"Zinc sulfate, unspecified form",CPN1,cofactor
"Zinc sulfate, unspecified form",CPN2,cofactor
"Zinc sulfate, unspecified form",DCD,stabilization
"Zinc sulfate, unspecified form",EEF1A1,binder
"Zinc sulfate, unspecified form",ENO1,binder
"Zinc sulfate, unspecified form",ESR1,binder
"Zinc sulfate, unspecified form",F11,activator
"Zinc sulfate, unspecified form",FGA,binder
"Zinc sulfate, unspecified form",FN1,modulator;ligand
"Zinc sulfate, unspecified form",GAPDHS,binder
"Zinc sulfate, unspecified form",GLRA1,inhibitor
"Zinc sulfate, unspecified form",HBA1,inducer
"Zinc sulfate, unspecified form",HBB,inducer
"Zinc sulfate, unspecified form",HDAC1,cofactor
"Zinc sulfate, unspecified form",HDAC4,cofactor
"Zinc sulfate, unspecified form",HDAC8,cofactor
"Zinc sulfate, unspecified form",HP,binder
"Zinc sulfate, unspecified form",HPX,ligand
"Zinc sulfate, unspecified form",HRG,cofactor
"Zinc sulfate, unspecified form",IGFALS,inducer
"Zinc sulfate, unspecified form",IL3,binder
"Zinc sulfate, unspecified form",INS,stabilization
"Zinc sulfate, unspecified form",ITIH1,binder
"Zinc sulfate, unspecified form",ITIH2,binder
"Zinc sulfate, unspecified form",ITIH3,binder
"Zinc sulfate, unspecified form",ITIH4,binder
"Zinc sulfate, unspecified form",JCHAIN,component of
"Zinc sulfate, unspecified form",KLKB1,inhibitor
"Zinc sulfate, unspecified form",KNG1,cofactor
"Zinc sulfate, unspecified form",KRT9,ligand
"Zinc sulfate, unspecified form",MDM2,binder
"Zinc sulfate, unspecified form",MGMT,stabilization
"Zinc sulfate, unspecified form",MMP9,binder
"Zinc sulfate, unspecified form",MPG,cofactor
"Zinc sulfate, unspecified form",MT1A,binder
"Zinc sulfate, unspecified form",MT2A,cofactor
"Zinc sulfate, unspecified form",MT3,cofactor
"Zinc sulfate, unspecified form",NME1,inhibitor
"Zinc sulfate, unspecified form",ORM2,binder
"Zinc sulfate, unspecified form",P4HB,binder
"Zinc sulfate, unspecified form",PARP1,component of
"Zinc sulfate, unspecified form",PDIA3,binder
"Zinc sulfate, unspecified form",PGLYRP2,binder
"Zinc sulfate, unspecified form",PON1,inducer
"Zinc sulfate, unspecified form",PRDX1,binder
"Zinc sulfate, unspecified form",PSPH,binder
"Zinc sulfate, unspecified form",PZP,binder
"Zinc sulfate, unspecified form",S100A2,inactivator;regulator
"Zinc sulfate, unspecified form",S100A7,binder
"Zinc sulfate, unspecified form",S100A8,regulator
"Zinc sulfate, unspecified form",S100A9,regulator
"Zinc sulfate, unspecified form",SELENOP,binder
"Zinc sulfate, unspecified form",SEMG1,cofactor
"Zinc sulfate, unspecified form",SEMG2,cofactor
"Zinc sulfate, unspecified form",SERPINA1,ligand
"Zinc sulfate, unspecified form",SERPINA3,binder
"Zinc sulfate, unspecified form",SERPINA6,modulator
"Zinc sulfate, unspecified form",SERPIND1,agonist
"Zinc sulfate, unspecified form",SHBG,modulator
"Zinc sulfate, unspecified form",SIVA1,binder
"Zinc sulfate, unspecified form",SOD1,cofactor
"Zinc sulfate, unspecified form",TF,ligand
"Zinc sulfate, unspecified form",TP53,chaperone
"Zinc sulfate, unspecified form",TP73,chaperone
"Zinc sulfate, unspecified form",TPI1,binder
"Zinc sulfate, unspecified form",TTR,inducer
"Zinc sulfate, unspecified form",TUFM,cofactor
"Zinc sulfate, unspecified form",UTRN,cofactor
"Zinc sulfate, unspecified form",VTN,inducer
Zinc trihydroxide,GSTM1,unknown
Zindoxifene,ESR1,modulator
Ziprasidone,ADRA1A,antagonist
Ziprasidone,ADRA1B,antagonist
Ziprasidone,ADRA2A,antagonist
Ziprasidone,ADRA2B,antagonist
Ziprasidone,ADRA2C,antagonist
Ziprasidone,CHRM1,antagonist
Ziprasidone,CHRM2,antagonist
Ziprasidone,CHRM3,antagonist
Ziprasidone,CHRM4,antagonist
Ziprasidone,CHRM5,antagonist
Ziprasidone,CHRNA7,binder
Ziprasidone,DRD1,antagonist
Ziprasidone,DRD2,antagonist
Ziprasidone,DRD3,antagonist
Ziprasidone,DRD4,antagonist
Ziprasidone,DRD5,antagonist
Ziprasidone,HRH1,antagonist
Ziprasidone,HTR1A,agonist
Ziprasidone,HTR1B,antagonist
Ziprasidone,HTR1D,antagonist
Ziprasidone,HTR1E,antagonist
Ziprasidone,HTR2A,antagonist
Ziprasidone,HTR2C,antagonist
Ziprasidone,HTR3E,antagonist
Ziprasidone,HTR5A,antagonist
Ziprasidone,HTR6,antagonist
Ziprasidone,HTR7,antagonist
Zk-806450,PRSS1,unknown
Zofenopril,ACE,inhibitor
Zofenoprilat,LAP3,unknown
Zolasartan,AGTR1,agonist
Zoledronic acid,FDPS,inhibitor
Zoledronic acid,GGPS1,inhibitor
Zoligratinib,FGFR1,inhibitor
Zoligratinib,FGFR2,inhibitor
Zoligratinib,FGFR3,inhibitor
Zolmitriptan,HTR1A,agonist
Zolmitriptan,HTR1B,agonist
Zolmitriptan,HTR1D,agonist
Zolmitriptan,HTR1E,agonist
Zolmitriptan,HTR1F,agonist
Zolmitriptan,HTR2A,agonist
Zolmitriptan,HTR2B,agonist
Zolmitriptan,HTR7,agonist
Zolpidem,GABRA1,agonist
Zolpidem,GABRA2,agonist
Zolpidem,GABRA3,agonist
Zolpidem,GABRG2,agonist
Zolpidem,GABRG3,allosteric modulator
Zomepirac,PTGDR2,unknown
Zomepirac,PTGS1,modulator
Zomepirac,PTGS2,modulator
Zonampanel anhydrous,GRIA1,inhibitor
Zongertinib,ERBB2,inhibitor
Zonisamide,CA1,inhibitor
Zonisamide,CA10,inhibitor
Zonisamide,CA11,inhibitor
Zonisamide,CA12,inhibitor
Zonisamide,CA13,inhibitor
Zonisamide,CA14,inhibitor
Zonisamide,CA2,inhibitor
Zonisamide,CA3,inhibitor
Zonisamide,CA4,inhibitor
Zonisamide,CA5A,inhibitor
Zonisamide,CA5B,inhibitor
Zonisamide,CA6,inhibitor
Zonisamide,CA7,inhibitor
Zonisamide,CA8,inhibitor
Zonisamide,CA9,inhibitor
Zonisamide,CACNA1G,inhibitor
Zonisamide,CACNA1H,inhibitor
Zonisamide,CACNA1I,inhibitor
Zonisamide,GABRG3,binder
Zonisamide,MAOA,inhibitor
Zonisamide,MAOB,inhibitor
Zonisamide,SCN11A,inhibitor
Zonisamide,SCN1A,inhibitor
Zonisamide,SCN1B,inhibitor
Zonisamide,SCN2A,inhibitor
Zonisamide,SCN2B,inhibitor
Zonisamide,SCN3A,inhibitor
Zonisamide,SCN3B,inhibitor
Zonisamide,SCN4A,inhibitor
Zonisamide,SCN4B,inhibitor
Zonisamide,SCN5A,inhibitor
Zonisamide,SCN9A,inhibitor
Zopiclone,GABRA1,potentiator
Zopiclone,GABRA2,potentiator
Zopiclone,GABRA3,potentiator
Zopiclone,GABRA5,potentiator
Zopiclone,TSPO,agonist
Zopolrestat,AKR1B1,modulator
Zopolrestat,AKR1B10,unknown
Zoptarelin doxorubicin,GNRHR,modulator
Zosuquidar,ABCB1,inhibitor
Zosuquidar,ABCB4,modulator
Zotarolimus,MTOR,modulator
Zotepine,DRD2,antagonist
Zotepine,DRD5,antagonist
Zotepine,HTR2A,antagonist;inhibitor
Zotepine,HTR6,antagonist
Zotepine,HTR7,antagonist
Zotepine,SLC6A2,antagonist
Zotepine,SLC6A4,antagonist
Zotiraciclib,CDK2,modulator
Zotiraciclib,CDK9,inhibitor
Zotiraciclib,FYN,inhibitor
Zotiraciclib,LCK,inhibitor
Zoxazolamine,KCNN2,activator
Zucapsaicin,TRPV1,agonist;activator
Zuclopenthixol,ADRA1A,antagonist
Zuclopenthixol,ADRA2A,antagonist
Zuclopenthixol,DRD1,antagonist
Zuclopenthixol,DRD2,antagonist
Zuclopenthixol,DRD5,antagonist
Zuclopenthixol,HRH1,antagonist
Zuclopenthixol,HTR2A,antagonist
Zunsemetinib,MAPKAPK2,inhibitor
Zuranolone,GABRG3,modulator
Zuranolone,GABRQ,positive allosteric modulator
"[2(R,S)-2-Sulfanylheptanoyl]-Phe-Ala",MME,inhibitor
"[2(R,S)-2-Sulfanylheptanoyl]-Phe-Ala",PARP1,inhibitor
acetylleucyl-leucyl-norleucinal,PSMA7,unknown
alpha-Arbutin,GAA,substrate;regulator
alpha-Conotoxin VC 1.1,CHRNA10,modulator
alpha-D-Fucopyranose,LTF,inhibitor
alpha-D-Xylopyranose,LCT,unknown
alpha-D-glucose 6-phosphate,AKR1B1,inhibitor
alpha-D-glucose 6-phosphate,GPI,unknown
alpha-D-glucose 6-phosphate,HK1,unknown
alpha-D-glucose 6-phosphate,PYGM,inhibitor
alpha-D-glucose-1-phosphate,PYGM,inhibitor
alpha-D-mannose 6-phosphate,IGF2R,unknown
alpha-D-mannose 6-phosphate,M6PR,inhibitor
alpha-D-quinovopyranose,AMY2A,unknown
alpha-Hydroxylinoleic acid,PPARA,agonist
alpha-Hydroxylinoleic acid,PPARD,agonist
alpha-Hydroxylinoleic acid,PPARG,agonist
alpha-Ketoisovalerate,BCAT2,unknown
alpha-L-fucose,IGHG1,unknown
alpha-L-methyl-fucose,MBL2,unknown
alpha-Linolenic acid,ELOVL2,substrate
alpha-Linolenic acid,ELOVL5,substrate
alpha-Linolenic acid,FADS1,ligand
alpha-Linolenic acid,FADS2,ligand
alpha-Linolenic acid,FFAR1,agonist
alpha-Linolenic acid,NR1H4,agonist
alpha-Linolenic acid,PPARA,unknown
alpha-Linolenic acid,PPARD,unknown
alpha-Linolenic acid,PPARG,unknown
alpha-Linolenic acid,PTGS2,inhibitor
alpha-Linolenic acid,RXRA,unknown
alpha-Linolenic acid,SLC8A1,unknown
alpha-Linolenic acid,TRPV1,inhibitor
alpha-Naphthoflavone,CYP19A1,inhibitor
alpha-Naphthoflavone,CYP1A2,unknown
alpha-Naphthoflavone,PRKDC,inhibitor
alpha-Tocopherol succinate,ALOX5,unknown
alpha-Tocopherol succinate,DGKZ,unknown
alpha-Tocopherol succinate,NR1I2,unknown
alpha-Tocopherol succinate,PRKCA,unknown
alpha-Tocopherol succinate,PRKCB,unknown
alpha-Tocopherol succinate,SEC14L2,unknown
alpha-Tocopherol succinate,SEC14L3,unknown
alpha-maltotriose,AMY2B,unknown
beta-2-Thienyl-L-alanine,PAH,unknown
beta-Alanine,SLC6A11,blocker
beta-D-Galactosamine,LGALS7,unknown
beta-D-Ribopyranose,ACE,inhibitor
beta-D-Ribose-5-phosphate,NUDT9,unknown
"beta-D-fructofuranose 1,6-bisphosphate",PKLR,unknown
beta-Hydroxyasparagine,MASP2,unknown
beta-L-fucose,ACHE,inhibitor
beta-Naphthoflavone,AHR,agonist
beta-Naphthoflavone,CYP1B1,unknown
beta-Naphthoflavone,ESR1,unknown
beta-Naphthoflavone,ESRRA,unknown
beta-Naphthoflavone,NR2F1,unknown
cis-Vaccenic acid,PPARD,inhibitor
cis-tetracosenoyl sulfatide,CD1D,unknown
dATP,P2RY11,agonist
dATP,POLB,unknown
gamma-Aminobutyric acid,GABBR1,inhibitor
gamma-Aminobutyric acid,GABBR2,inhibitor
gamma-Aminobutyric acid,GABRA1,inhibitor
gamma-Aminobutyric acid,GABRA2,inhibitor
gamma-Aminobutyric acid,GABRA3,inhibitor
gamma-Aminobutyric acid,GABRA5,inhibitor
gamma-Aminobutyric acid,GABRB2,inhibitor
gamma-Aminobutyric acid,GABRG2,inhibitor
gamma-Aminobutyric acid,GATM,unknown
gamma-Aminobutyric acid,ITGA4,binder
gamma-Aminobutyric acid,SLC6A1,inhibitor
gamma-Aminobutyric acid,SLC6A11,inhibitor
gamma-Glutamylcysteine,GSS,unknown
gamma-Hydroxybutyric acid,GABBR1,modulator
gamma-Hydroxybutyric acid,GABBR2,modulator
gamma-Hydroxybutyric acid,SLC52A2,agonist
gamma-carboxy-L-glutamic acid,BGLAP,unknown
gamma-carboxy-L-glutamic acid,F10,inhibitor
gamma-carboxy-L-glutamic acid,F2,inhibitor
gamma-carboxy-L-glutamic acid,F9,inhibitor
ginkgolide-C,GLRA1,inhibitor
ginkgolide-C,GLRA2,inhibitor
ginkgolide-C,GLRA3,inhibitor
ginkgolide-C,GLRB,inhibitor
ginkgolide-J,GLRA1,inhibitor
ginkgolide-J,GLRA2,inhibitor
ginkgolide-J,GLRA3,inhibitor
ginkgolide-J,GLRB,inhibitor
ginkgolide-M,GLRA1,inhibitor
ginkgolide-M,GLRA2,inhibitor
ginkgolide-M,GLRA3,inhibitor
ginkgolide-M,GLRB,inhibitor
iCo-007,RAF1,unknown
indane-5-sulfonamide,CA1,inhibitor
indane-5-sulfonamide,CA12,inhibitor
indane-5-sulfonamide,CA14,inhibitor
indane-5-sulfonamide,CA2,inhibitor
m-Chlorophenylpiperazine,HTR1D,antagonist
m-Chlorophenylpiperazine,HTR1E,agonist
m-Chlorophenylpiperazine,HTR2A,agonist
m-Chlorophenylpiperazine,HTR2B,agonist
m-Chlorophenylpiperazine,HTR2C,agonist
m-Chlorophenylpiperazine,HTR6,agonist
m-Chlorophenylpiperazine,HTR7,agonist
m-Hydroxyhippuric acid,KYNU,unknown
methyl L-phenylalaninate,F2,inhibitor
nor-NOHA,ARG1,unknown
nor-NOHA,ARG2,inhibitor
p-Aminophenol,CA14,inhibitor
p-Benzoyl-L-phenylalanine,PTPN1,inhibitor
p-Benzoyl-L-phenylalanine,YARS1,unknown
p-Coumaric acid,CA1,inhibitor
p-Coumaric acid,CA12,inhibitor
p-Coumaric acid,CA14,inhibitor
p-Coumaric acid,CA2,inhibitor
p-Coumaric acid,CA4,inhibitor
p-Coumaric acid,CA6,inhibitor
p-Coumaric acid,CA9,inhibitor
p-Coumaric acid,PTGR1,unknown
p-Cumylphenol,ESRRG,unknown
p-Hydroxymercuribenzoic acid,CA2,inhibitor
p-Toluenesulfonamide,CA12,inhibitor
p-Toluenesulfonamide,CA2,inhibitor
p-Toluenesulfonamide,CA6,inhibitor
p-Toluenesulfonamide,CA9,inhibitor
p-Toluenesulfonic acid,CTSH,unknown
p-Toluenesulfonic acid,LYZ,unknown
scyllo-inositol,CDIPT,inhibitor
scyllo-inositol,GBA1,unknown
selonabant,CNR1,antagonist
sn-glycero-3-phosphoethanolamine,ANXA5,unknown
sn-glycerol 3-phosphate,ALDOB,unknown
sn-glycerol 3-phosphate,PFKFB1,unknown
tert-butanol,CALM1,inhibitor
tert-butanol,CALM2,inhibitor
tert-butanol,CALM3,inhibitor
tert-butanol,METAP2,inhibitor
tert-butanol,RNASE1,unknown
tert-butanol,TPI1,unknown
trans-2-hydroxycinnamic acid,CA1,inhibitor
trans-2-hydroxycinnamic acid,CA2,inhibitor
